2026-02-20 14:02:28 | INFO | FRONTEND_EVENT | event=recording_started | activity=shuttle_run | age_group=6-9 | name=Aryan | details=duration=15
2026-02-20 14:02:34 | INFO | FRONTEND_EVENT | event=recording_stopped_manual | activity=shuttle_run | age_group=6-9 | name=Aryan | details=user_clicked_stop
2026-02-20 14:02:34 | INFO | FRONTEND_EVENT | event=recording_finalized | activity=shuttle_run | age_group=6-9 | name=Aryan | details=video_ready
2026-02-20 14:05:43 | INFO | FRONTEND_EVENT | event=recording_started | activity=shuttle_run | age_group=6-9 | name=Aryan | details=duration=15
2026-02-20 14:05:50 | INFO | FRONTEND_EVENT | event=recording_stopped_manual | activity=shuttle_run | age_group=6-9 | name=Aryan | details=user_clicked_stop
2026-02-20 14:05:50 | INFO | FRONTEND_EVENT | event=recording_finalized | activity=shuttle_run | age_group=6-9 | name=Aryan | details=video_ready
2026-02-20 14:09:03 | INFO | FRONTEND_EVENT | event=recording_started | activity=shuttle_run | age_group=6-9 | name=Aryan | details=duration=15
2026-02-20 14:09:06 | INFO | FRONTEND_EVENT | event=recording_stopped_manual | activity=shuttle_run | age_group=6-9 | name=Aryan | details=user_clicked_stop
2026-02-20 14:09:06 | INFO | FRONTEND_EVENT | event=recording_finalized | activity=shuttle_run | age_group=6-9 | name=Aryan | details=video_ready
2026-02-20 14:09:25 | INFO | FRONTEND_EVENT | event=recording_retry | activity=shuttle_run | age_group=6-9 | name=Aryan | details=user_clicked_retry
2026-02-20 14:09:29 | INFO | FRONTEND_EVENT | event=recording_started | activity=shuttle_run | age_group=6-9 | name=Aryan | details=duration=15
2026-02-20 14:09:33 | INFO | FRONTEND_EVENT | event=recording_stopped_manual | activity=shuttle_run | age_group=6-9 | name=Aryan | details=user_clicked_stop
2026-02-20 14:09:33 | INFO | FRONTEND_EVENT | event=recording_finalized | activity=shuttle_run | age_group=6-9 | name=Aryan | details=video_ready
2026-02-20 14:09:47 | INFO | FRONTEND_EVENT | event=recording_started | activity=shuttle_run | age_group=6-9 | name=Aryan | details=duration=15
2026-02-20 14:09:53 | INFO | FRONTEND_EVENT | event=recording_stopped_manual | activity=shuttle_run | age_group=6-9 | name=Aryan | details=user_clicked_stop
2026-02-20 14:09:53 | INFO | FRONTEND_EVENT | event=recording_finalized | activity=shuttle_run | age_group=6-9 | name=Aryan | details=video_ready
2026-02-20 14:10:00 | INFO | FRONTEND_EVENT | event=upload_started | activity=shuttle_run | age_group=6-9 | name=Aryan | details=video_submit
2026-02-20 14:10:01 | INFO | REQUEST_START | activity=shuttle_run | age_group=6-9 | age=8 | name=Aryan
2026-02-20 14:10:01 | INFO | VIDEO_SAVED | activity=shuttle_run | video_path=common_backend\uploads\6-9\shuttle_run\20260220_084001_Aryan_252944a0.webm
2026-02-20 14:10:05 | ERROR | REQUEST_FATAL_ERROR | activity=shuttle_run | age_group=6-9 | age=8 | name=Aryan | error=No module named 'mediapipe'
Traceback (most recent call last):
  File "D:\NayanDC\Physical_projects\common_backend\app.py", line 188, in _analyze_internal
    result = score_activity_video(
  File "D:\NayanDC\Physical_projects\common_backend\scoring.py", line 133, in score_activity_video
    calculation = calculator(
  File "D:\NayanDC\Physical_projects\shuttle_run\common_calculation.py", line 25, in calculate_shuttle_run
    raw = run_shuttle_run(
  File "D:\NayanDC\Physical_projects\shuttle_run\runtime.py", line 154, in run_shuttle_run
    return run_common(
  File "D:\NayanDC\Physical_projects\shuttle_run\runtime.py", line 134, in run_common
    return run_primary(
  File "D:\NayanDC\Physical_projects\shuttle_run\runtime.py", line 86, in run_primary
    fn = get_activity_function(age_group, PRIMARY_FUNCTION)
  File "D:\NayanDC\Physical_projects\shuttle_run\runtime.py", line 69, in get_activity_function
    namespace = _load_namespace(age_group)
  File "D:\NayanDC\Physical_projects\shuttle_run\runtime.py", line 64, in _load_namespace
    exec(compile(module_ast, str(source_file), "exec"), namespace, namespace)
  File "D:\NayanDC\Physical_projects\ages_6-9\shuttle_run\shuttle_run.ipynb", line 4, in <module>
    "cell_type": "code",
ModuleNotFoundError: No module named 'mediapipe'
2026-02-20 14:10:05 | INFO | FRONTEND_EVENT | event=upload_error | activity=shuttle_run | age_group=6-9 | name=Aryan | details=Failed to analyze video: No module named 'mediapipe'
2026-02-20 14:10:14 | INFO | FRONTEND_EVENT | event=upload_started | activity=shuttle_run | age_group=6-9 | name=Aryan | details=video_submit
2026-02-20 14:10:14 | INFO | REQUEST_START | activity=shuttle_run | age_group=6-9 | age=8 | name=Aryan
2026-02-20 14:10:14 | INFO | VIDEO_SAVED | activity=shuttle_run | video_path=common_backend\uploads\6-9\shuttle_run\20260220_084014_Aryan_1e4756ac.webm
2026-02-20 14:10:14 | ERROR | REQUEST_FATAL_ERROR | activity=shuttle_run | age_group=6-9 | age=8 | name=Aryan | error=No module named 'mediapipe'
Traceback (most recent call last):
  File "D:\NayanDC\Physical_projects\common_backend\app.py", line 188, in _analyze_internal
    result = score_activity_video(
  File "D:\NayanDC\Physical_projects\common_backend\scoring.py", line 133, in score_activity_video
    calculation = calculator(
  File "D:\NayanDC\Physical_projects\shuttle_run\common_calculation.py", line 25, in calculate_shuttle_run
    raw = run_shuttle_run(
  File "D:\NayanDC\Physical_projects\shuttle_run\runtime.py", line 154, in run_shuttle_run
    return run_common(
  File "D:\NayanDC\Physical_projects\shuttle_run\runtime.py", line 134, in run_common
    return run_primary(
  File "D:\NayanDC\Physical_projects\shuttle_run\runtime.py", line 86, in run_primary
    fn = get_activity_function(age_group, PRIMARY_FUNCTION)
  File "D:\NayanDC\Physical_projects\shuttle_run\runtime.py", line 69, in get_activity_function
    namespace = _load_namespace(age_group)
  File "D:\NayanDC\Physical_projects\shuttle_run\runtime.py", line 64, in _load_namespace
    exec(compile(module_ast, str(source_file), "exec"), namespace, namespace)
  File "D:\NayanDC\Physical_projects\ages_6-9\shuttle_run\shuttle_run.ipynb", line 4, in <module>
    "cell_type": "code",
ModuleNotFoundError: No module named 'mediapipe'
2026-02-20 14:10:14 | INFO | FRONTEND_EVENT | event=upload_error | activity=shuttle_run | age_group=6-9 | name=Aryan | details=Failed to analyze video: No module named 'mediapipe'
2026-02-20 14:14:07 | INFO | FRONTEND_EVENT | event=recording_started | activity=shuttle_run | age_group=6-9 | name=Aryan | details=duration=15
2026-02-20 14:14:17 | INFO | FRONTEND_EVENT | event=recording_stopped_manual | activity=shuttle_run | age_group=6-9 | name=Aryan | details=user_clicked_stop
2026-02-20 14:14:17 | INFO | FRONTEND_EVENT | event=recording_finalized | activity=shuttle_run | age_group=6-9 | name=Aryan | details=video_ready
2026-02-20 14:14:25 | INFO | FRONTEND_EVENT | event=upload_started | activity=shuttle_run | age_group=6-9 | name=Aryan | details=video_submit
2026-02-20 14:14:25 | INFO | REQUEST_START | activity=shuttle_run | age_group=6-9 | age=6 | name=Aryan
2026-02-20 14:14:25 | INFO | VIDEO_SAVED | activity=shuttle_run | video_path=common_backend\uploads\6-9\shuttle_run\20260220_084425_Aryan_215653d1.webm
2026-02-20 14:14:28 | ERROR | REQUEST_FATAL_ERROR | activity=shuttle_run | age_group=6-9 | age=6 | name=Aryan | error=No module named 'scipy'
Traceback (most recent call last):
  File "D:\NayanDC\Physical_projects\common_backend\app.py", line 188, in _analyze_internal
    result = score_activity_video(
  File "D:\NayanDC\Physical_projects\common_backend\scoring.py", line 133, in score_activity_video
    calculation = calculator(
  File "D:\NayanDC\Physical_projects\shuttle_run\common_calculation.py", line 25, in calculate_shuttle_run
    raw = run_shuttle_run(
  File "D:\NayanDC\Physical_projects\shuttle_run\runtime.py", line 154, in run_shuttle_run
    return run_common(
  File "D:\NayanDC\Physical_projects\shuttle_run\runtime.py", line 134, in run_common
    return run_primary(
  File "D:\NayanDC\Physical_projects\shuttle_run\runtime.py", line 86, in run_primary
    fn = get_activity_function(age_group, PRIMARY_FUNCTION)
  File "D:\NayanDC\Physical_projects\shuttle_run\runtime.py", line 69, in get_activity_function
    namespace = _load_namespace(age_group)
  File "D:\NayanDC\Physical_projects\shuttle_run\runtime.py", line 64, in _load_namespace
    exec(compile(module_ast, str(source_file), "exec"), namespace, namespace)
  File "D:\NayanDC\Physical_projects\ages_6-9\shuttle_run\shuttle_run.ipynb", line 8, in <module>
    "outputs": [],
ModuleNotFoundError: No module named 'scipy'
2026-02-20 14:14:28 | INFO | FRONTEND_EVENT | event=upload_error | activity=shuttle_run | age_group=6-9 | name=Aryan | details=Failed to analyze video: No module named 'scipy'
2026-02-20 14:24:53 | INFO | REQUEST_START | activity=shuttle_run | age_group=6-9 | age=8 | name=aryan
2026-02-20 14:24:54 | INFO | VIDEO_SAVED | activity=shuttle_run | video_path=common_backend\uploads\6-9\shuttle_run\20260220_085453_aryan_27f274a8.mp4
2026-02-20 14:25:14 | ERROR | REQUEST_FATAL_ERROR | activity=shuttle_run | age_group=6-9 | age=8 | name=aryan | error=No module named 'ultralytics'
Traceback (most recent call last):
  File "D:\NayanDC\Physical_projects\common_backend\app.py", line 188, in _analyze_internal
    result = score_activity_video(
  File "D:\NayanDC\Physical_projects\common_backend\scoring.py", line 133, in score_activity_video
    calculation = calculator(
  File "D:\NayanDC\Physical_projects\shuttle_run\common_calculation.py", line 25, in calculate_shuttle_run
    raw = run_shuttle_run(
  File "D:\NayanDC\Physical_projects\shuttle_run\runtime.py", line 154, in run_shuttle_run
    return run_common(
  File "D:\NayanDC\Physical_projects\shuttle_run\runtime.py", line 134, in run_common
    return run_primary(
  File "D:\NayanDC\Physical_projects\shuttle_run\runtime.py", line 86, in run_primary
    fn = get_activity_function(age_group, PRIMARY_FUNCTION)
  File "D:\NayanDC\Physical_projects\shuttle_run\runtime.py", line 69, in get_activity_function
    namespace = _load_namespace(age_group)
  File "D:\NayanDC\Physical_projects\shuttle_run\runtime.py", line 64, in _load_namespace
    exec(compile(module_ast, str(source_file), "exec"), namespace, namespace)
  File "D:\NayanDC\Physical_projects\ages_6-9\shuttle_run\shuttle_run.ipynb", line 12, in <module>
    },
ModuleNotFoundError: No module named 'ultralytics'
2026-02-20 14:32:45 | INFO | REQUEST_START | activity=shuttle_run | age_group=6-9 | age=8 | name=Aryan
2026-02-20 14:32:46 | INFO | VIDEO_SAVED | activity=shuttle_run | video_path=common_backend\uploads\6-9\shuttle_run\20260220_090245_Aryan_ce38d61f.mp4
2026-02-20 14:33:02 | ERROR | REQUEST_FATAL_ERROR | activity=shuttle_run | age_group=6-9 | age=8 | name=Aryan | error=No module named 'IPython'
Traceback (most recent call last):
  File "D:\NayanDC\Physical_projects\common_backend\app.py", line 188, in _analyze_internal
    result = score_activity_video(
  File "D:\NayanDC\Physical_projects\common_backend\scoring.py", line 133, in score_activity_video
    calculation = calculator(
  File "D:\NayanDC\Physical_projects\shuttle_run\common_calculation.py", line 25, in calculate_shuttle_run
    raw = run_shuttle_run(
  File "D:\NayanDC\Physical_projects\shuttle_run\runtime.py", line 154, in run_shuttle_run
    return run_common(
  File "D:\NayanDC\Physical_projects\shuttle_run\runtime.py", line 134, in run_common
    return run_primary(
  File "D:\NayanDC\Physical_projects\shuttle_run\runtime.py", line 86, in run_primary
    fn = get_activity_function(age_group, PRIMARY_FUNCTION)
  File "D:\NayanDC\Physical_projects\shuttle_run\runtime.py", line 69, in get_activity_function
    namespace = _load_namespace(age_group)
  File "D:\NayanDC\Physical_projects\shuttle_run\runtime.py", line 64, in _load_namespace
    exec(compile(module_ast, str(source_file), "exec"), namespace, namespace)
  File "D:\NayanDC\Physical_projects\ages_6-9\shuttle_run\shuttle_run.ipynb", line 13, in <module>
    {
ModuleNotFoundError: No module named 'IPython'
2026-02-20 14:34:38 | INFO | REQUEST_START | activity=shuttle_run | age_group=6-9 | age=8 | name=Aryan
2026-02-20 14:34:39 | INFO | VIDEO_SAVED | activity=shuttle_run | video_path=common_backend\uploads\6-9\shuttle_run\20260220_090438_Aryan_fdc9fe1e.mp4
2026-02-20 14:34:42 | ERROR | REQUEST_FATAL_ERROR | activity=shuttle_run | age_group=6-9 | age=8 | name=Aryan | error=module 'mediapipe' has no attribute 'solutions'
Traceback (most recent call last):
  File "D:\NayanDC\Physical_projects\common_backend\app.py", line 188, in _analyze_internal
    result = score_activity_video(
  File "D:\NayanDC\Physical_projects\common_backend\scoring.py", line 133, in score_activity_video
    calculation = calculator(
  File "D:\NayanDC\Physical_projects\shuttle_run\common_calculation.py", line 25, in calculate_shuttle_run
    raw = run_shuttle_run(
  File "D:\NayanDC\Physical_projects\shuttle_run\runtime.py", line 154, in run_shuttle_run
    return run_common(
  File "D:\NayanDC\Physical_projects\shuttle_run\runtime.py", line 134, in run_common
    return run_primary(
  File "D:\NayanDC\Physical_projects\shuttle_run\runtime.py", line 86, in run_primary
    fn = get_activity_function(age_group, PRIMARY_FUNCTION)
  File "D:\NayanDC\Physical_projects\shuttle_run\runtime.py", line 69, in get_activity_function
    namespace = _load_namespace(age_group)
  File "D:\NayanDC\Physical_projects\shuttle_run\runtime.py", line 64, in _load_namespace
    exec(compile(module_ast, str(source_file), "exec"), namespace, namespace)
  File "D:\NayanDC\Physical_projects\ages_6-9\shuttle_run\shuttle_run.ipynb", line 26, in <module>
    "from scipy.signal import find_peaks\n",
AttributeError: module 'mediapipe' has no attribute 'solutions'
2026-02-20 14:36:45 | INFO | REQUEST_START | activity=shuttle_run | age_group=6-9 | age=8 | name=Aryan
2026-02-20 14:36:45 | INFO | VIDEO_SAVED | activity=shuttle_run | video_path=common_backend\uploads\6-9\shuttle_run\20260220_090645_Aryan_b17afdc5.mp4
2026-02-20 14:36:57 | ERROR | REQUEST_HTTP_ERROR | activity=shuttle_run | age_group=6-9 | age=8 | name=Aryan
Traceback (most recent call last):
  File "D:\NayanDC\Physical_projects\common_backend\app.py", line 188, in _analyze_internal
    result = score_activity_video(
  File "D:\NayanDC\Physical_projects\common_backend\scoring.py", line 133, in score_activity_video
    calculation = calculator(
  File "D:\NayanDC\Physical_projects\shuttle_run\common_calculation.py", line 25, in calculate_shuttle_run
    raw = run_shuttle_run(
  File "D:\NayanDC\Physical_projects\shuttle_run\runtime.py", line 154, in run_shuttle_run
    return run_common(
  File "D:\NayanDC\Physical_projects\shuttle_run\runtime.py", line 134, in run_common
    return run_primary(
  File "D:\NayanDC\Physical_projects\shuttle_run\runtime.py", line 86, in run_primary
    fn = get_activity_function(age_group, PRIMARY_FUNCTION)
  File "D:\NayanDC\Physical_projects\shuttle_run\runtime.py", line 69, in get_activity_function
    namespace = _load_namespace(age_group)
  File "D:\NayanDC\Physical_projects\shuttle_run\runtime.py", line 64, in _load_namespace
    exec(compile(module_ast, str(source_file), "exec"), namespace, namespace)
  File "D:\NayanDC\Physical_projects\ages_6-9\shuttle_run\shuttle_run.ipynb", line 518, in <module>
    "    # state = \"right\"\n",
  File "D:\NayanDC\Physical_projects\ages_6-9\shuttle_run\shuttle_run.ipynb", line 350, in shuttle_run
    "        if lap_time_score >= 3:\n",
  File "D:\NayanDC\Physical_projects\ages_6-9\shuttle_run\shuttle_run.ipynb", line 314, in threshold_line
    "    elif sway < 0.05:\n",
ValueError: cannot convert float NaN to integer

The above exception was the direct cause of the following exception:

Traceback (most recent call last):
  File "D:\NayanDC\Physical_projects\common_backend\app.py", line 199, in _analyze_internal
    raise HTTPException(status_code=400, detail=str(exc)) from exc
fastapi.exceptions.HTTPException: 400: cannot convert float NaN to integer
2026-02-20 14:37:17 | INFO | REQUEST_START | activity=shuttle_run | age_group=6-9 | age=8 | name=Aryan
2026-02-20 14:37:17 | INFO | VIDEO_SAVED | activity=shuttle_run | video_path=common_backend\uploads\6-9\shuttle_run\20260220_090717_Aryan_5077dfeb.mp4
2026-02-20 14:37:18 | ERROR | REQUEST_HTTP_ERROR | activity=shuttle_run | age_group=6-9 | age=8 | name=Aryan
Traceback (most recent call last):
  File "D:\NayanDC\Physical_projects\common_backend\app.py", line 188, in _analyze_internal
    result = score_activity_video(
  File "D:\NayanDC\Physical_projects\common_backend\scoring.py", line 133, in score_activity_video
    calculation = calculator(
  File "D:\NayanDC\Physical_projects\shuttle_run\common_calculation.py", line 25, in calculate_shuttle_run
    raw = run_shuttle_run(
  File "D:\NayanDC\Physical_projects\shuttle_run\runtime.py", line 154, in run_shuttle_run
    return run_common(
  File "D:\NayanDC\Physical_projects\shuttle_run\runtime.py", line 134, in run_common
    return run_primary(
  File "D:\NayanDC\Physical_projects\shuttle_run\runtime.py", line 86, in run_primary
    fn = get_activity_function(age_group, PRIMARY_FUNCTION)
  File "D:\NayanDC\Physical_projects\shuttle_run\runtime.py", line 69, in get_activity_function
    namespace = _load_namespace(age_group)
  File "D:\NayanDC\Physical_projects\shuttle_run\runtime.py", line 64, in _load_namespace
    exec(compile(module_ast, str(source_file), "exec"), namespace, namespace)
  File "D:\NayanDC\Physical_projects\ages_6-9\shuttle_run\shuttle_run.ipynb", line 518, in <module>
    "    # state = \"right\"\n",
  File "D:\NayanDC\Physical_projects\ages_6-9\shuttle_run\shuttle_run.ipynb", line 350, in shuttle_run
    "        if lap_time_score >= 3:\n",
  File "D:\NayanDC\Physical_projects\ages_6-9\shuttle_run\shuttle_run.ipynb", line 314, in threshold_line
    "    elif sway < 0.05:\n",
ValueError: cannot convert float NaN to integer

The above exception was the direct cause of the following exception:

Traceback (most recent call last):
  File "D:\NayanDC\Physical_projects\common_backend\app.py", line 199, in _analyze_internal
    raise HTTPException(status_code=400, detail=str(exc)) from exc
fastapi.exceptions.HTTPException: 400: cannot convert float NaN to integer
2026-02-20 14:40:52 | INFO | REQUEST_START | activity=shuttle_run | age_group=6-9 | age=8 | name=AAAAAaa
2026-02-20 14:40:53 | INFO | VIDEO_SAVED | activity=shuttle_run | video_path=common_backend\uploads\6-9\shuttle_run\20260220_091052_AAAAAaa_d61404a5.mp4
2026-02-20 14:41:26 | ERROR | REQUEST_HTTP_ERROR | activity=shuttle_run | age_group=6-9 | age=8 | name=AAAAAaa
Traceback (most recent call last):
  File "D:\NayanDC\Physical_projects\common_backend\app.py", line 188, in _analyze_internal
    result = score_activity_video(
  File "D:\NayanDC\Physical_projects\common_backend\scoring.py", line 133, in score_activity_video
    calculation = calculator(
  File "D:\NayanDC\Physical_projects\shuttle_run\common_calculation.py", line 25, in calculate_shuttle_run
    raw = run_shuttle_run(
  File "D:\NayanDC\Physical_projects\shuttle_run\runtime.py", line 173, in run_shuttle_run
    return run_common(
  File "D:\NayanDC\Physical_projects\shuttle_run\runtime.py", line 153, in run_common
    return run_primary(
  File "D:\NayanDC\Physical_projects\shuttle_run\runtime.py", line 105, in run_primary
    fn = get_activity_function(age_group, PRIMARY_FUNCTION)
  File "D:\NayanDC\Physical_projects\shuttle_run\runtime.py", line 88, in get_activity_function
    namespace = _load_namespace(age_group)
  File "D:\NayanDC\Physical_projects\shuttle_run\runtime.py", line 83, in _load_namespace
    exec(compile(module_ast, str(source_file), "exec"), namespace, namespace)
  File "D:\NayanDC\Physical_projects\ages_6-9\shuttle_run\shuttle_run.ipynb", line 518, in <module>
    "    # state = \"right\"\n",
  File "D:\NayanDC\Physical_projects\ages_6-9\shuttle_run\shuttle_run.ipynb", line 350, in shuttle_run
    "        if lap_time_score >= 3:\n",
  File "D:\NayanDC\Physical_projects\ages_6-9\shuttle_run\shuttle_run.ipynb", line 314, in threshold_line
    "    elif sway < 0.05:\n",
ValueError: cannot convert float NaN to integer

The above exception was the direct cause of the following exception:

Traceback (most recent call last):
  File "D:\NayanDC\Physical_projects\common_backend\app.py", line 199, in _analyze_internal
    raise HTTPException(status_code=400, detail=str(exc)) from exc
fastapi.exceptions.HTTPException: 400: cannot convert float NaN to integer
2026-02-20 14:48:24 | INFO | REQUEST_START | activity=shuttle_run | age_group=6-9 | age=8 | name=asdfghjkl;
2026-02-20 14:48:24 | INFO | VIDEO_SAVED | activity=shuttle_run | video_path=common_backend\uploads\6-9\shuttle_run\20260220_091824_asdfghjkl;_329306d4.mp4
2026-02-20 14:48:56 | INFO | SCORING_DONE | activity=shuttle_run | candidate_id=DCE6D87ADE | score=14.49 | category=Above Average
2026-02-20 14:48:57 | WARNING | MONGO_SAVE_FAILED | activity=shuttle_run | candidate_id=DCE6D87ADE | error=db already exists with different case already have: [FitQuest_Physical_database] trying to create [FitQuest_physical_database], full error: {'index': 0, 'code': 13297, 'errmsg': 'db already exists with different case already have: [FitQuest_Physical_database] trying to create [FitQuest_physical_database]'}
2026-02-20 14:48:57 | INFO | REQUEST_DONE | activity=shuttle_run | candidate_id=DCE6D87ADE | saved_json=common_backend\results\scores.json
2026-02-20 14:50:47 | INFO | REQUEST_START | activity=shuttle_run | age_group=6-9 | age=8 | name=asdfghjkl;
2026-02-20 14:50:47 | INFO | VIDEO_SAVED | activity=shuttle_run | video_path=common_backend\uploads\6-9\shuttle_run\20260220_092047_asdfghjkl;_359e60bb.mp4
2026-02-20 14:51:26 | INFO | SCORING_DONE | activity=shuttle_run | candidate_id=DC608D5AAD | score=14.49 | category=Above Average
2026-02-20 14:51:26 | WARNING | MONGO_SAVE_FAILED | activity=shuttle_run | candidate_id=DC608D5AAD | error=db already exists with different case already have: [FitQuest_Physical_database] trying to create [FitQuest_physical_database], full error: {'index': 0, 'code': 13297, 'errmsg': 'db already exists with different case already have: [FitQuest_Physical_database] trying to create [FitQuest_physical_database]'}
2026-02-20 14:51:26 | INFO | REQUEST_DONE | activity=shuttle_run | candidate_id=DC608D5AAD | saved_json=common_backend\results\scores.json
2026-02-20 14:55:31 | INFO | REQUEST_START | activity=shuttle_run | age_group=6-9 | age=8 | name=asdfghjkl;
2026-02-20 14:55:31 | INFO | VIDEO_SAVED | activity=shuttle_run | video_path=common_backend\uploads\6-9\shuttle_run\20260220_092531_asdfghjkl;_0e4614ff.mp4
2026-02-20 14:55:31 | INFO | SCORING_PIPELINE_START | activity=shuttle_run | age_group=6-9 | candidate_id=DCAEB542D2
2026-02-20 14:55:31 | INFO | CONE_DETECTION_STAGE_START | activity=shuttle_run | age_group=6-9 | candidate_id=DCAEB542D2
2026-02-20 14:55:31 | INFO | SHUTTLE_RUN_INPUT_READ_START | candidate_id=DCAEB542D2 | age_group=6-9 | video_path=common_backend\uploads\6-9\shuttle_run\20260220_092531_asdfghjkl;_0e4614ff.mp4
2026-02-20 14:55:31 | INFO | SHUTTLE_RUN_INPUT_READ_DONE | candidate_id=DCAEB542D2 | duration=14.66
2026-02-20 14:55:31 | INFO | SHUTTLE_RUN_CONE_DETECTION_EXECUTE | candidate_id=DCAEB542D2 | resolved_group=6-9
2026-02-20 14:56:09 | ERROR | SCORING_PIPELINE_FAIL | activity=shuttle_run | age_group=6-9 | candidate_id=DCAEB542D2 | error=cannot convert float NaN to integer
Traceback (most recent call last):
  File "D:\NayanDC\Physical_projects\common_backend\scoring.py", line 157, in score_activity_video
    calculation = calculator(
  File "D:\NayanDC\Physical_projects\shuttle_run\common_calculation.py", line 44, in calculate_shuttle_run
    raw = run_shuttle_run(
  File "D:\NayanDC\Physical_projects\shuttle_run\runtime.py", line 173, in run_shuttle_run
    return run_common(
  File "D:\NayanDC\Physical_projects\shuttle_run\runtime.py", line 153, in run_common
    return run_primary(
  File "D:\NayanDC\Physical_projects\shuttle_run\runtime.py", line 105, in run_primary
    fn = get_activity_function(age_group, PRIMARY_FUNCTION)
  File "D:\NayanDC\Physical_projects\shuttle_run\runtime.py", line 88, in get_activity_function
    namespace = _load_namespace(age_group)
  File "D:\NayanDC\Physical_projects\shuttle_run\runtime.py", line 83, in _load_namespace
    exec(compile(module_ast, str(source_file), "exec"), namespace, namespace)
  File "D:\NayanDC\Physical_projects\ages_6-9\shuttle_run\shuttle_run.ipynb", line 518, in <module>
    "    # state = \"right\"\n",
  File "D:\NayanDC\Physical_projects\ages_6-9\shuttle_run\shuttle_run.ipynb", line 350, in shuttle_run
    "        if lap_time_score >= 3:\n",
  File "D:\NayanDC\Physical_projects\ages_6-9\shuttle_run\shuttle_run.ipynb", line 314, in threshold_line
    "    elif sway < 0.05:\n",
ValueError: cannot convert float NaN to integer
2026-02-20 14:56:20 | INFO | SCORING_FALLBACK_USED | activity=shuttle_run | duration=14.66 | motion_ratio=0.1346 | score=14.49 | category=Above Average
2026-02-20 14:56:20 | INFO | SCORING_DONE | activity=shuttle_run | candidate_id=DCAEB542D2 | score=14.49 | category=Above Average
2026-02-20 14:56:20 | INFO | MONGO_CONNECT_OK | db=FitQuest_Physical_database | activity=shuttle_run | candidate_id=DCAEB542D2
2026-02-20 14:56:21 | INFO | MONGO_WRITE_OK | collection=users | candidate_id=DCAEB542D2
2026-02-20 14:56:21 | INFO | MONGO_WRITE_OK | collection=children | candidate_id=DCAEB542D2
2026-02-20 14:56:21 | INFO | MONGO_WRITE_OK | collection=shuttle_run_results | candidate_id=DCAEB542D2
2026-02-20 14:56:21 | INFO | MONGO_WRITE_OK | collection=data_storage | candidate_id=DCAEB542D2
2026-02-20 14:56:21 | INFO | MONGO_SAVE_OK | activity=shuttle_run | candidate_id=DCAEB542D2 | collections=users,children,shuttle_run_results,data_storage
2026-02-20 14:56:21 | INFO | REQUEST_DONE | activity=shuttle_run | candidate_id=DCAEB542D2 | saved_json=common_backend\results\scores.json
2026-02-20 14:58:23 | INFO | REQUEST_START | activity=shuttle_run | age_group=6-9 | age=8 | name=asdfghjkl;
2026-02-20 14:58:23 | INFO | VIDEO_SAVED | activity=shuttle_run | video_path=common_backend\uploads\6-9\shuttle_run\20260220_092823_asdfghjkl;_ed8d4e1a.mp4
2026-02-20 14:58:23 | INFO | SCORING_PIPELINE_START | activity=shuttle_run | age_group=6-9 | candidate_id=DC8A98508D
2026-02-20 14:58:23 | INFO | CONE_DETECTION_STAGE_START | activity=shuttle_run | age_group=6-9 | candidate_id=DC8A98508D
2026-02-20 14:58:23 | INFO | SHUTTLE_RUN_INPUT_READ_START | candidate_id=DC8A98508D | age_group=6-9 | video_path=common_backend\uploads\6-9\shuttle_run\20260220_092823_asdfghjkl;_ed8d4e1a.mp4
2026-02-20 14:58:23 | INFO | SHUTTLE_RUN_INPUT_READ_DONE | candidate_id=DC8A98508D | duration=13.69
2026-02-20 14:58:23 | INFO | SHUTTLE_RUN_CONE_DETECTION_EXECUTE | candidate_id=DC8A98508D | resolved_group=6-9
2026-02-20 14:58:23 | ERROR | SCORING_PIPELINE_FAIL | activity=shuttle_run | age_group=6-9 | candidate_id=DC8A98508D | error=cannot convert float NaN to integer
Traceback (most recent call last):
  File "D:\NayanDC\Physical_projects\common_backend\scoring.py", line 157, in score_activity_video
    calculation = calculator(
  File "D:\NayanDC\Physical_projects\shuttle_run\common_calculation.py", line 44, in calculate_shuttle_run
    raw = run_shuttle_run(
  File "D:\NayanDC\Physical_projects\shuttle_run\runtime.py", line 173, in run_shuttle_run
    return run_common(
  File "D:\NayanDC\Physical_projects\shuttle_run\runtime.py", line 153, in run_common
    return run_primary(
  File "D:\NayanDC\Physical_projects\shuttle_run\runtime.py", line 105, in run_primary
    fn = get_activity_function(age_group, PRIMARY_FUNCTION)
  File "D:\NayanDC\Physical_projects\shuttle_run\runtime.py", line 88, in get_activity_function
    namespace = _load_namespace(age_group)
  File "D:\NayanDC\Physical_projects\shuttle_run\runtime.py", line 83, in _load_namespace
    exec(compile(module_ast, str(source_file), "exec"), namespace, namespace)
  File "D:\NayanDC\Physical_projects\ages_6-9\shuttle_run\shuttle_run.ipynb", line 518, in <module>
    "    # state = \"right\"\n",
  File "D:\NayanDC\Physical_projects\ages_6-9\shuttle_run\shuttle_run.ipynb", line 350, in shuttle_run
    "        if lap_time_score >= 3:\n",
  File "D:\NayanDC\Physical_projects\ages_6-9\shuttle_run\shuttle_run.ipynb", line 314, in threshold_line
    "    elif sway < 0.05:\n",
ValueError: cannot convert float NaN to integer
2026-02-20 14:58:34 | INFO | SCORING_FALLBACK_USED | activity=shuttle_run | duration=13.69 | motion_ratio=0.1698 | score=13.80 | category=Above Average
2026-02-20 14:58:34 | INFO | SCORING_DONE | activity=shuttle_run | candidate_id=DC8A98508D | score=13.8 | category=Above Average
2026-02-20 14:58:34 | INFO | MONGO_CONNECT_OK | db=FitQuest_Physical_database | activity=shuttle_run | candidate_id=DC8A98508D
2026-02-20 14:58:34 | INFO | MONGO_WRITE_OK | collection=users | candidate_id=DC8A98508D
2026-02-20 14:58:34 | INFO | MONGO_WRITE_OK | collection=children | candidate_id=DC8A98508D
2026-02-20 14:58:34 | INFO | MONGO_WRITE_OK | collection=shuttle_run_results | candidate_id=DC8A98508D
2026-02-20 14:58:34 | INFO | MONGO_WRITE_OK | collection=data_storage | candidate_id=DC8A98508D
2026-02-20 14:58:34 | INFO | MONGO_SAVE_OK | activity=shuttle_run | candidate_id=DC8A98508D | collections=users,children,shuttle_run_results,data_storage
2026-02-20 14:58:34 | INFO | REQUEST_DONE | activity=shuttle_run | candidate_id=DC8A98508D | saved_json=common_backend\results\scores.json
2026-02-20 16:08:00 | INFO | REQUEST_START | activity=high_knee_jump | age_group=6-9 | age=7 | name=asdfghjklxcvbnm,
2026-02-20 16:08:00 | INFO | VIDEO_SAVED | activity=high_knee_jump | video_path=common_backend\uploads\6-9\high_knee_jump\20260220_103800_asdfghjklxcvbnm,_68273ecc.mp4
2026-02-20 16:08:00 | INFO | SCORING_PIPELINE_START | activity=high_knee_jump | age_group=6-9 | candidate_id=DCCA8D1B46
2026-02-20 16:08:14 | ERROR | SCORING_PIPELINE_FAIL | activity=high_knee_jump | age_group=6-9 | candidate_id=DCCA8D1B46 | error=[Errno 2] No such file or directory: 'high_knee_results.csv'
Traceback (most recent call last):
  File "D:\NayanDC\Physical_projects\common_backend\scoring.py", line 157, in score_activity_video
    calculation = calculator(
  File "D:\NayanDC\Physical_projects\high_knee_jump\common_calculation.py", line 25, in calculate_high_knee_jump
    raw = run_high_knee_jump(
  File "D:\NayanDC\Physical_projects\high_knee_jump\runtime.py", line 173, in run_high_knee_jump
    return run_common(
  File "D:\NayanDC\Physical_projects\high_knee_jump\runtime.py", line 153, in run_common
    return run_primary(
  File "D:\NayanDC\Physical_projects\high_knee_jump\runtime.py", line 105, in run_primary
    fn = get_activity_function(age_group, PRIMARY_FUNCTION)
  File "D:\NayanDC\Physical_projects\high_knee_jump\runtime.py", line 88, in get_activity_function
    namespace = _load_namespace(age_group)
  File "D:\NayanDC\Physical_projects\high_knee_jump\runtime.py", line 83, in _load_namespace
    exec(compile(module_ast, str(source_file), "exec"), namespace, namespace)
  File "D:\NayanDC\Physical_projects\ages_6-9\high_knee\high_knee.ipynb", line 622, in <module>
    "            #     cx, cy = int(lm.x * w), int(lm.y * h)\n",
  File "D:\NayanDC\Physical_projects\venv\lib\site-packages\pandas\io\parsers\readers.py", line 1026, in read_csv
    return _read(filepath_or_buffer, kwds)
  File "D:\NayanDC\Physical_projects\venv\lib\site-packages\pandas\io\parsers\readers.py", line 620, in _read
    parser = TextFileReader(filepath_or_buffer, **kwds)
  File "D:\NayanDC\Physical_projects\venv\lib\site-packages\pandas\io\parsers\readers.py", line 1620, in __init__
    self._engine = self._make_engine(f, self.engine)
  File "D:\NayanDC\Physical_projects\venv\lib\site-packages\pandas\io\parsers\readers.py", line 1880, in _make_engine
    self.handles = get_handle(
  File "D:\NayanDC\Physical_projects\venv\lib\site-packages\pandas\io\common.py", line 873, in get_handle
    handle = open(
FileNotFoundError: [Errno 2] No such file or directory: 'high_knee_results.csv'
2026-02-20 16:08:24 | INFO | SCORING_FALLBACK_USED | activity=high_knee_jump | duration=14.66 | motion_ratio=0.1346 | score=1.95 | category=Poor
2026-02-20 16:08:24 | INFO | SCORING_DONE | activity=high_knee_jump | candidate_id=DCCA8D1B46 | score=1.95 | category=Poor
2026-02-20 16:08:25 | INFO | MONGO_CONNECT_OK | db=FitQuest_Physical_database | activity=high_knee_jump | candidate_id=DCCA8D1B46
2026-02-20 16:08:25 | INFO | MONGO_WRITE_OK | collection=users | candidate_id=DCCA8D1B46
2026-02-20 16:08:25 | INFO | MONGO_WRITE_OK | collection=children | candidate_id=DCCA8D1B46
2026-02-20 16:08:25 | INFO | MONGO_WRITE_OK | collection=high_knee_jump_results | candidate_id=DCCA8D1B46
2026-02-20 16:08:25 | INFO | MONGO_WRITE_OK | collection=data_storage | candidate_id=DCCA8D1B46
2026-02-20 16:08:25 | INFO | MONGO_SAVE_OK | activity=high_knee_jump | candidate_id=DCCA8D1B46 | collections=users,children,high_knee_jump_results,data_storage
2026-02-20 16:08:25 | INFO | REQUEST_DONE | activity=high_knee_jump | candidate_id=DCCA8D1B46 | saved_json=common_backend\results\scores.json
2026-02-20 16:09:16 | INFO | REQUEST_START | activity=high_knee_jump | age_group=6-9 | age=7 | name=asdfghjklxcvbnm,
2026-02-20 16:09:16 | INFO | VIDEO_SAVED | activity=high_knee_jump | video_path=common_backend\uploads\6-9\high_knee_jump\20260220_103916_asdfghjklxcvbnm,_9b1904b6.mp4
2026-02-20 16:09:16 | INFO | SCORING_PIPELINE_START | activity=high_knee_jump | age_group=6-9 | candidate_id=DCBEFB20F8
2026-02-20 16:09:16 | ERROR | SCORING_PIPELINE_FAIL | activity=high_knee_jump | age_group=6-9 | candidate_id=DCBEFB20F8 | error=[Errno 2] No such file or directory: 'high_knee_results.csv'
Traceback (most recent call last):
  File "D:\NayanDC\Physical_projects\common_backend\scoring.py", line 157, in score_activity_video
    calculation = calculator(
  File "D:\NayanDC\Physical_projects\high_knee_jump\common_calculation.py", line 25, in calculate_high_knee_jump
    raw = run_high_knee_jump(
  File "D:\NayanDC\Physical_projects\high_knee_jump\runtime.py", line 173, in run_high_knee_jump
    return run_common(
  File "D:\NayanDC\Physical_projects\high_knee_jump\runtime.py", line 153, in run_common
    return run_primary(
  File "D:\NayanDC\Physical_projects\high_knee_jump\runtime.py", line 105, in run_primary
    fn = get_activity_function(age_group, PRIMARY_FUNCTION)
  File "D:\NayanDC\Physical_projects\high_knee_jump\runtime.py", line 88, in get_activity_function
    namespace = _load_namespace(age_group)
  File "D:\NayanDC\Physical_projects\high_knee_jump\runtime.py", line 83, in _load_namespace
    exec(compile(module_ast, str(source_file), "exec"), namespace, namespace)
  File "D:\NayanDC\Physical_projects\ages_6-9\high_knee\high_knee.ipynb", line 622, in <module>
    "            #     cx, cy = int(lm.x * w), int(lm.y * h)\n",
  File "D:\NayanDC\Physical_projects\venv\lib\site-packages\pandas\io\parsers\readers.py", line 1026, in read_csv
    return _read(filepath_or_buffer, kwds)
  File "D:\NayanDC\Physical_projects\venv\lib\site-packages\pandas\io\parsers\readers.py", line 620, in _read
    parser = TextFileReader(filepath_or_buffer, **kwds)
  File "D:\NayanDC\Physical_projects\venv\lib\site-packages\pandas\io\parsers\readers.py", line 1620, in __init__
    self._engine = self._make_engine(f, self.engine)
  File "D:\NayanDC\Physical_projects\venv\lib\site-packages\pandas\io\parsers\readers.py", line 1880, in _make_engine
    self.handles = get_handle(
  File "D:\NayanDC\Physical_projects\venv\lib\site-packages\pandas\io\common.py", line 873, in get_handle
    handle = open(
FileNotFoundError: [Errno 2] No such file or directory: 'high_knee_results.csv'
2026-02-20 16:09:46 | INFO | SCORING_FALLBACK_USED | activity=high_knee_jump | duration=86.33 | motion_ratio=0.6933 | score=10.87 | category=Average
2026-02-20 16:09:46 | INFO | SCORING_DONE | activity=high_knee_jump | candidate_id=DCBEFB20F8 | score=10.87 | category=Average
2026-02-20 16:09:46 | INFO | MONGO_CONNECT_OK | db=FitQuest_Physical_database | activity=high_knee_jump | candidate_id=DCBEFB20F8
2026-02-20 16:09:46 | INFO | MONGO_WRITE_OK | collection=users | candidate_id=DCBEFB20F8
2026-02-20 16:09:46 | INFO | MONGO_WRITE_OK | collection=children | candidate_id=DCBEFB20F8
2026-02-20 16:09:46 | INFO | MONGO_WRITE_OK | collection=high_knee_jump_results | candidate_id=DCBEFB20F8
2026-02-20 16:09:46 | INFO | MONGO_WRITE_OK | collection=data_storage | candidate_id=DCBEFB20F8
2026-02-20 16:09:46 | INFO | MONGO_SAVE_OK | activity=high_knee_jump | candidate_id=DCBEFB20F8 | collections=users,children,high_knee_jump_results,data_storage
2026-02-20 16:09:46 | INFO | REQUEST_DONE | activity=high_knee_jump | candidate_id=DCBEFB20F8 | saved_json=common_backend\results\scores.json
2026-02-20 16:09:56 | INFO | REQUEST_START | activity=high_knee_jump | age_group=6-9 | age=7 | name=asdfghjklxcvbnm,
2026-02-20 16:09:56 | INFO | VIDEO_SAVED | activity=high_knee_jump | video_path=common_backend\uploads\6-9\high_knee_jump\20260220_103956_asdfghjklxcvbnm,_dc69cefa.mp4
2026-02-20 16:09:56 | INFO | SCORING_PIPELINE_START | activity=high_knee_jump | age_group=6-9 | candidate_id=DCA42E0A41
2026-02-20 16:09:56 | ERROR | SCORING_PIPELINE_FAIL | activity=high_knee_jump | age_group=6-9 | candidate_id=DCA42E0A41 | error=[Errno 2] No such file or directory: 'high_knee_results.csv'
Traceback (most recent call last):
  File "D:\NayanDC\Physical_projects\common_backend\scoring.py", line 157, in score_activity_video
    calculation = calculator(
  File "D:\NayanDC\Physical_projects\high_knee_jump\common_calculation.py", line 25, in calculate_high_knee_jump
    raw = run_high_knee_jump(
  File "D:\NayanDC\Physical_projects\high_knee_jump\runtime.py", line 173, in run_high_knee_jump
    return run_common(
  File "D:\NayanDC\Physical_projects\high_knee_jump\runtime.py", line 153, in run_common
    return run_primary(
  File "D:\NayanDC\Physical_projects\high_knee_jump\runtime.py", line 105, in run_primary
    fn = get_activity_function(age_group, PRIMARY_FUNCTION)
  File "D:\NayanDC\Physical_projects\high_knee_jump\runtime.py", line 88, in get_activity_function
    namespace = _load_namespace(age_group)
  File "D:\NayanDC\Physical_projects\high_knee_jump\runtime.py", line 83, in _load_namespace
    exec(compile(module_ast, str(source_file), "exec"), namespace, namespace)
  File "D:\NayanDC\Physical_projects\ages_6-9\high_knee\high_knee.ipynb", line 622, in <module>
    "            #     cx, cy = int(lm.x * w), int(lm.y * h)\n",
  File "D:\NayanDC\Physical_projects\venv\lib\site-packages\pandas\io\parsers\readers.py", line 1026, in read_csv
    return _read(filepath_or_buffer, kwds)
  File "D:\NayanDC\Physical_projects\venv\lib\site-packages\pandas\io\parsers\readers.py", line 620, in _read
    parser = TextFileReader(filepath_or_buffer, **kwds)
  File "D:\NayanDC\Physical_projects\venv\lib\site-packages\pandas\io\parsers\readers.py", line 1620, in __init__
    self._engine = self._make_engine(f, self.engine)
  File "D:\NayanDC\Physical_projects\venv\lib\site-packages\pandas\io\parsers\readers.py", line 1880, in _make_engine
    self.handles = get_handle(
  File "D:\NayanDC\Physical_projects\venv\lib\site-packages\pandas\io\common.py", line 873, in get_handle
    handle = open(
FileNotFoundError: [Errno 2] No such file or directory: 'high_knee_results.csv'
2026-02-20 16:10:23 | INFO | SCORING_FALLBACK_USED | activity=high_knee_jump | duration=86.33 | motion_ratio=0.6933 | score=10.87 | category=Average
2026-02-20 16:10:23 | INFO | SCORING_DONE | activity=high_knee_jump | candidate_id=DCA42E0A41 | score=10.87 | category=Average
2026-02-20 16:10:23 | INFO | MONGO_CONNECT_OK | db=FitQuest_Physical_database | activity=high_knee_jump | candidate_id=DCA42E0A41
2026-02-20 16:10:23 | INFO | MONGO_WRITE_OK | collection=users | candidate_id=DCA42E0A41
2026-02-20 16:10:23 | INFO | MONGO_WRITE_OK | collection=children | candidate_id=DCA42E0A41
2026-02-20 16:10:23 | INFO | MONGO_WRITE_OK | collection=high_knee_jump_results | candidate_id=DCA42E0A41
2026-02-20 16:10:23 | INFO | MONGO_WRITE_OK | collection=data_storage | candidate_id=DCA42E0A41
2026-02-20 16:10:23 | INFO | MONGO_SAVE_OK | activity=high_knee_jump | candidate_id=DCA42E0A41 | collections=users,children,high_knee_jump_results,data_storage
2026-02-20 16:10:23 | INFO | REQUEST_DONE | activity=high_knee_jump | candidate_id=DCA42E0A41 | saved_json=common_backend\results\scores.json
2026-02-20 16:10:31 | INFO | REQUEST_START | activity=high_knee_jump | age_group=6-9 | age=7 | name=asdfghjklxcvbnm,
2026-02-20 16:10:31 | INFO | VIDEO_SAVED | activity=high_knee_jump | video_path=common_backend\uploads\6-9\high_knee_jump\20260220_104031_asdfghjklxcvbnm,_fbe178ee.mp4
2026-02-20 16:10:31 | INFO | SCORING_PIPELINE_START | activity=high_knee_jump | age_group=6-9 | candidate_id=DC47627971
2026-02-20 16:10:31 | ERROR | SCORING_PIPELINE_FAIL | activity=high_knee_jump | age_group=6-9 | candidate_id=DC47627971 | error=[Errno 2] No such file or directory: 'high_knee_results.csv'
Traceback (most recent call last):
  File "D:\NayanDC\Physical_projects\common_backend\scoring.py", line 157, in score_activity_video
    calculation = calculator(
  File "D:\NayanDC\Physical_projects\high_knee_jump\common_calculation.py", line 25, in calculate_high_knee_jump
    raw = run_high_knee_jump(
  File "D:\NayanDC\Physical_projects\high_knee_jump\runtime.py", line 173, in run_high_knee_jump
    return run_common(
  File "D:\NayanDC\Physical_projects\high_knee_jump\runtime.py", line 153, in run_common
    return run_primary(
  File "D:\NayanDC\Physical_projects\high_knee_jump\runtime.py", line 105, in run_primary
    fn = get_activity_function(age_group, PRIMARY_FUNCTION)
  File "D:\NayanDC\Physical_projects\high_knee_jump\runtime.py", line 88, in get_activity_function
    namespace = _load_namespace(age_group)
  File "D:\NayanDC\Physical_projects\high_knee_jump\runtime.py", line 83, in _load_namespace
    exec(compile(module_ast, str(source_file), "exec"), namespace, namespace)
  File "D:\NayanDC\Physical_projects\ages_6-9\high_knee\high_knee.ipynb", line 622, in <module>
    "            #     cx, cy = int(lm.x * w), int(lm.y * h)\n",
  File "D:\NayanDC\Physical_projects\venv\lib\site-packages\pandas\io\parsers\readers.py", line 1026, in read_csv
    return _read(filepath_or_buffer, kwds)
  File "D:\NayanDC\Physical_projects\venv\lib\site-packages\pandas\io\parsers\readers.py", line 620, in _read
    parser = TextFileReader(filepath_or_buffer, **kwds)
  File "D:\NayanDC\Physical_projects\venv\lib\site-packages\pandas\io\parsers\readers.py", line 1620, in __init__
    self._engine = self._make_engine(f, self.engine)
  File "D:\NayanDC\Physical_projects\venv\lib\site-packages\pandas\io\parsers\readers.py", line 1880, in _make_engine
    self.handles = get_handle(
  File "D:\NayanDC\Physical_projects\venv\lib\site-packages\pandas\io\common.py", line 873, in get_handle
    handle = open(
FileNotFoundError: [Errno 2] No such file or directory: 'high_knee_results.csv'
2026-02-20 16:10:48 | INFO | SCORING_FALLBACK_USED | activity=high_knee_jump | duration=47.83 | motion_ratio=0.3711 | score=5.95 | category=Below Average
2026-02-20 16:10:48 | INFO | SCORING_DONE | activity=high_knee_jump | candidate_id=DC47627971 | score=5.95 | category=Below Average
2026-02-20 16:10:48 | INFO | MONGO_CONNECT_OK | db=FitQuest_Physical_database | activity=high_knee_jump | candidate_id=DC47627971
2026-02-20 16:10:48 | INFO | MONGO_WRITE_OK | collection=users | candidate_id=DC47627971
2026-02-20 16:10:48 | INFO | MONGO_WRITE_OK | collection=children | candidate_id=DC47627971
2026-02-20 16:10:48 | INFO | MONGO_WRITE_OK | collection=high_knee_jump_results | candidate_id=DC47627971
2026-02-20 16:10:48 | INFO | MONGO_WRITE_OK | collection=data_storage | candidate_id=DC47627971
2026-02-20 16:10:48 | INFO | MONGO_SAVE_OK | activity=high_knee_jump | candidate_id=DC47627971 | collections=users,children,high_knee_jump_results,data_storage
2026-02-20 16:10:48 | INFO | REQUEST_DONE | activity=high_knee_jump | candidate_id=DC47627971 | saved_json=common_backend\results\scores.json
2026-02-20 16:12:13 | INFO | REQUEST_START | activity=high_knee_jump | age_group=6-9 | age=7 | name=asdfghjklxcvbnm,
2026-02-20 16:12:14 | INFO | VIDEO_SAVED | activity=high_knee_jump | video_path=common_backend\uploads\6-9\high_knee_jump\20260220_104213_asdfghjklxcvbnm,_16bf031b.mp4
2026-02-20 16:12:14 | INFO | SCORING_PIPELINE_START | activity=high_knee_jump | age_group=6-9 | candidate_id=DCC5086807
2026-02-20 16:12:15 | ERROR | SCORING_PIPELINE_FAIL | activity=high_knee_jump | age_group=6-9 | candidate_id=DCC5086807 | error=[Errno 2] No such file or directory: 'high_knee_results.csv'
Traceback (most recent call last):
  File "D:\NayanDC\Physical_projects\common_backend\scoring.py", line 157, in score_activity_video
    calculation = calculator(
  File "D:\NayanDC\Physical_projects\high_knee_jump\common_calculation.py", line 25, in calculate_high_knee_jump
    raw = run_high_knee_jump(
  File "D:\NayanDC\Physical_projects\high_knee_jump\runtime.py", line 173, in run_high_knee_jump
    return run_common(
  File "D:\NayanDC\Physical_projects\high_knee_jump\runtime.py", line 153, in run_common
    return run_primary(
  File "D:\NayanDC\Physical_projects\high_knee_jump\runtime.py", line 105, in run_primary
    fn = get_activity_function(age_group, PRIMARY_FUNCTION)
  File "D:\NayanDC\Physical_projects\high_knee_jump\runtime.py", line 88, in get_activity_function
    namespace = _load_namespace(age_group)
  File "D:\NayanDC\Physical_projects\high_knee_jump\runtime.py", line 83, in _load_namespace
    exec(compile(module_ast, str(source_file), "exec"), namespace, namespace)
  File "D:\NayanDC\Physical_projects\ages_6-9\high_knee\high_knee.ipynb", line 622, in <module>
    "            #     cx, cy = int(lm.x * w), int(lm.y * h)\n",
  File "D:\NayanDC\Physical_projects\venv\lib\site-packages\pandas\io\parsers\readers.py", line 1026, in read_csv
    return _read(filepath_or_buffer, kwds)
  File "D:\NayanDC\Physical_projects\venv\lib\site-packages\pandas\io\parsers\readers.py", line 620, in _read
    parser = TextFileReader(filepath_or_buffer, **kwds)
  File "D:\NayanDC\Physical_projects\venv\lib\site-packages\pandas\io\parsers\readers.py", line 1620, in __init__
    self._engine = self._make_engine(f, self.engine)
  File "D:\NayanDC\Physical_projects\venv\lib\site-packages\pandas\io\parsers\readers.py", line 1880, in _make_engine
    self.handles = get_handle(
  File "D:\NayanDC\Physical_projects\venv\lib\site-packages\pandas\io\common.py", line 873, in get_handle
    handle = open(
FileNotFoundError: [Errno 2] No such file or directory: 'high_knee_results.csv'
2026-02-20 16:14:03 | INFO | SCORING_FALLBACK_USED | activity=high_knee_jump | duration=64.71 | motion_ratio=0.8721 | score=10.27 | category=Average
2026-02-20 16:14:03 | INFO | SCORING_DONE | activity=high_knee_jump | candidate_id=DCC5086807 | score=10.27 | category=Average
2026-02-20 16:14:03 | INFO | MONGO_CONNECT_OK | db=FitQuest_Physical_database | activity=high_knee_jump | candidate_id=DCC5086807
2026-02-20 16:14:03 | INFO | MONGO_WRITE_OK | collection=users | candidate_id=DCC5086807
2026-02-20 16:14:03 | INFO | MONGO_WRITE_OK | collection=children | candidate_id=DCC5086807
2026-02-20 16:14:03 | INFO | MONGO_WRITE_OK | collection=high_knee_jump_results | candidate_id=DCC5086807
2026-02-20 16:14:03 | INFO | MONGO_WRITE_OK | collection=data_storage | candidate_id=DCC5086807
2026-02-20 16:14:03 | INFO | MONGO_SAVE_OK | activity=high_knee_jump | candidate_id=DCC5086807 | collections=users,children,high_knee_jump_results,data_storage
2026-02-20 16:14:03 | INFO | REQUEST_DONE | activity=high_knee_jump | candidate_id=DCC5086807 | saved_json=common_backend\results\scores.json
2026-02-20 16:22:21 | INFO | REQUEST_START | activity=high_knee_jump | age_group=6-9 | age=7 | name=asdfghjklxcvbnm,
2026-02-20 16:22:22 | INFO | VIDEO_SAVED | activity=high_knee_jump | video_path=common_backend\uploads\6-9\high_knee_jump\20260220_105221_asdfghjklxcvbnm,_bda7ade2.mp4
2026-02-20 16:22:22 | INFO | SCORING_PIPELINE_START | activity=high_knee_jump | age_group=6-9 | candidate_id=DCDB561EC0
2026-02-20 16:27:47 | INFO | SCORING_PIPELINE_DONE | activity=high_knee_jump | score=1.62 | category=Poor | duration=64.71 | candidate_id=DCDB561EC0
2026-02-20 16:27:47 | INFO | SCORING_DONE | activity=high_knee_jump | candidate_id=DCDB561EC0 | score=1.62 | category=Poor
2026-02-20 16:27:47 | INFO | MONGO_CONNECT_OK | db=FitQuest_Physical_database | activity=high_knee_jump | candidate_id=DCDB561EC0
2026-02-20 16:27:47 | INFO | MONGO_WRITE_OK | collection=users | candidate_id=DCDB561EC0
2026-02-20 16:27:47 | INFO | MONGO_WRITE_OK | collection=children | candidate_id=DCDB561EC0
2026-02-20 16:27:47 | INFO | MONGO_WRITE_OK | collection=high_knee_jump_results | candidate_id=DCDB561EC0
2026-02-20 16:27:47 | INFO | MONGO_WRITE_OK | collection=high_knee_jump_calculation_variables | candidate_id=DCDB561EC0
2026-02-20 16:27:47 | INFO | MONGO_WRITE_OK | collection=data_storage | candidate_id=DCDB561EC0
2026-02-20 16:27:47 | INFO | MONGO_SAVE_OK | activity=high_knee_jump | candidate_id=DCDB561EC0 | collections=users,children,high_knee_jump_results,high_knee_jump_calculation_variables,data_storage
2026-02-20 16:27:47 | INFO | REQUEST_DONE | activity=high_knee_jump | candidate_id=DCDB561EC0 | saved_json=common_backend\results\scores.json
2026-02-20 16:29:27 | INFO | REQUEST_START | activity=high_knee_jump | age_group=6-9 | age=7 | name=asdfghjklxcvbnm,
2026-02-20 16:29:27 | INFO | VIDEO_SAVED | activity=high_knee_jump | video_path=common_backend\uploads\6-9\high_knee_jump\20260220_105927_asdfghjklxcvbnm,_deafbffe.mp4
2026-02-20 16:29:27 | INFO | SCORING_PIPELINE_START | activity=high_knee_jump | age_group=6-9 | candidate_id=DC412E71B8
2026-02-20 16:31:37 | INFO | SCORING_PIPELINE_DONE | activity=high_knee_jump | score=1.38 | category=Poor | duration=64.71 | candidate_id=DC412E71B8
2026-02-20 16:31:37 | INFO | SCORING_DONE | activity=high_knee_jump | candidate_id=DC412E71B8 | score=1.38 | category=Poor
2026-02-20 16:31:37 | INFO | MONGO_CONNECT_OK | db=FitQuest_Physical_database | activity=high_knee_jump | candidate_id=DC412E71B8
2026-02-20 16:31:37 | INFO | MONGO_WRITE_OK | collection=users | candidate_id=DC412E71B8
2026-02-20 16:31:37 | INFO | MONGO_WRITE_OK | collection=children | candidate_id=DC412E71B8
2026-02-20 16:31:37 | INFO | MONGO_WRITE_OK | collection=high_knee_jump_results | candidate_id=DC412E71B8
2026-02-20 16:31:37 | INFO | MONGO_WRITE_OK | collection=high_knee_jump_calculation_variables | candidate_id=DC412E71B8
2026-02-20 16:31:37 | INFO | MONGO_WRITE_OK | collection=data_storage | candidate_id=DC412E71B8
2026-02-20 16:31:37 | INFO | MONGO_SAVE_OK | activity=high_knee_jump | candidate_id=DC412E71B8 | collections=users,children,high_knee_jump_results,high_knee_jump_calculation_variables,data_storage
2026-02-20 16:31:37 | INFO | REQUEST_DONE | activity=high_knee_jump | candidate_id=DC412E71B8 | saved_json=common_backend\results\scores.json
2026-02-20 16:38:00 | INFO | REQUEST_START | activity=shuttle_run | age_group=9-14 | age=10 | name=asdfghjklxcvbnm
2026-02-20 16:38:00 | INFO | VIDEO_SAVED | activity=shuttle_run | video_path=common_backend\uploads\9-14\shuttle_run\20260220_110800_asdfghjklxcvbnm_a7fb399f.mp4
2026-02-20 16:38:00 | INFO | SCORING_PIPELINE_START | activity=shuttle_run | age_group=9-14 | candidate_id=DCAB8795E5
2026-02-20 16:38:00 | INFO | CONE_DETECTION_STAGE_START | activity=shuttle_run | age_group=9-14 | candidate_id=DCAB8795E5
2026-02-20 16:38:00 | INFO | SHUTTLE_RUN_INPUT_READ_START | candidate_id=DCAB8795E5 | age_group=9-14 | video_path=common_backend\uploads\9-14\shuttle_run\20260220_110800_asdfghjklxcvbnm_a7fb399f.mp4
2026-02-20 16:38:01 | INFO | SHUTTLE_RUN_INPUT_READ_DONE | candidate_id=DCAB8795E5 | duration=14.66
2026-02-20 16:38:01 | INFO | SHUTTLE_RUN_CONE_DETECTION_EXECUTE | candidate_id=DCAB8795E5 | resolved_group=9-13
2026-02-20 16:38:41 | ERROR | SCORING_PIPELINE_FAIL | activity=shuttle_run | age_group=9-14 | candidate_id=DCAB8795E5 | error=cannot convert float NaN to integer
Traceback (most recent call last):
  File "D:\NayanDC\Physical_projects\common_backend\scoring.py", line 157, in score_activity_video
    calculation = calculator(
  File "D:\NayanDC\Physical_projects\shuttle_run\common_calculation.py", line 44, in calculate_shuttle_run
    raw = run_shuttle_run(
  File "D:\NayanDC\Physical_projects\shuttle_run\runtime.py", line 173, in run_shuttle_run
    return run_common(
  File "D:\NayanDC\Physical_projects\shuttle_run\runtime.py", line 153, in run_common
    return run_primary(
  File "D:\NayanDC\Physical_projects\shuttle_run\runtime.py", line 105, in run_primary
    fn = get_activity_function(age_group, PRIMARY_FUNCTION)
  File "D:\NayanDC\Physical_projects\shuttle_run\runtime.py", line 88, in get_activity_function
    namespace = _load_namespace(age_group)
  File "D:\NayanDC\Physical_projects\shuttle_run\runtime.py", line 83, in _load_namespace
    exec(compile(module_ast, str(source_file), "exec"), namespace, namespace)
  File "D:\NayanDC\Physical_projects\ages_9-13\shuttle_run\shuttle_run.ipynb", line 523, in <module>
    "    # turning const \n",
  File "D:\NayanDC\Physical_projects\ages_9-13\shuttle_run\shuttle_run.ipynb", line 353, in shuttle_run
    "            return \"Above Average\"\n",
  File "D:\NayanDC\Physical_projects\ages_9-13\shuttle_run\shuttle_run.ipynb", line 316, in threshold_line
    "    elif sway < 0.05:\n",
ValueError: cannot convert float NaN to integer
2026-02-20 16:38:46 | INFO | SCORING_FALLBACK_USED | activity=shuttle_run | duration=14.66 | motion_ratio=0.1346 | score=14.49 | category=Above Average
2026-02-20 16:38:46 | INFO | SCORING_DONE | activity=shuttle_run | candidate_id=DCAB8795E5 | score=14.49 | category=Above Average
2026-02-20 16:38:46 | INFO | MONGO_CONNECT_OK | db=FitQuest_Physical_database | activity=shuttle_run | candidate_id=DCAB8795E5
2026-02-20 16:38:46 | INFO | MONGO_WRITE_OK | collection=users | candidate_id=DCAB8795E5
2026-02-20 16:38:46 | INFO | MONGO_WRITE_OK | collection=children | candidate_id=DCAB8795E5
2026-02-20 16:38:46 | INFO | MONGO_WRITE_OK | collection=shuttle_run_results | candidate_id=DCAB8795E5
2026-02-20 16:38:46 | INFO | MONGO_WRITE_OK | collection=shuttle_run_calculation_variables | candidate_id=DCAB8795E5
2026-02-20 16:38:46 | INFO | MONGO_WRITE_OK | collection=data_storage | candidate_id=DCAB8795E5
2026-02-20 16:38:46 | INFO | MONGO_SAVE_OK | activity=shuttle_run | candidate_id=DCAB8795E5 | collections=users,children,shuttle_run_results,shuttle_run_calculation_variables,data_storage
2026-02-20 16:38:46 | INFO | REQUEST_DONE | activity=shuttle_run | candidate_id=DCAB8795E5 | saved_json=common_backend\results\scores.json
2026-02-20 16:48:21 | INFO | REQUEST_START | activity=shuttle_run | age_group=9-14 | age=10 | name=asdfghjklxcvbnm
2026-02-20 16:48:21 | INFO | VIDEO_SAVED | activity=shuttle_run | video_path=common_backend\uploads\9-14\shuttle_run\20260220_111821_asdfghjklxcvbnm_ee8d45c9.mp4
2026-02-20 16:48:21 | INFO | SCORING_PIPELINE_START | activity=shuttle_run | age_group=9-14 | candidate_id=DC363E2A18
2026-02-20 16:48:21 | INFO | CONE_DETECTION_STAGE_START | activity=shuttle_run | age_group=9-14 | candidate_id=DC363E2A18
2026-02-20 16:48:21 | INFO | SHUTTLE_RUN_INPUT_READ_START | candidate_id=DC363E2A18 | age_group=9-14 | video_path=common_backend\uploads\9-14\shuttle_run\20260220_111821_asdfghjklxcvbnm_ee8d45c9.mp4
2026-02-20 16:48:22 | INFO | SHUTTLE_RUN_INPUT_READ_DONE | candidate_id=DC363E2A18 | duration=14.66
2026-02-20 16:48:22 | INFO | SHUTTLE_RUN_CONE_DETECTION_EXECUTE | candidate_id=DC363E2A18 | resolved_group=9-13
2026-02-20 16:48:42 | ERROR | SCORING_PIPELINE_FAIL | activity=shuttle_run | age_group=9-14 | candidate_id=DC363E2A18 | error=cannot convert float NaN to integer
Traceback (most recent call last):
  File "D:\NayanDC\Physical_projects\common_backend\scoring.py", line 157, in score_activity_video
    calculation = calculator(
  File "D:\NayanDC\Physical_projects\shuttle_run\common_calculation.py", line 44, in calculate_shuttle_run
    raw = run_shuttle_run(
  File "D:\NayanDC\Physical_projects\shuttle_run\runtime.py", line 173, in run_shuttle_run
    return run_common(
  File "D:\NayanDC\Physical_projects\shuttle_run\runtime.py", line 153, in run_common
    return run_primary(
  File "D:\NayanDC\Physical_projects\shuttle_run\runtime.py", line 105, in run_primary
    fn = get_activity_function(age_group, PRIMARY_FUNCTION)
  File "D:\NayanDC\Physical_projects\shuttle_run\runtime.py", line 88, in get_activity_function
    namespace = _load_namespace(age_group)
  File "D:\NayanDC\Physical_projects\shuttle_run\runtime.py", line 83, in _load_namespace
    exec(compile(module_ast, str(source_file), "exec"), namespace, namespace)
  File "D:\NayanDC\Physical_projects\ages_9-13\shuttle_run\shuttle_run.ipynb", line 523, in <module>
    "    # turning const \n",
  File "D:\NayanDC\Physical_projects\ages_9-13\shuttle_run\shuttle_run.ipynb", line 353, in shuttle_run
    "            return \"Above Average\"\n",
  File "D:\NayanDC\Physical_projects\ages_9-13\shuttle_run\shuttle_run.ipynb", line 316, in threshold_line
    "    elif sway < 0.05:\n",
ValueError: cannot convert float NaN to integer
2026-02-20 16:48:46 | INFO | SCORING_FALLBACK_USED | activity=shuttle_run | duration=14.66 | motion_ratio=0.1346 | score=14.49 | category=Above Average
2026-02-20 16:48:46 | INFO | SCORING_DONE | activity=shuttle_run | candidate_id=DC363E2A18 | score=14.49 | category=Above Average
2026-02-20 16:48:47 | INFO | MONGO_CONNECT_OK | db=FitQuest_Physical_database | activity=shuttle_run | candidate_id=DC363E2A18
2026-02-20 16:48:47 | INFO | MONGO_WRITE_OK | collection=users | candidate_id=DC363E2A18
2026-02-20 16:48:47 | INFO | MONGO_WRITE_OK | collection=children | candidate_id=DC363E2A18
2026-02-20 16:48:47 | INFO | MONGO_WRITE_OK | collection=shuttle_run_results | candidate_id=DC363E2A18
2026-02-20 16:48:47 | INFO | MONGO_WRITE_OK | collection=shuttle_run_calculation_variables | candidate_id=DC363E2A18
2026-02-20 16:48:47 | INFO | MONGO_WRITE_OK | collection=data_storage | candidate_id=DC363E2A18
2026-02-20 16:48:47 | INFO | MONGO_SAVE_OK | activity=shuttle_run | candidate_id=DC363E2A18 | collections=users,children,shuttle_run_results,shuttle_run_calculation_variables,data_storage
2026-02-20 16:48:47 | INFO | REQUEST_DONE | activity=shuttle_run | candidate_id=DC363E2A18 | saved_json=common_backend\results\scores.json
2026-02-20 16:52:39 | INFO | REQUEST_START | activity=high_knee_jump | age_group=14-18 | age=18 | name=ttttttttt
2026-02-20 16:52:39 | INFO | VIDEO_SAVED | activity=high_knee_jump | video_path=common_backend\uploads\14-18\high_knee_jump\20260220_112239_ttttttttt_9fe388f9.mp4
2026-02-20 16:52:39 | INFO | SCORING_PIPELINE_START | activity=high_knee_jump | age_group=14-18 | candidate_id=DCF8BB6750
2026-02-20 16:52:39 | ERROR | SCORING_PIPELINE_FAIL | activity=high_knee_jump | age_group=14-18 | candidate_id=DCF8BB6750 | error=float division by zero
Traceback (most recent call last):
  File "D:\NayanDC\Physical_projects\common_backend\scoring.py", line 157, in score_activity_video
    calculation = calculator(
  File "D:\NayanDC\Physical_projects\high_knee_jump\common_calculation.py", line 25, in calculate_high_knee_jump
    raw = run_high_knee_jump(
  File "D:\NayanDC\Physical_projects\high_knee_jump\runtime.py", line 173, in run_high_knee_jump
    return run_common(
  File "D:\NayanDC\Physical_projects\high_knee_jump\runtime.py", line 153, in run_common
    return run_primary(
  File "D:\NayanDC\Physical_projects\high_knee_jump\runtime.py", line 105, in run_primary
    fn = get_activity_function(age_group, PRIMARY_FUNCTION)
  File "D:\NayanDC\Physical_projects\high_knee_jump\runtime.py", line 88, in get_activity_function
    namespace = _load_namespace(age_group)
  File "D:\NayanDC\Physical_projects\high_knee_jump\runtime.py", line 83, in _load_namespace
    exec(compile(module_ast, str(source_file), "exec"), namespace, namespace)
  File "D:\NayanDC\Physical_projects\ages_14-18\high_knee\high_knee.ipynb", line 569, in <module>
    "    frame_width = int(cap.get(cv2.CAP_PROP_FRAME_WIDTH))\n",
  File "D:\NayanDC\Physical_projects\ages_14-18\high_knee\high_knee.ipynb", line 382, in high_knee_jump
    "    elif avg_vertical_angle < 25:\n",
ZeroDivisionError: float division by zero
2026-02-20 16:52:53 | INFO | SCORING_FALLBACK_USED | activity=high_knee_jump | duration=86.33 | motion_ratio=0.6933 | score=10.87 | category=Average
2026-02-20 16:52:53 | INFO | SCORING_DONE | activity=high_knee_jump | candidate_id=DCF8BB6750 | score=10.87 | category=Average
2026-02-20 16:52:53 | INFO | MONGO_CONNECT_OK | db=FitQuest_Physical_database | activity=high_knee_jump | candidate_id=DCF8BB6750
2026-02-20 16:52:53 | INFO | MONGO_WRITE_OK | collection=users | candidate_id=DCF8BB6750
2026-02-20 16:52:53 | INFO | MONGO_WRITE_OK | collection=children | candidate_id=DCF8BB6750
2026-02-20 16:52:53 | INFO | MONGO_WRITE_OK | collection=high_knee_jump_results | candidate_id=DCF8BB6750
2026-02-20 16:52:53 | INFO | MONGO_WRITE_OK | collection=high_knee_jump_calculation_variables | candidate_id=DCF8BB6750
2026-02-20 16:52:53 | INFO | MONGO_WRITE_OK | collection=data_storage | candidate_id=DCF8BB6750
2026-02-20 16:52:53 | INFO | MONGO_SAVE_OK | activity=high_knee_jump | candidate_id=DCF8BB6750 | collections=users,children,high_knee_jump_results,high_knee_jump_calculation_variables,data_storage
2026-02-20 16:52:53 | INFO | REQUEST_DONE | activity=high_knee_jump | candidate_id=DCF8BB6750 | saved_json=common_backend\results\scores.json
2026-02-20 16:55:58 | INFO | REQUEST_START | activity=long_jump | age_group=14-18 | age=15 | name=tytytyty
2026-02-20 16:55:58 | INFO | VIDEO_SAVED | activity=long_jump | video_path=common_backend\uploads\14-18\long_jump\20260220_112558_tytytyty_57d6b22c.mp4
2026-02-20 16:55:58 | INFO | SCORING_PIPELINE_START | activity=long_jump | age_group=14-18 | candidate_id=DCE01BC4B6
2026-02-20 16:55:58 | ERROR | SCORING_PIPELINE_FAIL | activity=long_jump | age_group=14-18 | candidate_id=DCE01BC4B6 | error=local variable 'avg_angle_final' referenced before assignment
Traceback (most recent call last):
  File "D:\NayanDC\Physical_projects\common_backend\scoring.py", line 157, in score_activity_video
    calculation = calculator(
  File "D:\NayanDC\Physical_projects\long_jump\common_calculation.py", line 25, in calculate_long_jump
    raw = run_long_jump(
  File "D:\NayanDC\Physical_projects\long_jump\runtime.py", line 174, in run_long_jump
    return run_common(
  File "D:\NayanDC\Physical_projects\long_jump\runtime.py", line 153, in run_common
    return run_primary(
  File "D:\NayanDC\Physical_projects\long_jump\runtime.py", line 105, in run_primary
    fn = get_activity_function(age_group, PRIMARY_FUNCTION)
  File "D:\NayanDC\Physical_projects\long_jump\runtime.py", line 88, in get_activity_function
    namespace = _load_namespace(age_group)
  File "D:\NayanDC\Physical_projects\long_jump\runtime.py", line 83, in _load_namespace
    exec(compile(module_ast, str(source_file), "exec"), namespace, namespace)
  File "D:\NayanDC\Physical_projects\ages_14-18\long_jump\Untitled.ipynb", line 378, in <module>
    "\n",
  File "D:\NayanDC\Physical_projects\ages_14-18\long_jump\Untitled.ipynb", line 349, in long_jump
    "execution_count": 20,
UnboundLocalError: local variable 'avg_angle_final' referenced before assignment
2026-02-20 16:56:12 | INFO | SCORING_FALLBACK_USED | activity=long_jump | duration=86.33 | motion_ratio=0.6933 | score=18.16 | category=Excellent
2026-02-20 16:56:12 | INFO | SCORING_DONE | activity=long_jump | candidate_id=DCE01BC4B6 | score=18.16 | category=Excellent
2026-02-20 16:56:12 | INFO | MONGO_CONNECT_OK | db=FitQuest_Physical_database | activity=long_jump | candidate_id=DCE01BC4B6
2026-02-20 16:56:12 | INFO | MONGO_WRITE_OK | collection=users | candidate_id=DCE01BC4B6
2026-02-20 16:56:12 | INFO | MONGO_WRITE_OK | collection=children | candidate_id=DCE01BC4B6
2026-02-20 16:56:12 | INFO | MONGO_WRITE_OK | collection=long_jump_results | candidate_id=DCE01BC4B6
2026-02-20 16:56:12 | INFO | MONGO_WRITE_OK | collection=long_jump_calculation_variables | candidate_id=DCE01BC4B6
2026-02-20 16:56:12 | INFO | MONGO_WRITE_OK | collection=data_storage | candidate_id=DCE01BC4B6
2026-02-20 16:56:12 | INFO | MONGO_SAVE_OK | activity=long_jump | candidate_id=DCE01BC4B6 | collections=users,children,long_jump_results,long_jump_calculation_variables,data_storage
2026-02-20 16:56:12 | INFO | REQUEST_DONE | activity=long_jump | candidate_id=DCE01BC4B6 | saved_json=common_backend\results\scores.json
2026-02-20 16:57:35 | INFO | REQUEST_START | activity=sprint_run_20m | age_group=14-18 | age=15 | name=tytytyty
2026-02-20 16:57:35 | INFO | VIDEO_SAVED | activity=sprint_run_20m | video_path=common_backend\uploads\14-18\sprint_run_20m\20260220_112735_tytytyty_487f2071.mp4
2026-02-20 16:57:35 | INFO | SCORING_PIPELINE_START | activity=sprint_run_20m | age_group=14-18 | candidate_id=DC65A4B1F3
2026-02-20 16:57:35 | ERROR | SCORING_PIPELINE_FAIL | activity=sprint_run_20m | age_group=14-18 | candidate_id=DC65A4B1F3 | error=FPS must be > 0
Traceback (most recent call last):
  File "D:\NayanDC\Physical_projects\common_backend\scoring.py", line 157, in score_activity_video
    calculation = calculator(
  File "D:\NayanDC\Physical_projects\Sprint_run_20_meter\common_calculation.py", line 25, in calculate_sprint_run_20m
    raw = run_sprint_run_20m(
  File "D:\NayanDC\Physical_projects\Sprint_run_20_meter\runtime.py", line 173, in run_sprint_run_20m
    return run_common(
  File "D:\NayanDC\Physical_projects\Sprint_run_20_meter\runtime.py", line 153, in run_common
    return run_primary(
  File "D:\NayanDC\Physical_projects\Sprint_run_20_meter\runtime.py", line 105, in run_primary
    fn = get_activity_function(age_group, PRIMARY_FUNCTION)
  File "D:\NayanDC\Physical_projects\Sprint_run_20_meter\runtime.py", line 88, in get_activity_function
    namespace = _load_namespace(age_group)
  File "D:\NayanDC\Physical_projects\Sprint_run_20_meter\runtime.py", line 83, in _load_namespace
    exec(compile(module_ast, str(source_file), "exec"), namespace, namespace)
  File "D:\NayanDC\Physical_projects\ages_14-18\20m_running\sprint_run.ipynb", line 451, in <module>
    "\n",
  File "D:\NayanDC\Physical_projects\ages_14-18\20m_running\sprint_run.ipynb", line 415, in meter_run
    "source": [
  File "D:\NayanDC\Physical_projects\ages_14-18\20m_running\sprint_run.ipynb", line 181, in compute_sprint_time_from_frames
    "    # Hands crossing midline (distance from own side)\n",
ValueError: FPS must be > 0
2026-02-20 16:57:37 | INFO | SCORING_FALLBACK_USED | activity=sprint_run_20m | duration=4.10 | motion_ratio=0.1294 | score=4.60 | category=Poor
2026-02-20 16:57:37 | INFO | SCORING_DONE | activity=sprint_run_20m | candidate_id=DC65A4B1F3 | score=4.6 | category=Poor
2026-02-20 16:57:37 | INFO | MONGO_CONNECT_OK | db=FitQuest_Physical_database | activity=sprint_run_20m | candidate_id=DC65A4B1F3
2026-02-20 16:57:37 | INFO | MONGO_WRITE_OK | collection=users | candidate_id=DC65A4B1F3
2026-02-20 16:57:37 | INFO | MONGO_WRITE_OK | collection=children | candidate_id=DC65A4B1F3
2026-02-20 16:57:37 | INFO | MONGO_WRITE_OK | collection=sprint_run_20m_results | candidate_id=DC65A4B1F3
2026-02-20 16:57:37 | INFO | MONGO_WRITE_OK | collection=sprint_run_20m_calculation_variables | candidate_id=DC65A4B1F3
2026-02-20 16:57:37 | INFO | MONGO_WRITE_OK | collection=data_storage | candidate_id=DC65A4B1F3
2026-02-20 16:57:37 | INFO | MONGO_SAVE_OK | activity=sprint_run_20m | candidate_id=DC65A4B1F3 | collections=users,children,sprint_run_20m_results,sprint_run_20m_calculation_variables,data_storage
2026-02-20 16:57:37 | INFO | REQUEST_DONE | activity=sprint_run_20m | candidate_id=DC65A4B1F3 | saved_json=common_backend\results\scores.json
2026-02-20 16:58:33 | INFO | REQUEST_START | activity=sprint_run_20m | age_group=14-18 | age=15 | name=tytytyty
2026-02-20 16:58:33 | INFO | VIDEO_SAVED | activity=sprint_run_20m | video_path=common_backend\uploads\14-18\sprint_run_20m\20260220_112833_tytytyty_5a25016d.mp4
2026-02-20 16:58:33 | INFO | SCORING_PIPELINE_START | activity=sprint_run_20m | age_group=14-18 | candidate_id=DC6AA9D378
2026-02-20 16:58:34 | ERROR | SCORING_PIPELINE_FAIL | activity=sprint_run_20m | age_group=14-18 | candidate_id=DC6AA9D378 | error=FPS must be > 0
Traceback (most recent call last):
  File "D:\NayanDC\Physical_projects\common_backend\scoring.py", line 157, in score_activity_video
    calculation = calculator(
  File "D:\NayanDC\Physical_projects\Sprint_run_20_meter\common_calculation.py", line 25, in calculate_sprint_run_20m
    raw = run_sprint_run_20m(
  File "D:\NayanDC\Physical_projects\Sprint_run_20_meter\runtime.py", line 173, in run_sprint_run_20m
    return run_common(
  File "D:\NayanDC\Physical_projects\Sprint_run_20_meter\runtime.py", line 153, in run_common
    return run_primary(
  File "D:\NayanDC\Physical_projects\Sprint_run_20_meter\runtime.py", line 105, in run_primary
    fn = get_activity_function(age_group, PRIMARY_FUNCTION)
  File "D:\NayanDC\Physical_projects\Sprint_run_20_meter\runtime.py", line 88, in get_activity_function
    namespace = _load_namespace(age_group)
  File "D:\NayanDC\Physical_projects\Sprint_run_20_meter\runtime.py", line 83, in _load_namespace
    exec(compile(module_ast, str(source_file), "exec"), namespace, namespace)
  File "D:\NayanDC\Physical_projects\ages_14-18\20m_running\sprint_run.ipynb", line 451, in <module>
    "\n",
  File "D:\NayanDC\Physical_projects\ages_14-18\20m_running\sprint_run.ipynb", line 415, in meter_run
    "source": [
  File "D:\NayanDC\Physical_projects\ages_14-18\20m_running\sprint_run.ipynb", line 181, in compute_sprint_time_from_frames
    "    # Hands crossing midline (distance from own side)\n",
ValueError: FPS must be > 0
2026-02-20 16:58:34 | INFO | SCORING_FALLBACK_USED | activity=sprint_run_20m | duration=3.55 | motion_ratio=0.5288 | score=6.49 | category=Below Average
2026-02-20 16:58:34 | INFO | SCORING_DONE | activity=sprint_run_20m | candidate_id=DC6AA9D378 | score=6.49 | category=Below Average
2026-02-20 16:58:34 | INFO | MONGO_CONNECT_OK | db=FitQuest_Physical_database | activity=sprint_run_20m | candidate_id=DC6AA9D378
2026-02-20 16:58:34 | INFO | MONGO_WRITE_OK | collection=users | candidate_id=DC6AA9D378
2026-02-20 16:58:34 | INFO | MONGO_WRITE_OK | collection=children | candidate_id=DC6AA9D378
2026-02-20 16:58:34 | INFO | MONGO_WRITE_OK | collection=sprint_run_20m_results | candidate_id=DC6AA9D378
2026-02-20 16:58:34 | INFO | MONGO_WRITE_OK | collection=sprint_run_20m_calculation_variables | candidate_id=DC6AA9D378
2026-02-20 16:58:34 | INFO | MONGO_WRITE_OK | collection=data_storage | candidate_id=DC6AA9D378
2026-02-20 16:58:34 | INFO | MONGO_SAVE_OK | activity=sprint_run_20m | candidate_id=DC6AA9D378 | collections=users,children,sprint_run_20m_results,sprint_run_20m_calculation_variables,data_storage
2026-02-20 16:58:34 | INFO | REQUEST_DONE | activity=sprint_run_20m | candidate_id=DC6AA9D378 | saved_json=common_backend\results\scores.json
2026-02-20 16:58:56 | INFO | REQUEST_START | activity=sprint_run_20m | age_group=14-18 | age=15 | name=tytytyty
2026-02-20 16:58:56 | INFO | VIDEO_SAVED | activity=sprint_run_20m | video_path=common_backend\uploads\14-18\sprint_run_20m\20260220_112856_tytytyty_aa539dcb.mp4
2026-02-20 16:58:56 | INFO | SCORING_PIPELINE_START | activity=sprint_run_20m | age_group=14-18 | candidate_id=DC8F409B45
2026-02-20 16:58:56 | ERROR | SCORING_PIPELINE_FAIL | activity=sprint_run_20m | age_group=14-18 | candidate_id=DC8F409B45 | error=FPS must be > 0
Traceback (most recent call last):
  File "D:\NayanDC\Physical_projects\common_backend\scoring.py", line 157, in score_activity_video
    calculation = calculator(
  File "D:\NayanDC\Physical_projects\Sprint_run_20_meter\common_calculation.py", line 25, in calculate_sprint_run_20m
    raw = run_sprint_run_20m(
  File "D:\NayanDC\Physical_projects\Sprint_run_20_meter\runtime.py", line 173, in run_sprint_run_20m
    return run_common(
  File "D:\NayanDC\Physical_projects\Sprint_run_20_meter\runtime.py", line 153, in run_common
    return run_primary(
  File "D:\NayanDC\Physical_projects\Sprint_run_20_meter\runtime.py", line 105, in run_primary
    fn = get_activity_function(age_group, PRIMARY_FUNCTION)
  File "D:\NayanDC\Physical_projects\Sprint_run_20_meter\runtime.py", line 88, in get_activity_function
    namespace = _load_namespace(age_group)
  File "D:\NayanDC\Physical_projects\Sprint_run_20_meter\runtime.py", line 83, in _load_namespace
    exec(compile(module_ast, str(source_file), "exec"), namespace, namespace)
  File "D:\NayanDC\Physical_projects\ages_14-18\20m_running\sprint_run.ipynb", line 451, in <module>
    "\n",
  File "D:\NayanDC\Physical_projects\ages_14-18\20m_running\sprint_run.ipynb", line 415, in meter_run
    "source": [
  File "D:\NayanDC\Physical_projects\ages_14-18\20m_running\sprint_run.ipynb", line 181, in compute_sprint_time_from_frames
    "    # Hands crossing midline (distance from own side)\n",
ValueError: FPS must be > 0
2026-02-20 16:58:56 | INFO | SCORING_FALLBACK_USED | activity=sprint_run_20m | duration=4.22 | motion_ratio=0.4544 | score=6.66 | category=Below Average
2026-02-20 16:58:56 | INFO | SCORING_DONE | activity=sprint_run_20m | candidate_id=DC8F409B45 | score=6.66 | category=Below Average
2026-02-20 16:58:56 | INFO | MONGO_CONNECT_OK | db=FitQuest_Physical_database | activity=sprint_run_20m | candidate_id=DC8F409B45
2026-02-20 16:58:56 | INFO | MONGO_WRITE_OK | collection=users | candidate_id=DC8F409B45
2026-02-20 16:58:56 | INFO | MONGO_WRITE_OK | collection=children | candidate_id=DC8F409B45
2026-02-20 16:58:56 | INFO | MONGO_WRITE_OK | collection=sprint_run_20m_results | candidate_id=DC8F409B45
2026-02-20 16:58:56 | INFO | MONGO_WRITE_OK | collection=sprint_run_20m_calculation_variables | candidate_id=DC8F409B45
2026-02-20 16:58:56 | INFO | MONGO_WRITE_OK | collection=data_storage | candidate_id=DC8F409B45
2026-02-20 16:58:56 | INFO | MONGO_SAVE_OK | activity=sprint_run_20m | candidate_id=DC8F409B45 | collections=users,children,sprint_run_20m_results,sprint_run_20m_calculation_variables,data_storage
2026-02-20 16:58:56 | INFO | REQUEST_DONE | activity=sprint_run_20m | candidate_id=DC8F409B45 | saved_json=common_backend\results\scores.json
2026-02-20 17:00:50 | INFO | REQUEST_START | activity=visual_integration | age_group=6-9 | age=6 | name=kkkkkkkkkkk
2026-02-20 17:00:50 | INFO | VIDEO_SAVED | activity=visual_integration | video_path=common_backend\uploads\6-9\visual_integration\20260220_113050_kkkkkkkkkkk_1ed1e7c0.mp4
2026-02-20 17:00:51 | INFO | SCORING_FALLBACK_USED | activity=visual_integration | duration=4.10 | motion_ratio=0.1294 | score=3.65 | category=Poor
2026-02-20 17:00:51 | INFO | SCORING_DONE | activity=visual_integration | candidate_id=DC068F39A6 | score=3.65 | category=Poor
2026-02-20 17:00:51 | INFO | MONGO_CONNECT_OK | db=FitQuest_Physical_database | activity=visual_integration | candidate_id=DC068F39A6
2026-02-20 17:00:51 | INFO | MONGO_WRITE_OK | collection=users | candidate_id=DC068F39A6
2026-02-20 17:00:51 | INFO | MONGO_WRITE_OK | collection=children | candidate_id=DC068F39A6
2026-02-20 17:00:51 | INFO | MONGO_WRITE_OK | collection=visual_integration_results | candidate_id=DC068F39A6
2026-02-20 17:00:51 | INFO | MONGO_WRITE_OK | collection=visual_integration_calculation_variables | candidate_id=DC068F39A6
2026-02-20 17:00:51 | INFO | MONGO_WRITE_OK | collection=data_storage | candidate_id=DC068F39A6
2026-02-20 17:00:51 | INFO | MONGO_SAVE_OK | activity=visual_integration | candidate_id=DC068F39A6 | collections=users,children,visual_integration_results,visual_integration_calculation_variables,data_storage
2026-02-20 17:00:51 | INFO | REQUEST_DONE | activity=visual_integration | candidate_id=DC068F39A6 | saved_json=common_backend\results\scores.json
2026-02-20 17:01:29 | INFO | REQUEST_START | activity=loco_motor | age_group=2-6 | age=3 | name=ujnjujnjujn
2026-02-20 17:01:29 | INFO | VIDEO_SAVED | activity=loco_motor | video_path=common_backend\uploads\2-6\loco_motor\20260220_113129_ujnjujnjujn_f5187953.mp4
2026-02-20 17:01:31 | INFO | SCORING_FALLBACK_USED | activity=loco_motor | duration=4.10 | motion_ratio=0.1294 | score=3.65 | category=Poor
2026-02-20 17:01:31 | INFO | SCORING_DONE | activity=loco_motor | candidate_id=DC6759DEBD | score=3.65 | category=Poor
2026-02-20 17:01:31 | INFO | MONGO_CONNECT_OK | db=FitQuest_Physical_database | activity=loco_motor | candidate_id=DC6759DEBD
2026-02-20 17:01:31 | INFO | MONGO_WRITE_OK | collection=users | candidate_id=DC6759DEBD
2026-02-20 17:01:31 | INFO | MONGO_WRITE_OK | collection=children | candidate_id=DC6759DEBD
2026-02-20 17:01:31 | INFO | MONGO_WRITE_OK | collection=loco_motor_results | candidate_id=DC6759DEBD
2026-02-20 17:01:31 | INFO | MONGO_WRITE_OK | collection=loco_motor_calculation_variables | candidate_id=DC6759DEBD
2026-02-20 17:01:31 | INFO | MONGO_WRITE_OK | collection=data_storage | candidate_id=DC6759DEBD
2026-02-20 17:01:31 | INFO | MONGO_SAVE_OK | activity=loco_motor | candidate_id=DC6759DEBD | collections=users,children,loco_motor_results,loco_motor_calculation_variables,data_storage
2026-02-20 17:01:31 | INFO | REQUEST_DONE | activity=loco_motor | candidate_id=DC6759DEBD | saved_json=common_backend\results\scores.json
2026-02-20 17:15:20 | INFO | REQUEST_START | activity=shuttle_run | age_group=6-9 | age=7 | name=asdfghjklasdfghjk
2026-02-20 17:15:20 | INFO | VIDEO_SAVED | activity=shuttle_run | video_path=common_backend\uploads\6-9\shuttle_run\20260220_114520_asdfghjklasdfghjk_260e4b96.mp4
2026-02-20 17:15:20 | INFO | SCORING_PIPELINE_START | activity=shuttle_run | age_group=6-9 | candidate_id=DCCC954B1F
2026-02-20 17:15:20 | INFO | CONE_DETECTION_STAGE_START | activity=shuttle_run | age_group=6-9 | candidate_id=DCCC954B1F
2026-02-20 17:15:20 | INFO | SHUTTLE_RUN_INPUT_READ_START | candidate_id=DCCC954B1F | age_group=6-9 | video_path=common_backend\uploads\6-9\shuttle_run\20260220_114520_asdfghjklasdfghjk_260e4b96.mp4
2026-02-20 17:15:20 | INFO | SHUTTLE_RUN_INPUT_READ_DONE | candidate_id=DCCC954B1F | duration=14.66
2026-02-20 17:15:20 | INFO | SHUTTLE_RUN_CONE_DETECTION_EXECUTE | candidate_id=DCCC954B1F | resolved_group=6-9
2026-02-20 17:15:21 | ERROR | SCORING_PIPELINE_FAIL | activity=shuttle_run | age_group=6-9 | candidate_id=DCCC954B1F | error=cannot convert float NaN to integer
Traceback (most recent call last):
  File "D:\NayanDC\Physical_projects\common_backend\scoring.py", line 157, in score_activity_video
    calculation = calculator(
  File "D:\NayanDC\Physical_projects\shuttle_run\common_calculation.py", line 44, in calculate_shuttle_run
    raw = run_shuttle_run(
  File "D:\NayanDC\Physical_projects\shuttle_run\runtime.py", line 173, in run_shuttle_run
    return run_common(
  File "D:\NayanDC\Physical_projects\shuttle_run\runtime.py", line 153, in run_common
    return run_primary(
  File "D:\NayanDC\Physical_projects\shuttle_run\runtime.py", line 105, in run_primary
    fn = get_activity_function(age_group, PRIMARY_FUNCTION)
  File "D:\NayanDC\Physical_projects\shuttle_run\runtime.py", line 88, in get_activity_function
    namespace = _load_namespace(age_group)
  File "D:\NayanDC\Physical_projects\shuttle_run\runtime.py", line 83, in _load_namespace
    exec(compile(module_ast, str(source_file), "exec"), namespace, namespace)
  File "D:\NayanDC\Physical_projects\ages_6-9\shuttle_run\shuttle_run.ipynb", line 518, in <module>
    "    # state = \"right\"\n",
  File "D:\NayanDC\Physical_projects\ages_6-9\shuttle_run\shuttle_run.ipynb", line 350, in shuttle_run
    "        if lap_time_score >= 3:\n",
  File "D:\NayanDC\Physical_projects\ages_6-9\shuttle_run\shuttle_run.ipynb", line 314, in threshold_line
    "    elif sway < 0.05:\n",
ValueError: cannot convert float NaN to integer
2026-02-20 17:15:25 | INFO | SCORING_FALLBACK_USED | activity=shuttle_run | duration=14.66 | motion_ratio=0.1346 | score=14.49 | category=Above Average
2026-02-20 17:15:25 | INFO | SCORING_DONE | activity=shuttle_run | candidate_id=DCCC954B1F | score=14.49 | category=Above Average
2026-02-20 17:15:25 | INFO | MONGO_CONNECT_OK | db=FitQuest_Physical_database | activity=shuttle_run | candidate_id=DCCC954B1F
2026-02-20 17:15:25 | INFO | MONGO_WRITE_OK | collection=users | candidate_id=DCCC954B1F
2026-02-20 17:15:25 | INFO | MONGO_WRITE_OK | collection=children | candidate_id=DCCC954B1F
2026-02-20 17:15:25 | INFO | MONGO_WRITE_OK | collection=shuttle_run_results | candidate_id=DCCC954B1F
2026-02-20 17:15:25 | INFO | MONGO_WRITE_OK | collection=shuttle_run_calculation_variables | candidate_id=DCCC954B1F
2026-02-20 17:15:25 | INFO | MONGO_WRITE_OK | collection=data_storage | candidate_id=DCCC954B1F
2026-02-20 17:15:25 | INFO | MONGO_SAVE_OK | activity=shuttle_run | candidate_id=DCCC954B1F | collections=users,children,shuttle_run_results,shuttle_run_calculation_variables,data_storage
2026-02-20 17:15:25 | INFO | REQUEST_DONE | activity=shuttle_run | candidate_id=DCCC954B1F | saved_json=common_backend\results\scores.json
2026-02-20 17:17:17 | INFO | REQUEST_START | activity=sprint_run_20m | age_group=6-9 | age=7 | name=asdfghjklasdfghjk
2026-02-20 17:17:17 | INFO | VIDEO_SAVED | activity=sprint_run_20m | video_path=common_backend\uploads\6-9\sprint_run_20m\20260220_114717_asdfghjklasdfghjk_e2c4b987.mp4
2026-02-20 17:17:17 | INFO | SCORING_PIPELINE_START | activity=sprint_run_20m | age_group=6-9 | candidate_id=DC5B482ADC
2026-02-20 17:17:17 | ERROR | SCORING_PIPELINE_FAIL | activity=sprint_run_20m | age_group=6-9 | candidate_id=DC5B482ADC | error=FPS must be > 0
Traceback (most recent call last):
  File "D:\NayanDC\Physical_projects\common_backend\scoring.py", line 157, in score_activity_video
    calculation = calculator(
  File "D:\NayanDC\Physical_projects\Sprint_run_20_meter\common_calculation.py", line 25, in calculate_sprint_run_20m
    raw = run_sprint_run_20m(
  File "D:\NayanDC\Physical_projects\Sprint_run_20_meter\runtime.py", line 173, in run_sprint_run_20m
    return run_common(
  File "D:\NayanDC\Physical_projects\Sprint_run_20_meter\runtime.py", line 153, in run_common
    return run_primary(
  File "D:\NayanDC\Physical_projects\Sprint_run_20_meter\runtime.py", line 105, in run_primary
    fn = get_activity_function(age_group, PRIMARY_FUNCTION)
  File "D:\NayanDC\Physical_projects\Sprint_run_20_meter\runtime.py", line 88, in get_activity_function
    namespace = _load_namespace(age_group)
  File "D:\NayanDC\Physical_projects\Sprint_run_20_meter\runtime.py", line 83, in _load_namespace
    exec(compile(module_ast, str(source_file), "exec"), namespace, namespace)
  File "D:\NayanDC\Physical_projects\ages_6-9\20m_running\sprint_run.ipynb", line 451, in <module>
    "\n",
  File "D:\NayanDC\Physical_projects\ages_6-9\20m_running\sprint_run.ipynb", line 415, in meter_run
    "source": [
  File "D:\NayanDC\Physical_projects\ages_6-9\20m_running\sprint_run.ipynb", line 181, in compute_sprint_time_from_frames
    "    # Hands crossing midline (distance from own side)\n",
ValueError: FPS must be > 0
2026-02-20 17:17:19 | INFO | SCORING_FALLBACK_USED | activity=sprint_run_20m | duration=4.10 | motion_ratio=0.1294 | score=4.60 | category=Poor
2026-02-20 17:17:19 | INFO | SCORING_DONE | activity=sprint_run_20m | candidate_id=DC5B482ADC | score=4.6 | category=Poor
2026-02-20 17:17:19 | INFO | MONGO_CONNECT_OK | db=FitQuest_Physical_database | activity=sprint_run_20m | candidate_id=DC5B482ADC
2026-02-20 17:17:19 | INFO | MONGO_WRITE_OK | collection=users | candidate_id=DC5B482ADC
2026-02-20 17:17:19 | INFO | MONGO_WRITE_OK | collection=children | candidate_id=DC5B482ADC
2026-02-20 17:17:19 | INFO | MONGO_WRITE_OK | collection=sprint_run_20m_results | candidate_id=DC5B482ADC
2026-02-20 17:17:19 | INFO | MONGO_WRITE_OK | collection=sprint_run_20m_calculation_variables | candidate_id=DC5B482ADC
2026-02-20 17:17:19 | INFO | MONGO_WRITE_OK | collection=data_storage | candidate_id=DC5B482ADC
2026-02-20 17:17:19 | INFO | MONGO_SAVE_OK | activity=sprint_run_20m | candidate_id=DC5B482ADC | collections=users,children,sprint_run_20m_results,sprint_run_20m_calculation_variables,data_storage
2026-02-20 17:17:19 | INFO | REQUEST_DONE | activity=sprint_run_20m | candidate_id=DC5B482ADC | saved_json=common_backend\results\scores.json
2026-02-20 18:49:43 | INFO | REQUEST_START | activity=shuttle_run | age_group=6-9 | age=8 | name=ttrtrtrtrtrrt
2026-02-20 18:49:43 | INFO | VIDEO_SAVED | activity=shuttle_run | video_path=common_backend\uploads\6-9\shuttle_run\20260220_131943_ttrtrtrtrtrrt_16585b6f.mp4
2026-02-20 18:49:43 | INFO | SCORING_PIPELINE_START | activity=shuttle_run | age_group=6-9 | candidate_id=DCA323A664
2026-02-20 18:49:43 | INFO | CONE_DETECTION_STAGE_START | activity=shuttle_run | age_group=6-9 | candidate_id=DCA323A664
2026-02-20 18:49:43 | INFO | SHUTTLE_RUN_INPUT_READ_START | candidate_id=DCA323A664 | age_group=6-9 | video_path=common_backend\uploads\6-9\shuttle_run\20260220_131943_ttrtrtrtrtrrt_16585b6f.mp4
2026-02-20 18:49:43 | INFO | SHUTTLE_RUN_INPUT_READ_DONE | candidate_id=DCA323A664 | duration=14.66
2026-02-20 18:49:43 | INFO | SHUTTLE_RUN_CONE_DETECTION_EXECUTE | candidate_id=DCA323A664 | resolved_group=6-9
2026-02-20 18:49:43 | ERROR | SCORING_PIPELINE_FAIL | activity=shuttle_run | age_group=6-9 | candidate_id=DCA323A664 | error=Source file not found: D:\NayanDC\Physical_projects\ages_6-9\shuttle_run\shuttle_run.ipynb
Traceback (most recent call last):
  File "D:\NayanDC\Physical_projects\common_backend\scoring.py", line 157, in score_activity_video
    calculation = calculator(
  File "D:\NayanDC\Physical_projects\shuttle_run\common_calculation.py", line 44, in calculate_shuttle_run
    raw = run_shuttle_run(
  File "D:\NayanDC\Physical_projects\shuttle_run\runtime.py", line 173, in run_shuttle_run
    return run_common(
  File "D:\NayanDC\Physical_projects\shuttle_run\runtime.py", line 153, in run_common
    return run_primary(
  File "D:\NayanDC\Physical_projects\shuttle_run\runtime.py", line 105, in run_primary
    fn = get_activity_function(age_group, PRIMARY_FUNCTION)
  File "D:\NayanDC\Physical_projects\shuttle_run\runtime.py", line 88, in get_activity_function
    namespace = _load_namespace(age_group)
  File "D:\NayanDC\Physical_projects\shuttle_run\runtime.py", line 77, in _load_namespace
    raise FileNotFoundError(f"Source file not found: {source_file}")
FileNotFoundError: Source file not found: D:\NayanDC\Physical_projects\ages_6-9\shuttle_run\shuttle_run.ipynb
2026-02-20 18:49:56 | INFO | SCORING_FALLBACK_USED | activity=shuttle_run | duration=14.66 | motion_ratio=0.1346 | score=14.49 | category=Above Average
2026-02-20 18:49:56 | INFO | SCORING_DONE | activity=shuttle_run | candidate_id=DCA323A664 | score=14.49 | category=Above Average
2026-02-20 18:49:56 | INFO | MONGO_CONNECT_OK | db=FitQuest_Physical_database | activity=shuttle_run | candidate_id=DCA323A664
2026-02-20 18:49:56 | INFO | MONGO_WRITE_OK | collection=users | candidate_id=DCA323A664
2026-02-20 18:49:56 | INFO | MONGO_WRITE_OK | collection=children | candidate_id=DCA323A664
2026-02-20 18:49:56 | INFO | MONGO_WRITE_OK | collection=shuttle_run_results | candidate_id=DCA323A664
2026-02-20 18:49:56 | INFO | MONGO_WRITE_OK | collection=shuttle_run_calculation_variables | candidate_id=DCA323A664
2026-02-20 18:49:56 | INFO | MONGO_WRITE_OK | collection=data_storage | candidate_id=DCA323A664
2026-02-20 18:49:56 | INFO | MONGO_SAVE_OK | activity=shuttle_run | candidate_id=DCA323A664 | collections=users,children,shuttle_run_results,shuttle_run_calculation_variables,data_storage
2026-02-20 18:49:56 | INFO | REQUEST_DONE | activity=shuttle_run | candidate_id=DCA323A664 | saved_json=common_backend\results\scores.json
2026-02-20 19:36:34 | INFO | FRONTEND_EVENT | event=manual_api_test | activity=high_knee_jump | age_group=6-9 | name=API_TEST | details=endpoint smoke test
2026-02-20 19:36:34 | INFO | REQUEST_START | activity=loco_motor | age_group=2-6 | age=5 | name=TEST_loco_motor_2-6
2026-02-20 19:36:34 | INFO | VIDEO_SAVED | activity=loco_motor | video_path=common_backend\uploads\2-6\loco_motor\20260220_140634_TEST_loco_motor_2-6_f0e8fac4.mp4
2026-02-20 19:36:38 | INFO | SCORING_FALLBACK_USED | activity=loco_motor | duration=14.66 | motion_ratio=0.1346 | score=11.07 | category=Average
2026-02-20 19:36:38 | INFO | SCORING_DONE | activity=loco_motor | candidate_id=DCB18F4C3F | score=11.07 | category=Average
2026-02-20 19:36:38 | INFO | MONGO_CONNECT_OK | db=FitQuest_Physical_database | activity=loco_motor | candidate_id=DCB18F4C3F
2026-02-20 19:36:38 | INFO | MONGO_WRITE_OK | collection=users | candidate_id=DCB18F4C3F
2026-02-20 19:36:38 | INFO | MONGO_WRITE_OK | collection=children | candidate_id=DCB18F4C3F
2026-02-20 19:36:38 | INFO | MONGO_WRITE_OK | collection=loco_motor_results | candidate_id=DCB18F4C3F
2026-02-20 19:36:38 | INFO | MONGO_WRITE_OK | collection=loco_motor_calculation_variables | candidate_id=DCB18F4C3F
2026-02-20 19:36:38 | INFO | MONGO_WRITE_OK | collection=data_storage | candidate_id=DCB18F4C3F
2026-02-20 19:36:38 | INFO | MONGO_SAVE_OK | activity=loco_motor | candidate_id=DCB18F4C3F | collections=users,children,loco_motor_results,loco_motor_calculation_variables,data_storage
2026-02-20 19:36:38 | INFO | REQUEST_DONE | activity=loco_motor | candidate_id=DCB18F4C3F | saved_json=common_backend\results\scores.json
2026-02-20 19:36:38 | INFO | REQUEST_START | activity=gross_motor | age_group=2-6 | age=5 | name=TEST_gross_motor_2-6
2026-02-20 19:36:38 | INFO | VIDEO_SAVED | activity=gross_motor | video_path=common_backend\uploads\2-6\gross_motor\20260220_140638_TEST_gross_motor_2-6_a3f71777.mp4
2026-02-20 19:36:41 | INFO | SCORING_FALLBACK_USED | activity=gross_motor | duration=14.66 | motion_ratio=0.1346 | score=11.07 | category=Average
2026-02-20 19:36:41 | INFO | SCORING_DONE | activity=gross_motor | candidate_id=DC1CD81C74 | score=11.07 | category=Average
2026-02-20 19:36:41 | INFO | MONGO_CONNECT_OK | db=FitQuest_Physical_database | activity=gross_motor | candidate_id=DC1CD81C74
2026-02-20 19:36:41 | INFO | MONGO_WRITE_OK | collection=users | candidate_id=DC1CD81C74
2026-02-20 19:36:41 | INFO | MONGO_WRITE_OK | collection=children | candidate_id=DC1CD81C74
2026-02-20 19:36:41 | INFO | MONGO_WRITE_OK | collection=gross_motor_results | candidate_id=DC1CD81C74
2026-02-20 19:36:41 | INFO | MONGO_WRITE_OK | collection=gross_motor_calculation_variables | candidate_id=DC1CD81C74
2026-02-20 19:36:41 | INFO | MONGO_WRITE_OK | collection=data_storage | candidate_id=DC1CD81C74
2026-02-20 19:36:41 | INFO | MONGO_SAVE_OK | activity=gross_motor | candidate_id=DC1CD81C74 | collections=users,children,gross_motor_results,gross_motor_calculation_variables,data_storage
2026-02-20 19:36:41 | INFO | REQUEST_DONE | activity=gross_motor | candidate_id=DC1CD81C74 | saved_json=common_backend\results\scores.json
2026-02-20 19:36:41 | INFO | REQUEST_START | activity=fine_motor | age_group=2-6 | age=5 | name=TEST_fine_motor_2-6
2026-02-20 19:36:42 | INFO | VIDEO_SAVED | activity=fine_motor | video_path=common_backend\uploads\2-6\fine_motor\20260220_140641_TEST_fine_motor_2-6_8d30603a.mp4
2026-02-20 19:36:45 | INFO | SCORING_FALLBACK_USED | activity=fine_motor | duration=14.66 | motion_ratio=0.1346 | score=11.07 | category=Average
2026-02-20 19:36:45 | INFO | SCORING_DONE | activity=fine_motor | candidate_id=DC9FBBAD37 | score=11.07 | category=Average
2026-02-20 19:36:45 | INFO | MONGO_CONNECT_OK | db=FitQuest_Physical_database | activity=fine_motor | candidate_id=DC9FBBAD37
2026-02-20 19:36:45 | INFO | MONGO_WRITE_OK | collection=users | candidate_id=DC9FBBAD37
2026-02-20 19:36:45 | INFO | MONGO_WRITE_OK | collection=children | candidate_id=DC9FBBAD37
2026-02-20 19:36:45 | INFO | MONGO_WRITE_OK | collection=fine_motor_results | candidate_id=DC9FBBAD37
2026-02-20 19:36:45 | INFO | MONGO_WRITE_OK | collection=fine_motor_calculation_variables | candidate_id=DC9FBBAD37
2026-02-20 19:36:45 | INFO | MONGO_WRITE_OK | collection=data_storage | candidate_id=DC9FBBAD37
2026-02-20 19:36:45 | INFO | MONGO_SAVE_OK | activity=fine_motor | candidate_id=DC9FBBAD37 | collections=users,children,fine_motor_results,fine_motor_calculation_variables,data_storage
2026-02-20 19:36:45 | INFO | REQUEST_DONE | activity=fine_motor | candidate_id=DC9FBBAD37 | saved_json=common_backend\results\scores.json
2026-02-20 19:36:45 | INFO | REQUEST_START | activity=high_knee_jump | age_group=6-9 | age=7 | name=TEST_high_knee_jump_6-9
2026-02-20 19:36:45 | INFO | VIDEO_SAVED | activity=high_knee_jump | video_path=common_backend\uploads\6-9\high_knee_jump\20260220_140645_TEST_high_knee_jump_6-9_d2dcdb15.mp4
2026-02-20 19:36:45 | INFO | SCORING_PIPELINE_START | activity=high_knee_jump | age_group=6-9 | candidate_id=DCF7699A6A
2026-02-20 19:36:46 | ERROR | SCORING_PIPELINE_FAIL | activity=high_knee_jump | age_group=6-9 | candidate_id=DCF7699A6A | error=name 'pose' is not defined
Traceback (most recent call last):
  File "D:\NayanDC\Physical_projects\common_backend\scoring.py", line 157, in score_activity_video
    calculation = calculator(
  File "D:\NayanDC\Physical_projects\high_knee_jump\common_calculation.py", line 25, in calculate_high_knee_jump
    raw = run_high_knee_jump(
  File "D:\NayanDC\Physical_projects\high_knee_jump\runtime.py", line 189, in run_high_knee_jump
    return run_common(
  File "D:\NayanDC\Physical_projects\high_knee_jump\runtime.py", line 169, in run_common
    return run_primary(
  File "D:\NayanDC\Physical_projects\high_knee_jump\runtime.py", line 146, in run_primary
    return fn(**kwargs)
  File "D:\NayanDC\Physical_projects\ages_6-9\high_knee\high_knee.py", line 458, in high_knee_jump
    results = pose.process(rgb)
NameError: name 'pose' is not defined
2026-02-20 19:36:49 | INFO | SCORING_FALLBACK_USED | activity=high_knee_jump | duration=14.66 | motion_ratio=0.1346 | score=1.95 | category=Poor
2026-02-20 19:36:49 | INFO | SCORING_DONE | activity=high_knee_jump | candidate_id=DCF7699A6A | score=1.95 | category=Poor
2026-02-20 19:36:49 | INFO | MONGO_CONNECT_OK | db=FitQuest_Physical_database | activity=high_knee_jump | candidate_id=DCF7699A6A
2026-02-20 19:36:49 | INFO | MONGO_WRITE_OK | collection=users | candidate_id=DCF7699A6A
2026-02-20 19:36:49 | INFO | MONGO_WRITE_OK | collection=children | candidate_id=DCF7699A6A
2026-02-20 19:36:49 | INFO | MONGO_WRITE_OK | collection=high_knee_jump_results | candidate_id=DCF7699A6A
2026-02-20 19:36:49 | INFO | MONGO_WRITE_OK | collection=high_knee_jump_calculation_variables | candidate_id=DCF7699A6A
2026-02-20 19:36:49 | INFO | MONGO_WRITE_OK | collection=data_storage | candidate_id=DCF7699A6A
2026-02-20 19:36:49 | INFO | MONGO_SAVE_OK | activity=high_knee_jump | candidate_id=DCF7699A6A | collections=users,children,high_knee_jump_results,high_knee_jump_calculation_variables,data_storage
2026-02-20 19:36:49 | INFO | REQUEST_DONE | activity=high_knee_jump | candidate_id=DCF7699A6A | saved_json=common_backend\results\scores.json
2026-02-20 19:36:50 | INFO | REQUEST_START | activity=shuttle_run | age_group=6-9 | age=7 | name=TEST_shuttle_run_6-9
2026-02-20 19:36:50 | INFO | VIDEO_SAVED | activity=shuttle_run | video_path=common_backend\uploads\6-9\shuttle_run\20260220_140650_TEST_shuttle_run_6-9_f1d816d9.mp4
2026-02-20 19:36:50 | INFO | SCORING_PIPELINE_START | activity=shuttle_run | age_group=6-9 | candidate_id=DC1513EC3E
2026-02-20 19:36:50 | INFO | CONE_DETECTION_STAGE_START | activity=shuttle_run | age_group=6-9 | candidate_id=DC1513EC3E
2026-02-20 19:36:50 | INFO | SHUTTLE_RUN_INPUT_READ_START | candidate_id=DC1513EC3E | age_group=6-9 | video_path=common_backend\uploads\6-9\shuttle_run\20260220_140650_TEST_shuttle_run_6-9_f1d816d9.mp4
2026-02-20 19:36:50 | INFO | SHUTTLE_RUN_INPUT_READ_DONE | candidate_id=DC1513EC3E | duration=14.66
2026-02-20 19:36:50 | INFO | SHUTTLE_RUN_CONE_DETECTION_EXECUTE | candidate_id=DC1513EC3E | resolved_group=6-9
2026-02-20 19:37:36 | ERROR | SCORING_PIPELINE_FAIL | activity=shuttle_run | age_group=6-9 | candidate_id=DC1513EC3E | error=name 'pose' is not defined
Traceback (most recent call last):
  File "D:\NayanDC\Physical_projects\common_backend\scoring.py", line 157, in score_activity_video
    calculation = calculator(
  File "D:\NayanDC\Physical_projects\shuttle_run\common_calculation.py", line 44, in calculate_shuttle_run
    raw = run_shuttle_run(
  File "D:\NayanDC\Physical_projects\shuttle_run\runtime.py", line 189, in run_shuttle_run
    return run_common(
  File "D:\NayanDC\Physical_projects\shuttle_run\runtime.py", line 169, in run_common
    return run_primary(
  File "D:\NayanDC\Physical_projects\shuttle_run\runtime.py", line 146, in run_primary
    return fn(**kwargs)
  File "D:\NayanDC\Physical_projects\ages_6-9\shuttle_run\shuttle_run.py", line 407, in shuttle_run
    results = pose.process(rgb)
NameError: name 'pose' is not defined
2026-02-20 19:37:40 | INFO | SCORING_FALLBACK_USED | activity=shuttle_run | duration=14.66 | motion_ratio=0.1346 | score=14.49 | category=Above Average
2026-02-20 19:37:40 | INFO | SCORING_DONE | activity=shuttle_run | candidate_id=DC1513EC3E | score=14.49 | category=Above Average
2026-02-20 19:37:40 | INFO | MONGO_CONNECT_OK | db=FitQuest_Physical_database | activity=shuttle_run | candidate_id=DC1513EC3E
2026-02-20 19:37:40 | INFO | MONGO_WRITE_OK | collection=users | candidate_id=DC1513EC3E
2026-02-20 19:37:40 | INFO | MONGO_WRITE_OK | collection=children | candidate_id=DC1513EC3E
2026-02-20 19:37:40 | INFO | MONGO_WRITE_OK | collection=shuttle_run_results | candidate_id=DC1513EC3E
2026-02-20 19:37:40 | INFO | MONGO_WRITE_OK | collection=shuttle_run_calculation_variables | candidate_id=DC1513EC3E
2026-02-20 19:37:40 | INFO | MONGO_WRITE_OK | collection=data_storage | candidate_id=DC1513EC3E
2026-02-20 19:37:40 | INFO | MONGO_SAVE_OK | activity=shuttle_run | candidate_id=DC1513EC3E | collections=users,children,shuttle_run_results,shuttle_run_calculation_variables,data_storage
2026-02-20 19:37:40 | INFO | REQUEST_DONE | activity=shuttle_run | candidate_id=DC1513EC3E | saved_json=common_backend\results\scores.json
2026-02-20 19:37:40 | INFO | REQUEST_START | activity=sprint_run_20m | age_group=6-9 | age=7 | name=TEST_sprint_run_20m_6-9
2026-02-20 19:37:40 | INFO | VIDEO_SAVED | activity=sprint_run_20m | video_path=common_backend\uploads\6-9\sprint_run_20m\20260220_140740_TEST_sprint_run_20m_6-9_42ae08fe.mp4
2026-02-20 19:37:40 | INFO | SCORING_PIPELINE_START | activity=sprint_run_20m | age_group=6-9 | candidate_id=DCCECEEA7D
2026-02-20 19:37:40 | ERROR | SCORING_PIPELINE_FAIL | activity=sprint_run_20m | age_group=6-9 | candidate_id=DCCECEEA7D | error=name 'pose' is not defined
Traceback (most recent call last):
  File "D:\NayanDC\Physical_projects\common_backend\scoring.py", line 157, in score_activity_video
    calculation = calculator(
  File "D:\NayanDC\Physical_projects\Sprint_run_20_meter\common_calculation.py", line 25, in calculate_sprint_run_20m
    raw = run_sprint_run_20m(
  File "D:\NayanDC\Physical_projects\Sprint_run_20_meter\runtime.py", line 189, in run_sprint_run_20m
    return run_common(
  File "D:\NayanDC\Physical_projects\Sprint_run_20_meter\runtime.py", line 169, in run_common
    return run_primary(
  File "D:\NayanDC\Physical_projects\Sprint_run_20_meter\runtime.py", line 146, in run_primary
    return fn(**kwargs)
  File "D:\NayanDC\Physical_projects\ages_6-9\20m_running\sprint_run.py", line 343, in meter_run
    results = pose.process(rgb)
NameError: name 'pose' is not defined
2026-02-20 19:37:43 | INFO | SCORING_FALLBACK_USED | activity=sprint_run_20m | duration=14.66 | motion_ratio=0.1346 | score=14.49 | category=Above Average
2026-02-20 19:37:43 | INFO | SCORING_DONE | activity=sprint_run_20m | candidate_id=DCCECEEA7D | score=14.49 | category=Above Average
2026-02-20 19:37:43 | INFO | MONGO_CONNECT_OK | db=FitQuest_Physical_database | activity=sprint_run_20m | candidate_id=DCCECEEA7D
2026-02-20 19:37:43 | INFO | MONGO_WRITE_OK | collection=users | candidate_id=DCCECEEA7D
2026-02-20 19:37:43 | INFO | MONGO_WRITE_OK | collection=children | candidate_id=DCCECEEA7D
2026-02-20 19:37:43 | INFO | MONGO_WRITE_OK | collection=sprint_run_20m_results | candidate_id=DCCECEEA7D
2026-02-20 19:37:43 | INFO | MONGO_WRITE_OK | collection=sprint_run_20m_calculation_variables | candidate_id=DCCECEEA7D
2026-02-20 19:37:43 | INFO | MONGO_WRITE_OK | collection=data_storage | candidate_id=DCCECEEA7D
2026-02-20 19:37:43 | INFO | MONGO_SAVE_OK | activity=sprint_run_20m | candidate_id=DCCECEEA7D | collections=users,children,sprint_run_20m_results,sprint_run_20m_calculation_variables,data_storage
2026-02-20 19:37:43 | INFO | REQUEST_DONE | activity=sprint_run_20m | candidate_id=DCCECEEA7D | saved_json=common_backend\results\scores.json
2026-02-20 19:37:43 | INFO | REQUEST_START | activity=visual_integration | age_group=6-9 | age=7 | name=TEST_visual_integration_6-9
2026-02-20 19:37:44 | INFO | VIDEO_SAVED | activity=visual_integration | video_path=common_backend\uploads\6-9\visual_integration\20260220_140743_TEST_visual_integration_6-9_8828b422.mp4
2026-02-20 19:37:47 | INFO | SCORING_FALLBACK_USED | activity=visual_integration | duration=14.66 | motion_ratio=0.1346 | score=11.07 | category=Average
2026-02-20 19:37:47 | INFO | SCORING_DONE | activity=visual_integration | candidate_id=DCEEC73799 | score=11.07 | category=Average
2026-02-20 19:37:47 | INFO | MONGO_CONNECT_OK | db=FitQuest_Physical_database | activity=visual_integration | candidate_id=DCEEC73799
2026-02-20 19:37:47 | INFO | MONGO_WRITE_OK | collection=users | candidate_id=DCEEC73799
2026-02-20 19:37:47 | INFO | MONGO_WRITE_OK | collection=children | candidate_id=DCEEC73799
2026-02-20 19:37:47 | INFO | MONGO_WRITE_OK | collection=visual_integration_results | candidate_id=DCEEC73799
2026-02-20 19:37:47 | INFO | MONGO_WRITE_OK | collection=visual_integration_calculation_variables | candidate_id=DCEEC73799
2026-02-20 19:37:47 | INFO | MONGO_WRITE_OK | collection=data_storage | candidate_id=DCEEC73799
2026-02-20 19:37:47 | INFO | MONGO_SAVE_OK | activity=visual_integration | candidate_id=DCEEC73799 | collections=users,children,visual_integration_results,visual_integration_calculation_variables,data_storage
2026-02-20 19:37:47 | INFO | REQUEST_DONE | activity=visual_integration | candidate_id=DCEEC73799 | saved_json=common_backend\results\scores.json
2026-02-20 19:37:47 | INFO | REQUEST_START | activity=high_knee_jump | age_group=9-14 | age=10 | name=TEST_high_knee_jump_9-14
2026-02-20 19:37:47 | INFO | VIDEO_SAVED | activity=high_knee_jump | video_path=common_backend\uploads\9-14\high_knee_jump\20260220_140747_TEST_high_knee_jump_9-14_e95967e2.mp4
2026-02-20 19:37:47 | INFO | SCORING_PIPELINE_START | activity=high_knee_jump | age_group=9-14 | candidate_id=DCA9504C05
2026-02-20 19:37:47 | ERROR | SCORING_PIPELINE_FAIL | activity=high_knee_jump | age_group=9-14 | candidate_id=DCA9504C05 | error=name 'pose' is not defined
Traceback (most recent call last):
  File "D:\NayanDC\Physical_projects\common_backend\scoring.py", line 157, in score_activity_video
    calculation = calculator(
  File "D:\NayanDC\Physical_projects\high_knee_jump\common_calculation.py", line 25, in calculate_high_knee_jump
    raw = run_high_knee_jump(
  File "D:\NayanDC\Physical_projects\high_knee_jump\runtime.py", line 189, in run_high_knee_jump
    return run_common(
  File "D:\NayanDC\Physical_projects\high_knee_jump\runtime.py", line 169, in run_common
    return run_primary(
  File "D:\NayanDC\Physical_projects\high_knee_jump\runtime.py", line 146, in run_primary
    return fn(**kwargs)
  File "D:\NayanDC\Physical_projects\ages_9-13\high_knee\high_knee.py", line 457, in high_knee_jump
    # Run pose detection
NameError: name 'pose' is not defined
2026-02-20 19:37:50 | INFO | SCORING_FALLBACK_USED | activity=high_knee_jump | duration=14.66 | motion_ratio=0.1346 | score=1.95 | category=Poor
2026-02-20 19:37:50 | INFO | SCORING_DONE | activity=high_knee_jump | candidate_id=DCA9504C05 | score=1.95 | category=Poor
2026-02-20 19:37:50 | INFO | MONGO_CONNECT_OK | db=FitQuest_Physical_database | activity=high_knee_jump | candidate_id=DCA9504C05
2026-02-20 19:37:50 | INFO | MONGO_WRITE_OK | collection=users | candidate_id=DCA9504C05
2026-02-20 19:37:50 | INFO | MONGO_WRITE_OK | collection=children | candidate_id=DCA9504C05
2026-02-20 19:37:50 | INFO | MONGO_WRITE_OK | collection=high_knee_jump_results | candidate_id=DCA9504C05
2026-02-20 19:37:50 | INFO | MONGO_WRITE_OK | collection=high_knee_jump_calculation_variables | candidate_id=DCA9504C05
2026-02-20 19:37:50 | INFO | MONGO_WRITE_OK | collection=data_storage | candidate_id=DCA9504C05
2026-02-20 19:37:50 | INFO | MONGO_SAVE_OK | activity=high_knee_jump | candidate_id=DCA9504C05 | collections=users,children,high_knee_jump_results,high_knee_jump_calculation_variables,data_storage
2026-02-20 19:37:50 | INFO | REQUEST_DONE | activity=high_knee_jump | candidate_id=DCA9504C05 | saved_json=common_backend\results\scores.json
2026-02-20 19:37:50 | INFO | REQUEST_START | activity=shuttle_run | age_group=9-14 | age=10 | name=TEST_shuttle_run_9-14
2026-02-20 19:37:50 | INFO | VIDEO_SAVED | activity=shuttle_run | video_path=common_backend\uploads\9-14\shuttle_run\20260220_140750_TEST_shuttle_run_9-14_aa73f00d.mp4
2026-02-20 19:37:50 | INFO | SCORING_PIPELINE_START | activity=shuttle_run | age_group=9-14 | candidate_id=DC828454AF
2026-02-20 19:37:50 | INFO | CONE_DETECTION_STAGE_START | activity=shuttle_run | age_group=9-14 | candidate_id=DC828454AF
2026-02-20 19:37:50 | INFO | SHUTTLE_RUN_INPUT_READ_START | candidate_id=DC828454AF | age_group=9-14 | video_path=common_backend\uploads\9-14\shuttle_run\20260220_140750_TEST_shuttle_run_9-14_aa73f00d.mp4
2026-02-20 19:37:50 | INFO | SHUTTLE_RUN_INPUT_READ_DONE | candidate_id=DC828454AF | duration=14.66
2026-02-20 19:37:50 | INFO | SHUTTLE_RUN_CONE_DETECTION_EXECUTE | candidate_id=DC828454AF | resolved_group=9-13
2026-02-20 19:38:30 | ERROR | SCORING_PIPELINE_FAIL | activity=shuttle_run | age_group=9-14 | candidate_id=DC828454AF | error=name 'pose' is not defined
Traceback (most recent call last):
  File "D:\NayanDC\Physical_projects\common_backend\scoring.py", line 157, in score_activity_video
    calculation = calculator(
  File "D:\NayanDC\Physical_projects\shuttle_run\common_calculation.py", line 44, in calculate_shuttle_run
    raw = run_shuttle_run(
  File "D:\NayanDC\Physical_projects\shuttle_run\runtime.py", line 189, in run_shuttle_run
    return run_common(
  File "D:\NayanDC\Physical_projects\shuttle_run\runtime.py", line 169, in run_common
    return run_primary(
  File "D:\NayanDC\Physical_projects\shuttle_run\runtime.py", line 146, in run_primary
    return fn(**kwargs)
  File "D:\NayanDC\Physical_projects\ages_9-13\shuttle_run\shuttle_run.py", line 410, in shuttle_run
    results = pose.process(rgb)
NameError: name 'pose' is not defined
2026-02-20 19:38:33 | INFO | SCORING_FALLBACK_USED | activity=shuttle_run | duration=14.66 | motion_ratio=0.1346 | score=14.49 | category=Above Average
2026-02-20 19:38:33 | INFO | SCORING_DONE | activity=shuttle_run | candidate_id=DC828454AF | score=14.49 | category=Above Average
2026-02-20 19:38:33 | INFO | MONGO_CONNECT_OK | db=FitQuest_Physical_database | activity=shuttle_run | candidate_id=DC828454AF
2026-02-20 19:38:33 | INFO | MONGO_WRITE_OK | collection=users | candidate_id=DC828454AF
2026-02-20 19:38:33 | INFO | MONGO_WRITE_OK | collection=children | candidate_id=DC828454AF
2026-02-20 19:38:33 | INFO | MONGO_WRITE_OK | collection=shuttle_run_results | candidate_id=DC828454AF
2026-02-20 19:38:33 | INFO | MONGO_WRITE_OK | collection=shuttle_run_calculation_variables | candidate_id=DC828454AF
2026-02-20 19:38:33 | INFO | MONGO_WRITE_OK | collection=data_storage | candidate_id=DC828454AF
2026-02-20 19:38:33 | INFO | MONGO_SAVE_OK | activity=shuttle_run | candidate_id=DC828454AF | collections=users,children,shuttle_run_results,shuttle_run_calculation_variables,data_storage
2026-02-20 19:38:33 | INFO | REQUEST_DONE | activity=shuttle_run | candidate_id=DC828454AF | saved_json=common_backend\results\scores.json
2026-02-20 19:38:33 | INFO | REQUEST_START | activity=sprint_run_20m | age_group=9-14 | age=10 | name=TEST_sprint_run_20m_9-14
2026-02-20 19:38:33 | INFO | VIDEO_SAVED | activity=sprint_run_20m | video_path=common_backend\uploads\9-14\sprint_run_20m\20260220_140833_TEST_sprint_run_20m_9-14_ae7bd6f7.mp4
2026-02-20 19:38:33 | INFO | SCORING_PIPELINE_START | activity=sprint_run_20m | age_group=9-14 | candidate_id=DC4F87BB08
2026-02-20 19:38:33 | ERROR | SCORING_PIPELINE_FAIL | activity=sprint_run_20m | age_group=9-14 | candidate_id=DC4F87BB08 | error=name 'pose' is not defined
Traceback (most recent call last):
  File "D:\NayanDC\Physical_projects\common_backend\scoring.py", line 157, in score_activity_video
    calculation = calculator(
  File "D:\NayanDC\Physical_projects\Sprint_run_20_meter\common_calculation.py", line 25, in calculate_sprint_run_20m
    raw = run_sprint_run_20m(
  File "D:\NayanDC\Physical_projects\Sprint_run_20_meter\runtime.py", line 189, in run_sprint_run_20m
    return run_common(
  File "D:\NayanDC\Physical_projects\Sprint_run_20_meter\runtime.py", line 169, in run_common
    return run_primary(
  File "D:\NayanDC\Physical_projects\Sprint_run_20_meter\runtime.py", line 146, in run_primary
    return fn(**kwargs)
  File "D:\NayanDC\Physical_projects\ages_9-13\20m_running\sprint_run.py", line 343, in meter_run
    results = pose.process(rgb)
NameError: name 'pose' is not defined
2026-02-20 19:38:36 | INFO | SCORING_FALLBACK_USED | activity=sprint_run_20m | duration=14.66 | motion_ratio=0.1346 | score=14.49 | category=Above Average
2026-02-20 19:38:36 | INFO | SCORING_DONE | activity=sprint_run_20m | candidate_id=DC4F87BB08 | score=14.49 | category=Above Average
2026-02-20 19:38:36 | INFO | MONGO_CONNECT_OK | db=FitQuest_Physical_database | activity=sprint_run_20m | candidate_id=DC4F87BB08
2026-02-20 19:38:36 | INFO | MONGO_WRITE_OK | collection=users | candidate_id=DC4F87BB08
2026-02-20 19:38:36 | INFO | MONGO_WRITE_OK | collection=children | candidate_id=DC4F87BB08
2026-02-20 19:38:36 | INFO | MONGO_WRITE_OK | collection=sprint_run_20m_results | candidate_id=DC4F87BB08
2026-02-20 19:38:36 | INFO | MONGO_WRITE_OK | collection=sprint_run_20m_calculation_variables | candidate_id=DC4F87BB08
2026-02-20 19:38:36 | INFO | MONGO_WRITE_OK | collection=data_storage | candidate_id=DC4F87BB08
2026-02-20 19:38:36 | INFO | MONGO_SAVE_OK | activity=sprint_run_20m | candidate_id=DC4F87BB08 | collections=users,children,sprint_run_20m_results,sprint_run_20m_calculation_variables,data_storage
2026-02-20 19:38:36 | INFO | REQUEST_DONE | activity=sprint_run_20m | candidate_id=DC4F87BB08 | saved_json=common_backend\results\scores.json
2026-02-20 19:38:37 | INFO | REQUEST_START | activity=long_jump | age_group=9-14 | age=10 | name=TEST_long_jump_9-14
2026-02-20 19:38:37 | INFO | VIDEO_SAVED | activity=long_jump | video_path=common_backend\uploads\9-14\long_jump\20260220_140837_TEST_long_jump_9-14_716feaa0.mp4
2026-02-20 19:38:37 | INFO | SCORING_PIPELINE_START | activity=long_jump | age_group=9-14 | candidate_id=DC63967BE8
2026-02-20 19:38:37 | ERROR | SCORING_PIPELINE_FAIL | activity=long_jump | age_group=9-14 | candidate_id=DC63967BE8 | error=name 'pose' is not defined
Traceback (most recent call last):
  File "D:\NayanDC\Physical_projects\common_backend\scoring.py", line 157, in score_activity_video
    calculation = calculator(
  File "D:\NayanDC\Physical_projects\long_jump\common_calculation.py", line 25, in calculate_long_jump
    raw = run_long_jump(
  File "D:\NayanDC\Physical_projects\long_jump\runtime.py", line 190, in run_long_jump
    return run_common(
  File "D:\NayanDC\Physical_projects\long_jump\runtime.py", line 169, in run_common
    return run_primary(
  File "D:\NayanDC\Physical_projects\long_jump\runtime.py", line 146, in run_primary
    return fn(**kwargs)
  File "D:\NayanDC\Physical_projects\ages_9-13\long_jump\long_jump.py", line 268, in long_jump
    results = pose.process(rgb)
NameError: name 'pose' is not defined
2026-02-20 19:38:40 | INFO | SCORING_FALLBACK_USED | activity=long_jump | duration=14.66 | motion_ratio=0.1346 | score=14.81 | category=Above Average
2026-02-20 19:38:40 | INFO | SCORING_DONE | activity=long_jump | candidate_id=DC63967BE8 | score=14.81 | category=Above Average
2026-02-20 19:38:40 | INFO | MONGO_CONNECT_OK | db=FitQuest_Physical_database | activity=long_jump | candidate_id=DC63967BE8
2026-02-20 19:38:40 | INFO | MONGO_WRITE_OK | collection=users | candidate_id=DC63967BE8
2026-02-20 19:38:40 | INFO | MONGO_WRITE_OK | collection=children | candidate_id=DC63967BE8
2026-02-20 19:38:40 | INFO | MONGO_WRITE_OK | collection=long_jump_results | candidate_id=DC63967BE8
2026-02-20 19:38:40 | INFO | MONGO_WRITE_OK | collection=long_jump_calculation_variables | candidate_id=DC63967BE8
2026-02-20 19:38:40 | INFO | MONGO_WRITE_OK | collection=data_storage | candidate_id=DC63967BE8
2026-02-20 19:38:40 | INFO | MONGO_SAVE_OK | activity=long_jump | candidate_id=DC63967BE8 | collections=users,children,long_jump_results,long_jump_calculation_variables,data_storage
2026-02-20 19:38:40 | INFO | REQUEST_DONE | activity=long_jump | candidate_id=DC63967BE8 | saved_json=common_backend\results\scores.json
2026-02-20 19:38:40 | INFO | REQUEST_START | activity=high_knee_jump | age_group=14-18 | age=15 | name=TEST_high_knee_jump_14-18
2026-02-20 19:38:40 | INFO | VIDEO_SAVED | activity=high_knee_jump | video_path=common_backend\uploads\14-18\high_knee_jump\20260220_140840_TEST_high_knee_jump_14-18_2021381f.mp4
2026-02-20 19:38:40 | INFO | SCORING_PIPELINE_START | activity=high_knee_jump | age_group=14-18 | candidate_id=DCE78B763E
2026-02-20 19:38:40 | ERROR | SCORING_PIPELINE_FAIL | activity=high_knee_jump | age_group=14-18 | candidate_id=DCE78B763E | error=name 'pose' is not defined
Traceback (most recent call last):
  File "D:\NayanDC\Physical_projects\common_backend\scoring.py", line 157, in score_activity_video
    calculation = calculator(
  File "D:\NayanDC\Physical_projects\high_knee_jump\common_calculation.py", line 25, in calculate_high_knee_jump
    raw = run_high_knee_jump(
  File "D:\NayanDC\Physical_projects\high_knee_jump\runtime.py", line 189, in run_high_knee_jump
    return run_common(
  File "D:\NayanDC\Physical_projects\high_knee_jump\runtime.py", line 169, in run_common
    return run_primary(
  File "D:\NayanDC\Physical_projects\high_knee_jump\runtime.py", line 146, in run_primary
    return fn(**kwargs)
  File "D:\NayanDC\Physical_projects\ages_14-18\high_knee\high_knee.py", line 458, in high_knee_jump
    # Run pose detection
NameError: name 'pose' is not defined
2026-02-20 19:38:43 | INFO | SCORING_FALLBACK_USED | activity=high_knee_jump | duration=14.66 | motion_ratio=0.1346 | score=1.95 | category=Poor
2026-02-20 19:38:43 | INFO | SCORING_DONE | activity=high_knee_jump | candidate_id=DCE78B763E | score=1.95 | category=Poor
2026-02-20 19:38:43 | INFO | MONGO_CONNECT_OK | db=FitQuest_Physical_database | activity=high_knee_jump | candidate_id=DCE78B763E
2026-02-20 19:38:43 | INFO | MONGO_WRITE_OK | collection=users | candidate_id=DCE78B763E
2026-02-20 19:38:43 | INFO | MONGO_WRITE_OK | collection=children | candidate_id=DCE78B763E
2026-02-20 19:38:43 | INFO | MONGO_WRITE_OK | collection=high_knee_jump_results | candidate_id=DCE78B763E
2026-02-20 19:38:43 | INFO | MONGO_WRITE_OK | collection=high_knee_jump_calculation_variables | candidate_id=DCE78B763E
2026-02-20 19:38:43 | INFO | MONGO_WRITE_OK | collection=data_storage | candidate_id=DCE78B763E
2026-02-20 19:38:43 | INFO | MONGO_SAVE_OK | activity=high_knee_jump | candidate_id=DCE78B763E | collections=users,children,high_knee_jump_results,high_knee_jump_calculation_variables,data_storage
2026-02-20 19:38:43 | INFO | REQUEST_DONE | activity=high_knee_jump | candidate_id=DCE78B763E | saved_json=common_backend\results\scores.json
2026-02-20 19:38:44 | INFO | REQUEST_START | activity=shuttle_run | age_group=14-18 | age=15 | name=TEST_shuttle_run_14-18
2026-02-20 19:38:44 | INFO | VIDEO_SAVED | activity=shuttle_run | video_path=common_backend\uploads\14-18\shuttle_run\20260220_140844_TEST_shuttle_run_14-18_1bc4d7cd.mp4
2026-02-20 19:38:44 | INFO | SCORING_PIPELINE_START | activity=shuttle_run | age_group=14-18 | candidate_id=DC49A78104
2026-02-20 19:38:44 | INFO | CONE_DETECTION_STAGE_START | activity=shuttle_run | age_group=14-18 | candidate_id=DC49A78104
2026-02-20 19:38:44 | INFO | SHUTTLE_RUN_INPUT_READ_START | candidate_id=DC49A78104 | age_group=14-18 | video_path=common_backend\uploads\14-18\shuttle_run\20260220_140844_TEST_shuttle_run_14-18_1bc4d7cd.mp4
2026-02-20 19:38:44 | INFO | SHUTTLE_RUN_INPUT_READ_DONE | candidate_id=DC49A78104 | duration=14.66
2026-02-20 19:38:44 | INFO | SHUTTLE_RUN_CONE_DETECTION_EXECUTE | candidate_id=DC49A78104 | resolved_group=14-18
2026-02-20 19:39:23 | ERROR | SCORING_PIPELINE_FAIL | activity=shuttle_run | age_group=14-18 | candidate_id=DC49A78104 | error=name 'pose' is not defined
Traceback (most recent call last):
  File "D:\NayanDC\Physical_projects\common_backend\scoring.py", line 157, in score_activity_video
    calculation = calculator(
  File "D:\NayanDC\Physical_projects\shuttle_run\common_calculation.py", line 44, in calculate_shuttle_run
    raw = run_shuttle_run(
  File "D:\NayanDC\Physical_projects\shuttle_run\runtime.py", line 189, in run_shuttle_run
    return run_common(
  File "D:\NayanDC\Physical_projects\shuttle_run\runtime.py", line 169, in run_common
    return run_primary(
  File "D:\NayanDC\Physical_projects\shuttle_run\runtime.py", line 146, in run_primary
    return fn(**kwargs)
  File "D:\NayanDC\Physical_projects\ages_14-18\shuttle_run\shuttle_run.py", line 436, in shuttle_run
    results = pose.process(rgb)
NameError: name 'pose' is not defined
2026-02-20 19:39:26 | INFO | SCORING_FALLBACK_USED | activity=shuttle_run | duration=14.66 | motion_ratio=0.1346 | score=14.49 | category=Above Average
2026-02-20 19:39:26 | INFO | SCORING_DONE | activity=shuttle_run | candidate_id=DC49A78104 | score=14.49 | category=Above Average
2026-02-20 19:39:26 | INFO | MONGO_CONNECT_OK | db=FitQuest_Physical_database | activity=shuttle_run | candidate_id=DC49A78104
2026-02-20 19:39:26 | INFO | MONGO_WRITE_OK | collection=users | candidate_id=DC49A78104
2026-02-20 19:39:26 | INFO | MONGO_WRITE_OK | collection=children | candidate_id=DC49A78104
2026-02-20 19:39:26 | INFO | MONGO_WRITE_OK | collection=shuttle_run_results | candidate_id=DC49A78104
2026-02-20 19:39:26 | INFO | MONGO_WRITE_OK | collection=shuttle_run_calculation_variables | candidate_id=DC49A78104
2026-02-20 19:39:26 | INFO | MONGO_WRITE_OK | collection=data_storage | candidate_id=DC49A78104
2026-02-20 19:39:26 | INFO | MONGO_SAVE_OK | activity=shuttle_run | candidate_id=DC49A78104 | collections=users,children,shuttle_run_results,shuttle_run_calculation_variables,data_storage
2026-02-20 19:39:26 | INFO | REQUEST_DONE | activity=shuttle_run | candidate_id=DC49A78104 | saved_json=common_backend\results\scores.json
2026-02-20 19:39:26 | INFO | REQUEST_START | activity=sprint_run_20m | age_group=14-18 | age=15 | name=TEST_sprint_run_20m_14-18
2026-02-20 19:39:26 | INFO | VIDEO_SAVED | activity=sprint_run_20m | video_path=common_backend\uploads\14-18\sprint_run_20m\20260220_140926_TEST_sprint_run_20m_14-18_3aecf608.mp4
2026-02-20 19:39:26 | INFO | SCORING_PIPELINE_START | activity=sprint_run_20m | age_group=14-18 | candidate_id=DCA7B01A60
2026-02-20 19:39:26 | ERROR | SCORING_PIPELINE_FAIL | activity=sprint_run_20m | age_group=14-18 | candidate_id=DCA7B01A60 | error=name 'pose' is not defined
Traceback (most recent call last):
  File "D:\NayanDC\Physical_projects\common_backend\scoring.py", line 157, in score_activity_video
    calculation = calculator(
  File "D:\NayanDC\Physical_projects\Sprint_run_20_meter\common_calculation.py", line 25, in calculate_sprint_run_20m
    raw = run_sprint_run_20m(
  File "D:\NayanDC\Physical_projects\Sprint_run_20_meter\runtime.py", line 189, in run_sprint_run_20m
    return run_common(
  File "D:\NayanDC\Physical_projects\Sprint_run_20_meter\runtime.py", line 169, in run_common
    return run_primary(
  File "D:\NayanDC\Physical_projects\Sprint_run_20_meter\runtime.py", line 146, in run_primary
    return fn(**kwargs)
  File "D:\NayanDC\Physical_projects\ages_14-18\20m_running\sprint_run.py", line 343, in meter_run
    results = pose.process(rgb)
NameError: name 'pose' is not defined
2026-02-20 19:39:29 | INFO | SCORING_FALLBACK_USED | activity=sprint_run_20m | duration=14.66 | motion_ratio=0.1346 | score=14.49 | category=Above Average
2026-02-20 19:39:29 | INFO | SCORING_DONE | activity=sprint_run_20m | candidate_id=DCA7B01A60 | score=14.49 | category=Above Average
2026-02-20 19:39:29 | INFO | MONGO_CONNECT_OK | db=FitQuest_Physical_database | activity=sprint_run_20m | candidate_id=DCA7B01A60
2026-02-20 19:39:29 | INFO | MONGO_WRITE_OK | collection=users | candidate_id=DCA7B01A60
2026-02-20 19:39:29 | INFO | MONGO_WRITE_OK | collection=children | candidate_id=DCA7B01A60
2026-02-20 19:39:29 | INFO | MONGO_WRITE_OK | collection=sprint_run_20m_results | candidate_id=DCA7B01A60
2026-02-20 19:39:29 | INFO | MONGO_WRITE_OK | collection=sprint_run_20m_calculation_variables | candidate_id=DCA7B01A60
2026-02-20 19:39:29 | INFO | MONGO_WRITE_OK | collection=data_storage | candidate_id=DCA7B01A60
2026-02-20 19:39:29 | INFO | MONGO_SAVE_OK | activity=sprint_run_20m | candidate_id=DCA7B01A60 | collections=users,children,sprint_run_20m_results,sprint_run_20m_calculation_variables,data_storage
2026-02-20 19:39:29 | INFO | REQUEST_DONE | activity=sprint_run_20m | candidate_id=DCA7B01A60 | saved_json=common_backend\results\scores.json
2026-02-20 19:39:30 | INFO | REQUEST_START | activity=long_jump | age_group=14-18 | age=15 | name=TEST_long_jump_14-18
2026-02-20 19:39:30 | INFO | VIDEO_SAVED | activity=long_jump | video_path=common_backend\uploads\14-18\long_jump\20260220_140930_TEST_long_jump_14-18_037c379b.mp4
2026-02-20 19:39:30 | INFO | SCORING_PIPELINE_START | activity=long_jump | age_group=14-18 | candidate_id=DCD49CB323
2026-02-20 19:39:30 | ERROR | SCORING_PIPELINE_FAIL | activity=long_jump | age_group=14-18 | candidate_id=DCD49CB323 | error=name 'pose' is not defined
Traceback (most recent call last):
  File "D:\NayanDC\Physical_projects\common_backend\scoring.py", line 157, in score_activity_video
    calculation = calculator(
  File "D:\NayanDC\Physical_projects\long_jump\common_calculation.py", line 25, in calculate_long_jump
    raw = run_long_jump(
  File "D:\NayanDC\Physical_projects\long_jump\runtime.py", line 190, in run_long_jump
    return run_common(
  File "D:\NayanDC\Physical_projects\long_jump\runtime.py", line 169, in run_common
    return run_primary(
  File "D:\NayanDC\Physical_projects\long_jump\runtime.py", line 146, in run_primary
    return fn(**kwargs)
  File "D:\NayanDC\Physical_projects\ages_14-18\long_jump\long_jump.py", line 268, in long_jump
    results = pose.process(rgb)
NameError: name 'pose' is not defined
2026-02-20 19:39:33 | INFO | SCORING_FALLBACK_USED | activity=long_jump | duration=14.66 | motion_ratio=0.1346 | score=14.81 | category=Above Average
2026-02-20 19:39:33 | INFO | SCORING_DONE | activity=long_jump | candidate_id=DCD49CB323 | score=14.81 | category=Above Average
2026-02-20 19:39:33 | INFO | MONGO_CONNECT_OK | db=FitQuest_Physical_database | activity=long_jump | candidate_id=DCD49CB323
2026-02-20 19:39:33 | INFO | MONGO_WRITE_OK | collection=users | candidate_id=DCD49CB323
2026-02-20 19:39:33 | INFO | MONGO_WRITE_OK | collection=children | candidate_id=DCD49CB323
2026-02-20 19:39:33 | INFO | MONGO_WRITE_OK | collection=long_jump_results | candidate_id=DCD49CB323
2026-02-20 19:39:33 | INFO | MONGO_WRITE_OK | collection=long_jump_calculation_variables | candidate_id=DCD49CB323
2026-02-20 19:39:33 | INFO | MONGO_WRITE_OK | collection=data_storage | candidate_id=DCD49CB323
2026-02-20 19:39:33 | INFO | MONGO_SAVE_OK | activity=long_jump | candidate_id=DCD49CB323 | collections=users,children,long_jump_results,long_jump_calculation_variables,data_storage
2026-02-20 19:39:33 | INFO | REQUEST_DONE | activity=long_jump | candidate_id=DCD49CB323 | saved_json=common_backend\results\scores.json
2026-02-20 19:39:34 | INFO | REQUEST_START | activity=high_knee_jump | age_group=6-9 | age=7 | name=TEST_ROUTE_VARIANT
2026-02-20 19:39:34 | INFO | VIDEO_SAVED | activity=high_knee_jump | video_path=common_backend\uploads\6-9\high_knee_jump\20260220_140934_TEST_ROUTE_VARIANT_ba44db35.mp4
2026-02-20 19:39:34 | INFO | SCORING_PIPELINE_START | activity=high_knee_jump | age_group=6-9 | candidate_id=DCC2FD7BB8
2026-02-20 19:39:34 | ERROR | SCORING_PIPELINE_FAIL | activity=high_knee_jump | age_group=6-9 | candidate_id=DCC2FD7BB8 | error=name 'pose' is not defined
Traceback (most recent call last):
  File "D:\NayanDC\Physical_projects\common_backend\scoring.py", line 157, in score_activity_video
    calculation = calculator(
  File "D:\NayanDC\Physical_projects\high_knee_jump\common_calculation.py", line 25, in calculate_high_knee_jump
    raw = run_high_knee_jump(
  File "D:\NayanDC\Physical_projects\high_knee_jump\runtime.py", line 189, in run_high_knee_jump
    return run_common(
  File "D:\NayanDC\Physical_projects\high_knee_jump\runtime.py", line 169, in run_common
    return run_primary(
  File "D:\NayanDC\Physical_projects\high_knee_jump\runtime.py", line 146, in run_primary
    return fn(**kwargs)
  File "D:\NayanDC\Physical_projects\ages_6-9\high_knee\high_knee.py", line 458, in high_knee_jump
    results = pose.process(rgb)
NameError: name 'pose' is not defined
2026-02-20 19:39:39 | INFO | SCORING_FALLBACK_USED | activity=high_knee_jump | duration=14.66 | motion_ratio=0.1346 | score=1.95 | category=Poor
2026-02-20 19:39:39 | INFO | SCORING_DONE | activity=high_knee_jump | candidate_id=DCC2FD7BB8 | score=1.95 | category=Poor
2026-02-20 19:39:39 | INFO | MONGO_CONNECT_OK | db=FitQuest_Physical_database | activity=high_knee_jump | candidate_id=DCC2FD7BB8
2026-02-20 19:39:39 | INFO | MONGO_WRITE_OK | collection=users | candidate_id=DCC2FD7BB8
2026-02-20 19:39:39 | INFO | MONGO_WRITE_OK | collection=children | candidate_id=DCC2FD7BB8
2026-02-20 19:39:39 | INFO | MONGO_WRITE_OK | collection=high_knee_jump_results | candidate_id=DCC2FD7BB8
2026-02-20 19:39:39 | INFO | MONGO_WRITE_OK | collection=high_knee_jump_calculation_variables | candidate_id=DCC2FD7BB8
2026-02-20 19:39:39 | INFO | MONGO_WRITE_OK | collection=data_storage | candidate_id=DCC2FD7BB8
2026-02-20 19:39:39 | INFO | MONGO_SAVE_OK | activity=high_knee_jump | candidate_id=DCC2FD7BB8 | collections=users,children,high_knee_jump_results,high_knee_jump_calculation_variables,data_storage
2026-02-20 19:39:39 | INFO | REQUEST_DONE | activity=high_knee_jump | candidate_id=DCC2FD7BB8 | saved_json=common_backend\results\scores.json
2026-02-21 18:47:11 | INFO | REQUEST_START | activity=shuttle_run | age_group=6-9 | age=8 | name=sdfghj
2026-02-21 18:47:11 | INFO | VIDEO_SAVED | activity=shuttle_run | video_path=common_backend\uploads\6-9\shuttle_run\20260221_131711_sdfghj_9420594d.mp4
2026-02-21 18:47:11 | INFO | SCORING_PIPELINE_START | activity=shuttle_run | age_group=6-9 | candidate_id=DC1C644646
2026-02-21 18:47:11 | INFO | CONE_DETECTION_STAGE_START | activity=shuttle_run | age_group=6-9 | candidate_id=DC1C644646
2026-02-21 18:47:11 | INFO | SHUTTLE_RUN_INPUT_READ_START | candidate_id=DC1C644646 | age_group=6-9 | video_path=common_backend\uploads\6-9\shuttle_run\20260221_131711_sdfghj_9420594d.mp4
2026-02-21 18:47:12 | INFO | SHUTTLE_RUN_INPUT_READ_DONE | candidate_id=DC1C644646 | duration=13.69
2026-02-21 18:47:12 | INFO | SHUTTLE_RUN_CONE_DETECTION_EXECUTE | candidate_id=DC1C644646 | resolved_group=6-9
2026-02-21 18:48:04 | ERROR | SCORING_PIPELINE_FAIL | activity=shuttle_run | age_group=6-9 | candidate_id=DC1C644646 | error=name 'pose' is not defined
Traceback (most recent call last):
  File "D:\NayanDC\Physical_projects\common_backend\scoring.py", line 157, in score_activity_video
    calculation = calculator(
  File "D:\NayanDC\Physical_projects\shuttle_run\common_calculation.py", line 44, in calculate_shuttle_run
    raw = run_shuttle_run(
  File "D:\NayanDC\Physical_projects\shuttle_run\runtime.py", line 189, in run_shuttle_run
    return run_common(
  File "D:\NayanDC\Physical_projects\shuttle_run\runtime.py", line 169, in run_common
    return run_primary(
  File "D:\NayanDC\Physical_projects\shuttle_run\runtime.py", line 146, in run_primary
    return fn(**kwargs)
  File "D:\NayanDC\Physical_projects\ages_6-9\shuttle_run\shuttle_run.py", line 407, in shuttle_run
    results = pose.process(rgb)
NameError: name 'pose' is not defined
2026-02-21 18:48:10 | INFO | SCORING_FALLBACK_USED | activity=shuttle_run | duration=13.69 | motion_ratio=0.1698 | score=13.80 | category=Above Average
2026-02-21 18:48:10 | INFO | SCORING_DONE | activity=shuttle_run | candidate_id=DC1C644646 | score=13.8 | category=Above Average
2026-02-21 18:48:10 | INFO | MONGO_CONNECT_OK | db=FitQuest_Physical_database | activity=shuttle_run | candidate_id=DC1C644646
2026-02-21 18:48:10 | INFO | MONGO_WRITE_OK | collection=users | candidate_id=DC1C644646
2026-02-21 18:48:10 | INFO | MONGO_WRITE_OK | collection=children | candidate_id=DC1C644646
2026-02-21 18:48:10 | INFO | MONGO_WRITE_OK | collection=shuttle_run_results | candidate_id=DC1C644646
2026-02-21 18:48:10 | INFO | MONGO_WRITE_OK | collection=shuttle_run_calculation_variables | candidate_id=DC1C644646
2026-02-21 18:48:10 | INFO | MONGO_WRITE_OK | collection=data_storage | candidate_id=DC1C644646
2026-02-21 18:48:10 | INFO | MONGO_SAVE_OK | activity=shuttle_run | candidate_id=DC1C644646 | collections=users,children,shuttle_run_results,shuttle_run_calculation_variables,data_storage
2026-02-21 18:48:10 | INFO | REQUEST_DONE | activity=shuttle_run | candidate_id=DC1C644646 | saved_json=common_backend\results\scores.json
2026-02-21 18:49:26 | INFO | REQUEST_START | activity=high_knee_jump | age_group=6-9 | age=8 | name=sdfghj
2026-02-21 18:49:26 | INFO | VIDEO_SAVED | activity=high_knee_jump | video_path=common_backend\uploads\6-9\high_knee_jump\20260221_131926_sdfghj_2b250a11.mp4
2026-02-21 18:49:26 | INFO | SCORING_PIPELINE_START | activity=high_knee_jump | age_group=6-9 | candidate_id=DC9C971385
2026-02-21 18:49:29 | ERROR | SCORING_PIPELINE_FAIL | activity=high_knee_jump | age_group=6-9 | candidate_id=DC9C971385 | error=name 'pose' is not defined
Traceback (most recent call last):
  File "D:\NayanDC\Physical_projects\common_backend\scoring.py", line 157, in score_activity_video
    calculation = calculator(
  File "D:\NayanDC\Physical_projects\high_knee_jump\common_calculation.py", line 25, in calculate_high_knee_jump
    raw = run_high_knee_jump(
  File "D:\NayanDC\Physical_projects\high_knee_jump\runtime.py", line 189, in run_high_knee_jump
    return run_common(
  File "D:\NayanDC\Physical_projects\high_knee_jump\runtime.py", line 169, in run_common
    return run_primary(
  File "D:\NayanDC\Physical_projects\high_knee_jump\runtime.py", line 146, in run_primary
    return fn(**kwargs)
  File "D:\NayanDC\Physical_projects\ages_6-9\high_knee\high_knee.py", line 458, in high_knee_jump
    results = pose.process(rgb)
NameError: name 'pose' is not defined
2026-02-21 18:49:43 | INFO | SCORING_FALLBACK_USED | activity=high_knee_jump | duration=86.33 | motion_ratio=0.6933 | score=10.87 | category=Average
2026-02-21 18:49:43 | INFO | SCORING_DONE | activity=high_knee_jump | candidate_id=DC9C971385 | score=10.87 | category=Average
2026-02-21 18:49:43 | INFO | MONGO_CONNECT_OK | db=FitQuest_Physical_database | activity=high_knee_jump | candidate_id=DC9C971385
2026-02-21 18:49:43 | INFO | MONGO_WRITE_OK | collection=users | candidate_id=DC9C971385
2026-02-21 18:49:43 | INFO | MONGO_WRITE_OK | collection=children | candidate_id=DC9C971385
2026-02-21 18:49:43 | INFO | MONGO_WRITE_OK | collection=high_knee_jump_results | candidate_id=DC9C971385
2026-02-21 18:49:43 | INFO | MONGO_WRITE_OK | collection=high_knee_jump_calculation_variables | candidate_id=DC9C971385
2026-02-21 18:49:43 | INFO | MONGO_WRITE_OK | collection=data_storage | candidate_id=DC9C971385
2026-02-21 18:49:43 | INFO | MONGO_SAVE_OK | activity=high_knee_jump | candidate_id=DC9C971385 | collections=users,children,high_knee_jump_results,high_knee_jump_calculation_variables,data_storage
2026-02-21 18:49:43 | INFO | REQUEST_DONE | activity=high_knee_jump | candidate_id=DC9C971385 | saved_json=common_backend\results\scores.json
2026-02-27 14:18:59 | INFO | REQUEST_START | activity=shuttle_run | age_group=6-9 | age=8 | name=tyu
2026-02-27 14:18:59 | INFO | VIDEO_SAVED | activity=shuttle_run | video_path=common_backend\uploads\6-9\shuttle_run\20260227_084859_tyu_90873597.mp4
2026-02-27 14:18:59 | INFO | SCORING_PIPELINE_START | activity=shuttle_run | age_group=6-9 | candidate_id=DC2C279404
2026-02-27 14:18:59 | INFO | CONE_DETECTION_STAGE_START | activity=shuttle_run | age_group=6-9 | candidate_id=DC2C279404
2026-02-27 14:18:59 | INFO | SHUTTLE_RUN_INPUT_READ_START | candidate_id=DC2C279404 | age_group=6-9 | video_path=common_backend\uploads\6-9\shuttle_run\20260227_084859_tyu_90873597.mp4
2026-02-27 14:19:05 | INFO | SHUTTLE_RUN_INPUT_READ_DONE | candidate_id=DC2C279404 | duration=14.66
2026-02-27 14:19:05 | INFO | SHUTTLE_RUN_CONE_DETECTION_EXECUTE | candidate_id=DC2C279404 | resolved_group=6-9
2026-02-27 14:21:26 | ERROR | SCORING_PIPELINE_FAIL | activity=shuttle_run | age_group=6-9 | candidate_id=DC2C279404 | error=name 'pose' is not defined
Traceback (most recent call last):
  File "D:\NayanDC\Physical_projects\common_backend\scoring.py", line 157, in score_activity_video
    calculation = calculator(
  File "D:\NayanDC\Physical_projects\shuttle_run\common_calculation.py", line 44, in calculate_shuttle_run
    raw = run_shuttle_run(
  File "D:\NayanDC\Physical_projects\shuttle_run\runtime.py", line 189, in run_shuttle_run
    return run_common(
  File "D:\NayanDC\Physical_projects\shuttle_run\runtime.py", line 169, in run_common
    return run_primary(
  File "D:\NayanDC\Physical_projects\shuttle_run\runtime.py", line 146, in run_primary
    return fn(**kwargs)
  File "D:\NayanDC\Physical_projects\ages_6-9\shuttle_run\shuttle_run.py", line 407, in shuttle_run
    results = pose.process(rgb)
NameError: name 'pose' is not defined
2026-02-27 14:21:36 | INFO | SCORING_FALLBACK_USED | activity=shuttle_run | duration=14.66 | motion_ratio=0.1346 | score=14.49 | category=Above Average
2026-02-27 14:21:36 | INFO | SCORING_DONE | activity=shuttle_run | candidate_id=DC2C279404 | score=14.49 | category=Above Average
2026-02-27 14:21:36 | INFO | MONGO_CONNECT_OK | db=FitQuest_Physical_database | activity=shuttle_run | candidate_id=DC2C279404
2026-02-27 14:21:36 | INFO | MONGO_WRITE_OK | collection=users | candidate_id=DC2C279404
2026-02-27 14:21:36 | INFO | MONGO_WRITE_OK | collection=children | candidate_id=DC2C279404
2026-02-27 14:21:36 | INFO | MONGO_WRITE_OK | collection=shuttle_run_results | candidate_id=DC2C279404
2026-02-27 14:21:36 | INFO | MONGO_WRITE_OK | collection=shuttle_run_calculation_variables | candidate_id=DC2C279404
2026-02-27 14:21:36 | INFO | MONGO_WRITE_OK | collection=data_storage | candidate_id=DC2C279404
2026-02-27 14:21:36 | INFO | MONGO_SAVE_OK | activity=shuttle_run | candidate_id=DC2C279404 | collections=users,children,shuttle_run_results,shuttle_run_calculation_variables,data_storage
2026-02-27 14:21:36 | INFO | REQUEST_DONE | activity=shuttle_run | candidate_id=DC2C279404 | saved_json=common_backend\results\scores.json
2026-02-27 14:22:38 | INFO | REQUEST_START | activity=shuttle_run | age_group=9-14 | age=9 | name=rtghjk
2026-02-27 14:22:38 | INFO | VIDEO_SAVED | activity=shuttle_run | video_path=common_backend\uploads\9-14\shuttle_run\20260227_085238_rtghjk_c6dcff2e.mp4
2026-02-27 14:22:38 | INFO | SCORING_PIPELINE_START | activity=shuttle_run | age_group=9-14 | candidate_id=DC67C182EC
2026-02-27 14:22:38 | INFO | CONE_DETECTION_STAGE_START | activity=shuttle_run | age_group=9-14 | candidate_id=DC67C182EC
2026-02-27 14:22:38 | INFO | SHUTTLE_RUN_INPUT_READ_START | candidate_id=DC67C182EC | age_group=9-14 | video_path=common_backend\uploads\9-14\shuttle_run\20260227_085238_rtghjk_c6dcff2e.mp4
2026-02-27 14:22:38 | INFO | SHUTTLE_RUN_INPUT_READ_DONE | candidate_id=DC67C182EC | duration=14.66
2026-02-27 14:22:38 | INFO | SHUTTLE_RUN_CONE_DETECTION_EXECUTE | candidate_id=DC67C182EC | resolved_group=9-13
2026-02-27 14:23:18 | ERROR | SCORING_PIPELINE_FAIL | activity=shuttle_run | age_group=9-14 | candidate_id=DC67C182EC | error=name 'pose' is not defined
Traceback (most recent call last):
  File "D:\NayanDC\Physical_projects\common_backend\scoring.py", line 157, in score_activity_video
    calculation = calculator(
  File "D:\NayanDC\Physical_projects\shuttle_run\common_calculation.py", line 44, in calculate_shuttle_run
    raw = run_shuttle_run(
  File "D:\NayanDC\Physical_projects\shuttle_run\runtime.py", line 189, in run_shuttle_run
    return run_common(
  File "D:\NayanDC\Physical_projects\shuttle_run\runtime.py", line 169, in run_common
    return run_primary(
  File "D:\NayanDC\Physical_projects\shuttle_run\runtime.py", line 146, in run_primary
    return fn(**kwargs)
  File "D:\NayanDC\Physical_projects\ages_9-13\shuttle_run\shuttle_run.py", line 410, in shuttle_run
    results = pose.process(rgb)
NameError: name 'pose' is not defined
2026-02-27 14:23:27 | INFO | SCORING_FALLBACK_USED | activity=shuttle_run | duration=14.66 | motion_ratio=0.1346 | score=14.49 | category=Above Average
2026-02-27 14:23:27 | INFO | SCORING_DONE | activity=shuttle_run | candidate_id=DC67C182EC | score=14.49 | category=Above Average
2026-02-27 14:23:27 | INFO | MONGO_CONNECT_OK | db=FitQuest_Physical_database | activity=shuttle_run | candidate_id=DC67C182EC
2026-02-27 14:23:27 | INFO | MONGO_WRITE_OK | collection=users | candidate_id=DC67C182EC
2026-02-27 14:23:27 | INFO | MONGO_WRITE_OK | collection=children | candidate_id=DC67C182EC
2026-02-27 14:23:27 | INFO | MONGO_WRITE_OK | collection=shuttle_run_results | candidate_id=DC67C182EC
2026-02-27 14:23:27 | INFO | MONGO_WRITE_OK | collection=shuttle_run_calculation_variables | candidate_id=DC67C182EC
2026-02-27 14:23:27 | INFO | MONGO_WRITE_OK | collection=data_storage | candidate_id=DC67C182EC
2026-02-27 14:23:27 | INFO | MONGO_SAVE_OK | activity=shuttle_run | candidate_id=DC67C182EC | collections=users,children,shuttle_run_results,shuttle_run_calculation_variables,data_storage
2026-02-27 14:23:27 | INFO | REQUEST_DONE | activity=shuttle_run | candidate_id=DC67C182EC | saved_json=common_backend\results\scores.json
2026-02-27 14:24:04 | INFO | REQUEST_START | activity=high_knee_jump | age_group=9-14 | age=9 | name=rtghjk
2026-02-27 14:24:04 | INFO | VIDEO_SAVED | activity=high_knee_jump | video_path=common_backend\uploads\9-14\high_knee_jump\20260227_085404_rtghjk_aebe2903.mp4
2026-02-27 14:24:04 | INFO | SCORING_PIPELINE_START | activity=high_knee_jump | age_group=9-14 | candidate_id=DCBFB25894
2026-02-27 14:24:04 | ERROR | SCORING_PIPELINE_FAIL | activity=high_knee_jump | age_group=9-14 | candidate_id=DCBFB25894 | error=name 'pose' is not defined
Traceback (most recent call last):
  File "D:\NayanDC\Physical_projects\common_backend\scoring.py", line 157, in score_activity_video
    calculation = calculator(
  File "D:\NayanDC\Physical_projects\high_knee_jump\common_calculation.py", line 25, in calculate_high_knee_jump
    raw = run_high_knee_jump(
  File "D:\NayanDC\Physical_projects\high_knee_jump\runtime.py", line 189, in run_high_knee_jump
    return run_common(
  File "D:\NayanDC\Physical_projects\high_knee_jump\runtime.py", line 169, in run_common
    return run_primary(
  File "D:\NayanDC\Physical_projects\high_knee_jump\runtime.py", line 146, in run_primary
    return fn(**kwargs)
  File "D:\NayanDC\Physical_projects\ages_9-13\high_knee\high_knee.py", line 457, in high_knee_jump
    # Run pose detection
NameError: name 'pose' is not defined
2026-02-27 14:24:14 | INFO | SCORING_FALLBACK_USED | activity=high_knee_jump | duration=14.66 | motion_ratio=0.1346 | score=1.95 | category=Poor
2026-02-27 14:24:14 | INFO | SCORING_DONE | activity=high_knee_jump | candidate_id=DCBFB25894 | score=1.95 | category=Poor
2026-02-27 14:24:14 | INFO | MONGO_CONNECT_OK | db=FitQuest_Physical_database | activity=high_knee_jump | candidate_id=DCBFB25894
2026-02-27 14:24:14 | INFO | MONGO_WRITE_OK | collection=users | candidate_id=DCBFB25894
2026-02-27 14:24:14 | INFO | MONGO_WRITE_OK | collection=children | candidate_id=DCBFB25894
2026-02-27 14:24:14 | INFO | MONGO_WRITE_OK | collection=high_knee_jump_results | candidate_id=DCBFB25894
2026-02-27 14:24:14 | INFO | MONGO_WRITE_OK | collection=high_knee_jump_calculation_variables | candidate_id=DCBFB25894
2026-02-27 14:24:14 | INFO | MONGO_WRITE_OK | collection=data_storage | candidate_id=DCBFB25894
2026-02-27 14:24:14 | INFO | MONGO_SAVE_OK | activity=high_knee_jump | candidate_id=DCBFB25894 | collections=users,children,high_knee_jump_results,high_knee_jump_calculation_variables,data_storage
2026-02-27 14:24:14 | INFO | REQUEST_DONE | activity=high_knee_jump | candidate_id=DCBFB25894 | saved_json=common_backend\results\scores.json
2026-03-10 19:19:00 | INFO | REQUEST_START | activity=high_knee_jump | age_group=9-14 | age=9 | name=rrrrrr
2026-03-10 19:19:01 | INFO | VIDEO_SAVED | activity=high_knee_jump | video_path=common_backend\uploads\9-14\high_knee_jump\20260310_134900_rrrrrr_4c06fb13.mp4
2026-03-10 19:19:01 | INFO | SCORING_PIPELINE_START | activity=high_knee_jump | age_group=9-14 | candidate_id=DC6E8B0C9B
2026-03-10 19:19:12 | ERROR | SCORING_PIPELINE_FAIL | activity=high_knee_jump | age_group=9-14 | candidate_id=DC6E8B0C9B | error=name 'pose' is not defined
Traceback (most recent call last):
  File "D:\NayanDC\Physical_projects\common_backend\scoring.py", line 157, in score_activity_video
    calculation = calculator(
  File "D:\NayanDC\Physical_projects\high_knee_jump\common_calculation.py", line 25, in calculate_high_knee_jump
    raw = run_high_knee_jump(
  File "D:\NayanDC\Physical_projects\high_knee_jump\runtime.py", line 189, in run_high_knee_jump
    return run_common(
  File "D:\NayanDC\Physical_projects\high_knee_jump\runtime.py", line 169, in run_common
    return run_primary(
  File "D:\NayanDC\Physical_projects\high_knee_jump\runtime.py", line 146, in run_primary
    return fn(**kwargs)
  File "D:\NayanDC\Physical_projects\ages_9-13\high_knee\high_knee.py", line 457, in high_knee_jump
    # Run pose detection
NameError: name 'pose' is not defined
2026-03-10 19:19:17 | INFO | SCORING_FALLBACK_USED | activity=high_knee_jump | duration=14.66 | motion_ratio=0.1346 | score=1.95 | category=Poor
2026-03-10 19:19:17 | INFO | SCORING_DONE | activity=high_knee_jump | candidate_id=DC6E8B0C9B | score=1.95 | category=Poor
2026-03-10 19:19:17 | INFO | MONGO_CONNECT_OK | db=FitQuest_Physical_database | activity=high_knee_jump | candidate_id=DC6E8B0C9B
2026-03-10 19:19:17 | INFO | MONGO_WRITE_OK | collection=users | candidate_id=DC6E8B0C9B
2026-03-10 19:19:17 | INFO | MONGO_WRITE_OK | collection=children | candidate_id=DC6E8B0C9B
2026-03-10 19:19:17 | INFO | MONGO_WRITE_OK | collection=high_knee_jump_results | candidate_id=DC6E8B0C9B
2026-03-10 19:19:17 | INFO | MONGO_WRITE_OK | collection=high_knee_jump_calculation_variables | candidate_id=DC6E8B0C9B
2026-03-10 19:19:17 | INFO | MONGO_WRITE_OK | collection=data_storage | candidate_id=DC6E8B0C9B
2026-03-10 19:19:17 | INFO | MONGO_SAVE_OK | activity=high_knee_jump | candidate_id=DC6E8B0C9B | collections=users,children,high_knee_jump_results,high_knee_jump_calculation_variables,data_storage
2026-03-10 19:19:17 | INFO | REQUEST_DONE | activity=high_knee_jump | candidate_id=DC6E8B0C9B | saved_json=common_backend\results\scores.json
2026-03-10 19:29:23 | INFO | REQUEST_START | activity=shuttle_run | age_group=9-14 | age=10 | name=VERIFY_SHUTTLE
2026-03-10 19:29:24 | INFO | VIDEO_SAVED | activity=shuttle_run | video_path=common_backend\uploads\9-14\shuttle_run\20260310_135923_VERIFY_SHUTTLE_31ea9e9c.mp4
2026-03-10 19:29:24 | INFO | SCORING_PIPELINE_START | activity=shuttle_run | age_group=9-14 | candidate_id=DC67C7BC8E
2026-03-10 19:29:24 | INFO | CONE_DETECTION_STAGE_START | activity=shuttle_run | age_group=9-14 | candidate_id=DC67C7BC8E
2026-03-10 19:29:24 | INFO | SHUTTLE_RUN_INPUT_READ_START | candidate_id=DC67C7BC8E | age_group=9-14 | video_path=common_backend\uploads\9-14\shuttle_run\20260310_135923_VERIFY_SHUTTLE_31ea9e9c.mp4
2026-03-10 19:29:24 | INFO | SHUTTLE_RUN_INPUT_READ_DONE | candidate_id=DC67C7BC8E | duration=14.66
2026-03-10 19:29:24 | INFO | SHUTTLE_RUN_CONE_DETECTION_EXECUTE | candidate_id=DC67C7BC8E | resolved_group=9-13
2026-03-10 19:31:12 | ERROR | SCORING_PIPELINE_FAIL | activity=shuttle_run | age_group=9-14 | candidate_id=DC67C7BC8E | error=name 'pose' is not defined
Traceback (most recent call last):
  File "D:\NayanDC\Physical_projects\common_backend\scoring.py", line 157, in score_activity_video
    calculation = calculator(
  File "D:\NayanDC\Physical_projects\shuttle_run\common_calculation.py", line 44, in calculate_shuttle_run
    raw = run_shuttle_run(
  File "D:\NayanDC\Physical_projects\shuttle_run\runtime.py", line 189, in run_shuttle_run
    return run_common(
  File "D:\NayanDC\Physical_projects\shuttle_run\runtime.py", line 169, in run_common
    return run_primary(
  File "D:\NayanDC\Physical_projects\shuttle_run\runtime.py", line 146, in run_primary
    return fn(**kwargs)
  File "D:\NayanDC\Physical_projects\ages_9-13\shuttle_run\shuttle_run.py", line 410, in shuttle_run
    results = pose.process(rgb)
NameError: name 'pose' is not defined
2026-03-10 19:31:15 | INFO | SCORING_FALLBACK_USED | activity=shuttle_run | duration=14.66 | motion_ratio=0.1346 | score=14.49 | category=Above Average
2026-03-10 19:31:15 | INFO | SCORING_DONE | activity=shuttle_run | candidate_id=DC67C7BC8E | score=14.49 | category=Above Average
2026-03-10 19:31:15 | INFO | MONGO_CONNECT_OK | db=FitQuest_Physical_database | activity=shuttle_run | candidate_id=DC67C7BC8E
2026-03-10 19:31:15 | INFO | MONGO_WRITE_OK | collection=users | candidate_id=DC67C7BC8E
2026-03-10 19:31:15 | INFO | MONGO_WRITE_OK | collection=children | candidate_id=DC67C7BC8E
2026-03-10 19:31:15 | INFO | MONGO_WRITE_OK | collection=shuttle_run_results | candidate_id=DC67C7BC8E
2026-03-10 19:31:15 | INFO | MONGO_WRITE_OK | collection=shuttle_run_calculation_variables | candidate_id=DC67C7BC8E
2026-03-10 19:31:15 | INFO | MONGO_WRITE_OK | collection=data_storage | candidate_id=DC67C7BC8E
2026-03-10 19:31:15 | INFO | MONGO_SAVE_OK | activity=shuttle_run | candidate_id=DC67C7BC8E | collections=users,children,shuttle_run_results,shuttle_run_calculation_variables,data_storage
2026-03-10 19:31:15 | INFO | REQUEST_DONE | activity=shuttle_run | candidate_id=DC67C7BC8E | saved_json=common_backend\results\scores.json
2026-03-10 19:32:20 | INFO | REQUEST_START | activity=long_jump | age_group=9-14 | age=10 | name=VERIFY_LONG
2026-03-10 19:32:20 | INFO | VIDEO_SAVED | activity=long_jump | video_path=common_backend\uploads\9-14\long_jump\20260310_140220_VERIFY_LONG_efe1be84.mp4
2026-03-10 19:32:20 | INFO | SCORING_PIPELINE_START | activity=long_jump | age_group=9-14 | candidate_id=DC3A4B47BA
2026-03-10 19:32:22 | ERROR | SCORING_PIPELINE_FAIL | activity=long_jump | age_group=9-14 | candidate_id=DC3A4B47BA | error=name 'pose' is not defined
Traceback (most recent call last):
  File "D:\NayanDC\Physical_projects\common_backend\scoring.py", line 157, in score_activity_video
    calculation = calculator(
  File "D:\NayanDC\Physical_projects\long_jump\common_calculation.py", line 25, in calculate_long_jump
    raw = run_long_jump(
  File "D:\NayanDC\Physical_projects\long_jump\runtime.py", line 190, in run_long_jump
    return run_common(
  File "D:\NayanDC\Physical_projects\long_jump\runtime.py", line 169, in run_common
    return run_primary(
  File "D:\NayanDC\Physical_projects\long_jump\runtime.py", line 146, in run_primary
    return fn(**kwargs)
  File "D:\NayanDC\Physical_projects\ages_9-13\long_jump\long_jump.py", line 268, in long_jump
    results = pose.process(rgb)
NameError: name 'pose' is not defined
2026-03-10 19:32:25 | INFO | SCORING_FALLBACK_USED | activity=long_jump | duration=14.66 | motion_ratio=0.1346 | score=14.81 | category=Above Average
2026-03-10 19:32:25 | INFO | SCORING_DONE | activity=long_jump | candidate_id=DC3A4B47BA | score=14.81 | category=Above Average
2026-03-10 19:32:25 | INFO | MONGO_CONNECT_OK | db=FitQuest_Physical_database | activity=long_jump | candidate_id=DC3A4B47BA
2026-03-10 19:32:25 | INFO | MONGO_WRITE_OK | collection=users | candidate_id=DC3A4B47BA
2026-03-10 19:32:25 | INFO | MONGO_WRITE_OK | collection=children | candidate_id=DC3A4B47BA
2026-03-10 19:32:25 | INFO | MONGO_WRITE_OK | collection=long_jump_results | candidate_id=DC3A4B47BA
2026-03-10 19:32:25 | INFO | MONGO_WRITE_OK | collection=long_jump_calculation_variables | candidate_id=DC3A4B47BA
2026-03-10 19:32:25 | INFO | MONGO_WRITE_OK | collection=data_storage | candidate_id=DC3A4B47BA
2026-03-10 19:32:25 | INFO | MONGO_SAVE_OK | activity=long_jump | candidate_id=DC3A4B47BA | collections=users,children,long_jump_results,long_jump_calculation_variables,data_storage
2026-03-10 19:32:25 | INFO | REQUEST_DONE | activity=long_jump | candidate_id=DC3A4B47BA | saved_json=common_backend\results\scores.json
2026-03-11 11:09:26 | INFO | REQUEST_START | activity=high_knee_jump | age_group=6-9 | age=6 | name=asdfjkl
2026-03-11 11:09:27 | INFO | VIDEO_SAVED | activity=high_knee_jump | video_path=common_backend\uploads\6-9\high_knee_jump\20260311_053926_asdfjkl_f3333b7e.mp4
2026-03-11 11:09:27 | INFO | SCORING_PIPELINE_START | activity=high_knee_jump | age_group=6-9 | candidate_id=DCA9A14E8E
2026-03-11 11:09:51 | ERROR | SCORING_PIPELINE_FAIL | activity=high_knee_jump | age_group=6-9 | candidate_id=DCA9A14E8E | error=name 'pose' is not defined
Traceback (most recent call last):
  File "D:\NayanDC\Physical_projects\common_backend\scoring.py", line 157, in score_activity_video
    calculation = calculator(
  File "D:\NayanDC\Physical_projects\high_knee_jump\common_calculation.py", line 25, in calculate_high_knee_jump
    raw = run_high_knee_jump(
  File "D:\NayanDC\Physical_projects\high_knee_jump\runtime.py", line 189, in run_high_knee_jump
    return run_common(
  File "D:\NayanDC\Physical_projects\high_knee_jump\runtime.py", line 169, in run_common
    return run_primary(
  File "D:\NayanDC\Physical_projects\high_knee_jump\runtime.py", line 146, in run_primary
    return fn(**kwargs)
  File "D:\NayanDC\Physical_projects\ages_6-9\high_knee\high_knee.py", line 458, in high_knee_jump
    results = pose.process(rgb)
NameError: name 'pose' is not defined
2026-03-11 11:10:00 | INFO | SCORING_FALLBACK_USED | activity=high_knee_jump | duration=14.66 | motion_ratio=0.1346 | score=1.95 | category=Poor
2026-03-11 11:10:00 | INFO | SCORING_DONE | activity=high_knee_jump | candidate_id=DCA9A14E8E | score=1.95 | category=Poor
2026-03-11 11:10:01 | INFO | MONGO_CONNECT_OK | db=FitQuest_Physical_database | activity=high_knee_jump | candidate_id=DCA9A14E8E
2026-03-11 11:10:01 | INFO | MONGO_WRITE_OK | collection=users | candidate_id=DCA9A14E8E
2026-03-11 11:10:01 | INFO | MONGO_WRITE_OK | collection=children | candidate_id=DCA9A14E8E
2026-03-11 11:10:01 | INFO | MONGO_WRITE_OK | collection=high_knee_jump_results | candidate_id=DCA9A14E8E
2026-03-11 11:10:01 | INFO | MONGO_WRITE_OK | collection=high_knee_jump_calculation_variables | candidate_id=DCA9A14E8E
2026-03-11 11:10:01 | INFO | MONGO_WRITE_OK | collection=data_storage | candidate_id=DCA9A14E8E
2026-03-11 11:10:01 | INFO | MONGO_SAVE_OK | activity=high_knee_jump | candidate_id=DCA9A14E8E | collections=users,children,high_knee_jump_results,high_knee_jump_calculation_variables,data_storage
2026-03-11 11:10:01 | INFO | REQUEST_DONE | activity=high_knee_jump | candidate_id=DCA9A14E8E | saved_json=common_backend\results\scores.json
2026-03-11 11:10:23 | INFO | REQUEST_START | activity=high_knee_jump | age_group=6-9 | age=6 | name=asdfjkl
2026-03-11 11:10:23 | INFO | VIDEO_SAVED | activity=high_knee_jump | video_path=common_backend\uploads\6-9\high_knee_jump\20260311_054023_asdfjkl_cda9ee6b.mp4
2026-03-11 11:10:23 | INFO | SCORING_PIPELINE_START | activity=high_knee_jump | age_group=6-9 | candidate_id=DCD51D280C
2026-03-11 11:10:23 | ERROR | SCORING_PIPELINE_FAIL | activity=high_knee_jump | age_group=6-9 | candidate_id=DCD51D280C | error=name 'pose' is not defined
Traceback (most recent call last):
  File "D:\NayanDC\Physical_projects\common_backend\scoring.py", line 157, in score_activity_video
    calculation = calculator(
  File "D:\NayanDC\Physical_projects\high_knee_jump\common_calculation.py", line 25, in calculate_high_knee_jump
    raw = run_high_knee_jump(
  File "D:\NayanDC\Physical_projects\high_knee_jump\runtime.py", line 189, in run_high_knee_jump
    return run_common(
  File "D:\NayanDC\Physical_projects\high_knee_jump\runtime.py", line 169, in run_common
    return run_primary(
  File "D:\NayanDC\Physical_projects\high_knee_jump\runtime.py", line 146, in run_primary
    return fn(**kwargs)
  File "D:\NayanDC\Physical_projects\ages_6-9\high_knee\high_knee.py", line 458, in high_knee_jump
    results = pose.process(rgb)
NameError: name 'pose' is not defined
2026-03-11 11:10:33 | INFO | SCORING_FALLBACK_USED | activity=high_knee_jump | duration=14.66 | motion_ratio=0.1346 | score=1.95 | category=Poor
2026-03-11 11:10:33 | INFO | SCORING_DONE | activity=high_knee_jump | candidate_id=DCD51D280C | score=1.95 | category=Poor
2026-03-11 11:10:33 | INFO | MONGO_CONNECT_OK | db=FitQuest_Physical_database | activity=high_knee_jump | candidate_id=DCD51D280C
2026-03-11 11:10:33 | INFO | MONGO_WRITE_OK | collection=users | candidate_id=DCD51D280C
2026-03-11 11:10:33 | INFO | MONGO_WRITE_OK | collection=children | candidate_id=DCD51D280C
2026-03-11 11:10:33 | INFO | MONGO_WRITE_OK | collection=high_knee_jump_results | candidate_id=DCD51D280C
2026-03-11 11:10:33 | INFO | MONGO_WRITE_OK | collection=high_knee_jump_calculation_variables | candidate_id=DCD51D280C
2026-03-11 11:10:33 | INFO | MONGO_WRITE_OK | collection=data_storage | candidate_id=DCD51D280C
2026-03-11 11:10:33 | INFO | MONGO_SAVE_OK | activity=high_knee_jump | candidate_id=DCD51D280C | collections=users,children,high_knee_jump_results,high_knee_jump_calculation_variables,data_storage
2026-03-11 11:10:33 | INFO | REQUEST_DONE | activity=high_knee_jump | candidate_id=DCD51D280C | saved_json=common_backend\results\scores.json
2026-03-11 11:11:21 | INFO | REQUEST_START | activity=shuttle_run | age_group=6-9 | age=7 | name=asdfjkl
2026-03-11 11:11:21 | INFO | VIDEO_SAVED | activity=shuttle_run | video_path=common_backend\uploads\6-9\shuttle_run\20260311_054121_asdfjkl_5d8d5570.mp4
2026-03-11 11:11:21 | INFO | SCORING_PIPELINE_START | activity=shuttle_run | age_group=6-9 | candidate_id=DC6D59B425
2026-03-11 11:11:21 | INFO | CONE_DETECTION_STAGE_START | activity=shuttle_run | age_group=6-9 | candidate_id=DC6D59B425
2026-03-11 11:11:21 | INFO | SHUTTLE_RUN_INPUT_READ_START | candidate_id=DC6D59B425 | age_group=6-9 | video_path=common_backend\uploads\6-9\shuttle_run\20260311_054121_asdfjkl_5d8d5570.mp4
2026-03-11 11:11:21 | INFO | SHUTTLE_RUN_INPUT_READ_DONE | candidate_id=DC6D59B425 | duration=14.66
2026-03-11 11:11:21 | INFO | SHUTTLE_RUN_CONE_DETECTION_EXECUTE | candidate_id=DC6D59B425 | resolved_group=6-9
2026-03-11 11:13:49 | ERROR | SCORING_PIPELINE_FAIL | activity=shuttle_run | age_group=6-9 | candidate_id=DC6D59B425 | error=name 'pose' is not defined
Traceback (most recent call last):
  File "D:\NayanDC\Physical_projects\common_backend\scoring.py", line 157, in score_activity_video
    calculation = calculator(
  File "D:\NayanDC\Physical_projects\shuttle_run\common_calculation.py", line 44, in calculate_shuttle_run
    raw = run_shuttle_run(
  File "D:\NayanDC\Physical_projects\shuttle_run\runtime.py", line 189, in run_shuttle_run
    return run_common(
  File "D:\NayanDC\Physical_projects\shuttle_run\runtime.py", line 169, in run_common
    return run_primary(
  File "D:\NayanDC\Physical_projects\shuttle_run\runtime.py", line 146, in run_primary
    return fn(**kwargs)
  File "D:\NayanDC\Physical_projects\ages_6-9\shuttle_run\shuttle_run.py", line 407, in shuttle_run
    results = pose.process(rgb)
NameError: name 'pose' is not defined
2026-03-11 11:13:59 | INFO | SCORING_FALLBACK_USED | activity=shuttle_run | duration=14.66 | motion_ratio=0.1346 | score=14.49 | category=Above Average
2026-03-11 11:13:59 | INFO | SCORING_DONE | activity=shuttle_run | candidate_id=DC6D59B425 | score=14.49 | category=Above Average
2026-03-11 11:13:59 | INFO | MONGO_CONNECT_OK | db=FitQuest_Physical_database | activity=shuttle_run | candidate_id=DC6D59B425
2026-03-11 11:13:59 | INFO | MONGO_WRITE_OK | collection=users | candidate_id=DC6D59B425
2026-03-11 11:13:59 | INFO | MONGO_WRITE_OK | collection=children | candidate_id=DC6D59B425
2026-03-11 11:13:59 | INFO | MONGO_WRITE_OK | collection=shuttle_run_results | candidate_id=DC6D59B425
2026-03-11 11:13:59 | INFO | MONGO_WRITE_OK | collection=shuttle_run_calculation_variables | candidate_id=DC6D59B425
2026-03-11 11:13:59 | INFO | MONGO_WRITE_OK | collection=data_storage | candidate_id=DC6D59B425
2026-03-11 11:13:59 | INFO | MONGO_SAVE_OK | activity=shuttle_run | candidate_id=DC6D59B425 | collections=users,children,shuttle_run_results,shuttle_run_calculation_variables,data_storage
2026-03-11 11:13:59 | INFO | REQUEST_DONE | activity=shuttle_run | candidate_id=DC6D59B425 | saved_json=common_backend\results\scores.json
2026-03-11 11:21:53 | INFO | REQUEST_START | activity=sprint_run_20m | age_group=6-9 | age=8 | name=asdfjkl
2026-03-11 11:21:53 | INFO | VIDEO_SAVED | activity=sprint_run_20m | video_path=common_backend\uploads\6-9\sprint_run_20m\20260311_055153_asdfjkl_48a512dc.mp4
2026-03-11 11:21:53 | INFO | SCORING_PIPELINE_START | activity=sprint_run_20m | age_group=6-9 | candidate_id=DC137A7E7E
2026-03-11 11:21:54 | ERROR | SCORING_PIPELINE_FAIL | activity=sprint_run_20m | age_group=6-9 | candidate_id=DC137A7E7E | error=name 'pose' is not defined
Traceback (most recent call last):
  File "D:\NayanDC\Physical_projects\common_backend\scoring.py", line 157, in score_activity_video
    calculation = calculator(
  File "D:\NayanDC\Physical_projects\Sprint_run_20_meter\common_calculation.py", line 25, in calculate_sprint_run_20m
    raw = run_sprint_run_20m(
  File "D:\NayanDC\Physical_projects\Sprint_run_20_meter\runtime.py", line 189, in run_sprint_run_20m
    return run_common(
  File "D:\NayanDC\Physical_projects\Sprint_run_20_meter\runtime.py", line 169, in run_common
    return run_primary(
  File "D:\NayanDC\Physical_projects\Sprint_run_20_meter\runtime.py", line 146, in run_primary
    return fn(**kwargs)
  File "D:\NayanDC\Physical_projects\ages_6-9\20m_running\sprint_run.py", line 343, in meter_run
    results = pose.process(rgb)
NameError: name 'pose' is not defined
2026-03-11 11:22:07 | INFO | SCORING_FALLBACK_USED | activity=sprint_run_20m | duration=14.66 | motion_ratio=0.1346 | score=14.49 | category=Above Average
2026-03-11 11:22:07 | INFO | SCORING_DONE | activity=sprint_run_20m | candidate_id=DC137A7E7E | score=14.49 | category=Above Average
2026-03-11 11:22:07 | INFO | MONGO_CONNECT_OK | db=FitQuest_Physical_database | activity=sprint_run_20m | candidate_id=DC137A7E7E
2026-03-11 11:22:07 | INFO | MONGO_WRITE_OK | collection=users | candidate_id=DC137A7E7E
2026-03-11 11:22:07 | INFO | MONGO_WRITE_OK | collection=children | candidate_id=DC137A7E7E
2026-03-11 11:22:07 | INFO | MONGO_WRITE_OK | collection=sprint_run_20m_results | candidate_id=DC137A7E7E
2026-03-11 11:22:07 | INFO | MONGO_WRITE_OK | collection=sprint_run_20m_calculation_variables | candidate_id=DC137A7E7E
2026-03-11 11:22:07 | INFO | MONGO_WRITE_OK | collection=data_storage | candidate_id=DC137A7E7E
2026-03-11 11:22:07 | INFO | MONGO_SAVE_OK | activity=sprint_run_20m | candidate_id=DC137A7E7E | collections=users,children,sprint_run_20m_results,sprint_run_20m_calculation_variables,data_storage
2026-03-11 11:22:07 | INFO | REQUEST_DONE | activity=sprint_run_20m | candidate_id=DC137A7E7E | saved_json=common_backend\results\scores.json
2026-03-11 11:24:26 | INFO | REQUEST_START | activity=visual_integration | age_group=6-9 | age=8 | name=asdfjkl
2026-03-11 11:24:26 | INFO | VIDEO_SAVED | activity=visual_integration | video_path=common_backend\uploads\6-9\visual_integration\20260311_055426_asdfjkl_08015700.mp4
2026-03-11 11:24:38 | INFO | SCORING_FALLBACK_USED | activity=visual_integration | duration=14.66 | motion_ratio=0.1346 | score=11.07 | category=Average
2026-03-11 11:24:38 | INFO | SCORING_DONE | activity=visual_integration | candidate_id=DC3D53C322 | score=11.07 | category=Average
2026-03-11 11:24:38 | INFO | MONGO_CONNECT_OK | db=FitQuest_Physical_database | activity=visual_integration | candidate_id=DC3D53C322
2026-03-11 11:24:38 | INFO | MONGO_WRITE_OK | collection=users | candidate_id=DC3D53C322
2026-03-11 11:24:38 | INFO | MONGO_WRITE_OK | collection=children | candidate_id=DC3D53C322
2026-03-11 11:24:38 | INFO | MONGO_WRITE_OK | collection=visual_integration_results | candidate_id=DC3D53C322
2026-03-11 11:24:38 | INFO | MONGO_WRITE_OK | collection=visual_integration_calculation_variables | candidate_id=DC3D53C322
2026-03-11 11:24:38 | INFO | MONGO_WRITE_OK | collection=data_storage | candidate_id=DC3D53C322
2026-03-11 11:24:38 | INFO | MONGO_SAVE_OK | activity=visual_integration | candidate_id=DC3D53C322 | collections=users,children,visual_integration_results,visual_integration_calculation_variables,data_storage
2026-03-11 11:24:38 | INFO | REQUEST_DONE | activity=visual_integration | candidate_id=DC3D53C322 | saved_json=common_backend\results\scores.json
2026-03-11 11:27:08 | INFO | REQUEST_START | activity=high_knee_jump | age_group=9-14 | age=9 | name=aaaaaa
2026-03-11 11:27:08 | INFO | VIDEO_SAVED | activity=high_knee_jump | video_path=common_backend\uploads\9-14\high_knee_jump\20260311_055708_aaaaaa_c56333ff.mp4
2026-03-11 11:27:08 | INFO | SCORING_PIPELINE_START | activity=high_knee_jump | age_group=9-14 | candidate_id=DCC7716884
2026-03-11 11:27:08 | ERROR | SCORING_PIPELINE_FAIL | activity=high_knee_jump | age_group=9-14 | candidate_id=DCC7716884 | error=name 'pose' is not defined
Traceback (most recent call last):
  File "D:\NayanDC\Physical_projects\common_backend\scoring.py", line 157, in score_activity_video
    calculation = calculator(
  File "D:\NayanDC\Physical_projects\high_knee_jump\common_calculation.py", line 25, in calculate_high_knee_jump
    raw = run_high_knee_jump(
  File "D:\NayanDC\Physical_projects\high_knee_jump\runtime.py", line 189, in run_high_knee_jump
    return run_common(
  File "D:\NayanDC\Physical_projects\high_knee_jump\runtime.py", line 169, in run_common
    return run_primary(
  File "D:\NayanDC\Physical_projects\high_knee_jump\runtime.py", line 146, in run_primary
    return fn(**kwargs)
  File "D:\NayanDC\Physical_projects\ages_9-13\high_knee\high_knee.py", line 457, in high_knee_jump
    # Run pose detection
NameError: name 'pose' is not defined
2026-03-11 11:27:19 | INFO | SCORING_FALLBACK_USED | activity=high_knee_jump | duration=14.66 | motion_ratio=0.1346 | score=1.95 | category=Poor
2026-03-11 11:27:19 | INFO | SCORING_DONE | activity=high_knee_jump | candidate_id=DCC7716884 | score=1.95 | category=Poor
2026-03-11 11:27:20 | INFO | MONGO_CONNECT_OK | db=FitQuest_Physical_database | activity=high_knee_jump | candidate_id=DCC7716884
2026-03-11 11:27:20 | INFO | MONGO_WRITE_OK | collection=users | candidate_id=DCC7716884
2026-03-11 11:27:20 | INFO | MONGO_WRITE_OK | collection=children | candidate_id=DCC7716884
2026-03-11 11:27:20 | INFO | MONGO_WRITE_OK | collection=high_knee_jump_results | candidate_id=DCC7716884
2026-03-11 11:27:20 | INFO | MONGO_WRITE_OK | collection=high_knee_jump_calculation_variables | candidate_id=DCC7716884
2026-03-11 11:27:20 | INFO | MONGO_WRITE_OK | collection=data_storage | candidate_id=DCC7716884
2026-03-11 11:27:20 | INFO | MONGO_SAVE_OK | activity=high_knee_jump | candidate_id=DCC7716884 | collections=users,children,high_knee_jump_results,high_knee_jump_calculation_variables,data_storage
2026-03-11 11:27:20 | INFO | REQUEST_DONE | activity=high_knee_jump | candidate_id=DCC7716884 | saved_json=common_backend\results\scores.json
2026-03-11 11:27:44 | INFO | REQUEST_START | activity=high_knee_jump | age_group=9-14 | age=10 | name=aaaaaa
2026-03-11 11:27:44 | INFO | VIDEO_SAVED | activity=high_knee_jump | video_path=common_backend\uploads\9-14\high_knee_jump\20260311_055744_aaaaaa_56629a99.mp4
2026-03-11 11:27:44 | INFO | SCORING_PIPELINE_START | activity=high_knee_jump | age_group=9-14 | candidate_id=DCCDE3F632
2026-03-11 11:27:44 | ERROR | SCORING_PIPELINE_FAIL | activity=high_knee_jump | age_group=9-14 | candidate_id=DCCDE3F632 | error=name 'pose' is not defined
Traceback (most recent call last):
  File "D:\NayanDC\Physical_projects\common_backend\scoring.py", line 157, in score_activity_video
    calculation = calculator(
  File "D:\NayanDC\Physical_projects\high_knee_jump\common_calculation.py", line 25, in calculate_high_knee_jump
    raw = run_high_knee_jump(
  File "D:\NayanDC\Physical_projects\high_knee_jump\runtime.py", line 189, in run_high_knee_jump
    return run_common(
  File "D:\NayanDC\Physical_projects\high_knee_jump\runtime.py", line 169, in run_common
    return run_primary(
  File "D:\NayanDC\Physical_projects\high_knee_jump\runtime.py", line 146, in run_primary
    return fn(**kwargs)
  File "D:\NayanDC\Physical_projects\ages_9-13\high_knee\high_knee.py", line 457, in high_knee_jump
    # Run pose detection
NameError: name 'pose' is not defined
2026-03-11 11:27:55 | INFO | SCORING_FALLBACK_USED | activity=high_knee_jump | duration=14.66 | motion_ratio=0.1346 | score=1.95 | category=Poor
2026-03-11 11:27:55 | INFO | SCORING_DONE | activity=high_knee_jump | candidate_id=DCCDE3F632 | score=1.95 | category=Poor
2026-03-11 11:27:55 | INFO | MONGO_CONNECT_OK | db=FitQuest_Physical_database | activity=high_knee_jump | candidate_id=DCCDE3F632
2026-03-11 11:27:55 | INFO | MONGO_WRITE_OK | collection=users | candidate_id=DCCDE3F632
2026-03-11 11:27:55 | INFO | MONGO_WRITE_OK | collection=children | candidate_id=DCCDE3F632
2026-03-11 11:27:55 | INFO | MONGO_WRITE_OK | collection=high_knee_jump_results | candidate_id=DCCDE3F632
2026-03-11 11:27:55 | INFO | MONGO_WRITE_OK | collection=high_knee_jump_calculation_variables | candidate_id=DCCDE3F632
2026-03-11 11:27:55 | INFO | MONGO_WRITE_OK | collection=data_storage | candidate_id=DCCDE3F632
2026-03-11 11:27:55 | INFO | MONGO_SAVE_OK | activity=high_knee_jump | candidate_id=DCCDE3F632 | collections=users,children,high_knee_jump_results,high_knee_jump_calculation_variables,data_storage
2026-03-11 11:27:55 | INFO | REQUEST_DONE | activity=high_knee_jump | candidate_id=DCCDE3F632 | saved_json=common_backend\results\scores.json
2026-03-11 11:28:54 | INFO | REQUEST_START | activity=shuttle_run | age_group=9-14 | age=10 | name=qwer
2026-03-11 11:28:54 | INFO | VIDEO_SAVED | activity=shuttle_run | video_path=common_backend\uploads\9-14\shuttle_run\20260311_055854_qwer_75adcf80.mp4
2026-03-11 11:28:54 | INFO | SCORING_PIPELINE_START | activity=shuttle_run | age_group=9-14 | candidate_id=DC61D34F93
2026-03-11 11:28:54 | INFO | CONE_DETECTION_STAGE_START | activity=shuttle_run | age_group=9-14 | candidate_id=DC61D34F93
2026-03-11 11:28:54 | INFO | SHUTTLE_RUN_INPUT_READ_START | candidate_id=DC61D34F93 | age_group=9-14 | video_path=common_backend\uploads\9-14\shuttle_run\20260311_055854_qwer_75adcf80.mp4
2026-03-11 11:28:54 | INFO | SHUTTLE_RUN_INPUT_READ_DONE | candidate_id=DC61D34F93 | duration=14.66
2026-03-11 11:28:54 | INFO | SHUTTLE_RUN_CONE_DETECTION_EXECUTE | candidate_id=DC61D34F93 | resolved_group=9-13
2026-03-11 11:29:36 | ERROR | SCORING_PIPELINE_FAIL | activity=shuttle_run | age_group=9-14 | candidate_id=DC61D34F93 | error=name 'pose' is not defined
Traceback (most recent call last):
  File "D:\NayanDC\Physical_projects\common_backend\scoring.py", line 157, in score_activity_video
    calculation = calculator(
  File "D:\NayanDC\Physical_projects\shuttle_run\common_calculation.py", line 44, in calculate_shuttle_run
    raw = run_shuttle_run(
  File "D:\NayanDC\Physical_projects\shuttle_run\runtime.py", line 189, in run_shuttle_run
    return run_common(
  File "D:\NayanDC\Physical_projects\shuttle_run\runtime.py", line 169, in run_common
    return run_primary(
  File "D:\NayanDC\Physical_projects\shuttle_run\runtime.py", line 146, in run_primary
    return fn(**kwargs)
  File "D:\NayanDC\Physical_projects\ages_9-13\shuttle_run\shuttle_run.py", line 410, in shuttle_run
    results = pose.process(rgb)
NameError: name 'pose' is not defined
2026-03-11 11:29:45 | INFO | SCORING_FALLBACK_USED | activity=shuttle_run | duration=14.66 | motion_ratio=0.1346 | score=14.49 | category=Above Average
2026-03-11 11:29:45 | INFO | SCORING_DONE | activity=shuttle_run | candidate_id=DC61D34F93 | score=14.49 | category=Above Average
2026-03-11 11:29:45 | INFO | MONGO_CONNECT_OK | db=FitQuest_Physical_database | activity=shuttle_run | candidate_id=DC61D34F93
2026-03-11 11:29:45 | INFO | MONGO_WRITE_OK | collection=users | candidate_id=DC61D34F93
2026-03-11 11:29:45 | INFO | MONGO_WRITE_OK | collection=children | candidate_id=DC61D34F93
2026-03-11 11:29:45 | INFO | MONGO_WRITE_OK | collection=shuttle_run_results | candidate_id=DC61D34F93
2026-03-11 11:29:45 | INFO | MONGO_WRITE_OK | collection=shuttle_run_calculation_variables | candidate_id=DC61D34F93
2026-03-11 11:29:45 | INFO | MONGO_WRITE_OK | collection=data_storage | candidate_id=DC61D34F93
2026-03-11 11:29:45 | INFO | MONGO_SAVE_OK | activity=shuttle_run | candidate_id=DC61D34F93 | collections=users,children,shuttle_run_results,shuttle_run_calculation_variables,data_storage
2026-03-11 11:29:45 | INFO | REQUEST_DONE | activity=shuttle_run | candidate_id=DC61D34F93 | saved_json=common_backend\results\scores.json
2026-03-11 11:30:23 | INFO | REQUEST_START | activity=sprint_run_20m | age_group=9-14 | age=11 | name=qwer
2026-03-11 11:30:23 | INFO | VIDEO_SAVED | activity=sprint_run_20m | video_path=common_backend\uploads\9-14\sprint_run_20m\20260311_060023_qwer_7553f056.mp4
2026-03-11 11:30:23 | INFO | SCORING_PIPELINE_START | activity=sprint_run_20m | age_group=9-14 | candidate_id=DCD822A240
2026-03-11 11:30:23 | ERROR | SCORING_PIPELINE_FAIL | activity=sprint_run_20m | age_group=9-14 | candidate_id=DCD822A240 | error=name 'pose' is not defined
Traceback (most recent call last):
  File "D:\NayanDC\Physical_projects\common_backend\scoring.py", line 157, in score_activity_video
    calculation = calculator(
  File "D:\NayanDC\Physical_projects\Sprint_run_20_meter\common_calculation.py", line 25, in calculate_sprint_run_20m
    raw = run_sprint_run_20m(
  File "D:\NayanDC\Physical_projects\Sprint_run_20_meter\runtime.py", line 189, in run_sprint_run_20m
    return run_common(
  File "D:\NayanDC\Physical_projects\Sprint_run_20_meter\runtime.py", line 169, in run_common
    return run_primary(
  File "D:\NayanDC\Physical_projects\Sprint_run_20_meter\runtime.py", line 146, in run_primary
    return fn(**kwargs)
  File "D:\NayanDC\Physical_projects\ages_9-13\20m_running\sprint_run.py", line 343, in meter_run
    results = pose.process(rgb)
NameError: name 'pose' is not defined
2026-03-11 11:30:32 | INFO | SCORING_FALLBACK_USED | activity=sprint_run_20m | duration=14.66 | motion_ratio=0.1346 | score=14.49 | category=Above Average
2026-03-11 11:30:32 | INFO | SCORING_DONE | activity=sprint_run_20m | candidate_id=DCD822A240 | score=14.49 | category=Above Average
2026-03-11 11:30:32 | INFO | MONGO_CONNECT_OK | db=FitQuest_Physical_database | activity=sprint_run_20m | candidate_id=DCD822A240
2026-03-11 11:30:32 | INFO | MONGO_WRITE_OK | collection=users | candidate_id=DCD822A240
2026-03-11 11:30:32 | INFO | MONGO_WRITE_OK | collection=children | candidate_id=DCD822A240
2026-03-11 11:30:32 | INFO | MONGO_WRITE_OK | collection=sprint_run_20m_results | candidate_id=DCD822A240
2026-03-11 11:30:32 | INFO | MONGO_WRITE_OK | collection=sprint_run_20m_calculation_variables | candidate_id=DCD822A240
2026-03-11 11:30:32 | INFO | MONGO_WRITE_OK | collection=data_storage | candidate_id=DCD822A240
2026-03-11 11:30:32 | INFO | MONGO_SAVE_OK | activity=sprint_run_20m | candidate_id=DCD822A240 | collections=users,children,sprint_run_20m_results,sprint_run_20m_calculation_variables,data_storage
2026-03-11 11:30:32 | INFO | REQUEST_DONE | activity=sprint_run_20m | candidate_id=DCD822A240 | saved_json=common_backend\results\scores.json
2026-03-11 11:31:22 | INFO | REQUEST_START | activity=long_jump | age_group=9-14 | age=12 | name=qwerrrrrrrrrr
2026-03-11 11:31:22 | INFO | VIDEO_SAVED | activity=long_jump | video_path=common_backend\uploads\9-14\long_jump\20260311_060122_qwerrrrrrrrrr_5bb981fd.mp4
2026-03-11 11:31:22 | INFO | SCORING_PIPELINE_START | activity=long_jump | age_group=9-14 | candidate_id=DCA9A40211
2026-03-11 11:31:23 | ERROR | SCORING_PIPELINE_FAIL | activity=long_jump | age_group=9-14 | candidate_id=DCA9A40211 | error=name 'pose' is not defined
Traceback (most recent call last):
  File "D:\NayanDC\Physical_projects\common_backend\scoring.py", line 157, in score_activity_video
    calculation = calculator(
  File "D:\NayanDC\Physical_projects\long_jump\common_calculation.py", line 25, in calculate_long_jump
    raw = run_long_jump(
  File "D:\NayanDC\Physical_projects\long_jump\runtime.py", line 190, in run_long_jump
    return run_common(
  File "D:\NayanDC\Physical_projects\long_jump\runtime.py", line 169, in run_common
    return run_primary(
  File "D:\NayanDC\Physical_projects\long_jump\runtime.py", line 146, in run_primary
    return fn(**kwargs)
  File "D:\NayanDC\Physical_projects\ages_9-13\long_jump\long_jump.py", line 268, in long_jump
    results = pose.process(rgb)
NameError: name 'pose' is not defined
2026-03-11 11:31:34 | INFO | SCORING_FALLBACK_USED | activity=long_jump | duration=14.66 | motion_ratio=0.1346 | score=14.81 | category=Above Average
2026-03-11 11:31:34 | INFO | SCORING_DONE | activity=long_jump | candidate_id=DCA9A40211 | score=14.81 | category=Above Average
2026-03-11 11:31:35 | INFO | MONGO_CONNECT_OK | db=FitQuest_Physical_database | activity=long_jump | candidate_id=DCA9A40211
2026-03-11 11:31:35 | INFO | MONGO_WRITE_OK | collection=users | candidate_id=DCA9A40211
2026-03-11 11:31:35 | INFO | MONGO_WRITE_OK | collection=children | candidate_id=DCA9A40211
2026-03-11 11:31:35 | INFO | MONGO_WRITE_OK | collection=long_jump_results | candidate_id=DCA9A40211
2026-03-11 11:31:35 | INFO | MONGO_WRITE_OK | collection=long_jump_calculation_variables | candidate_id=DCA9A40211
2026-03-11 11:31:35 | INFO | MONGO_WRITE_OK | collection=data_storage | candidate_id=DCA9A40211
2026-03-11 11:31:35 | INFO | MONGO_SAVE_OK | activity=long_jump | candidate_id=DCA9A40211 | collections=users,children,long_jump_results,long_jump_calculation_variables,data_storage
2026-03-11 11:31:35 | INFO | REQUEST_DONE | activity=long_jump | candidate_id=DCA9A40211 | saved_json=common_backend\results\scores.json
2026-03-11 11:32:40 | INFO | REQUEST_START | activity=high_knee_jump | age_group=14-18 | age=14 | name=qweewq
2026-03-11 11:32:40 | INFO | VIDEO_SAVED | activity=high_knee_jump | video_path=common_backend\uploads\14-18\high_knee_jump\20260311_060240_qweewq_65f8db6c.mp4
2026-03-11 11:32:40 | INFO | SCORING_PIPELINE_START | activity=high_knee_jump | age_group=14-18 | candidate_id=DCDDCCCA5A
2026-03-11 11:32:41 | ERROR | SCORING_PIPELINE_FAIL | activity=high_knee_jump | age_group=14-18 | candidate_id=DCDDCCCA5A | error=name 'pose' is not defined
Traceback (most recent call last):
  File "D:\NayanDC\Physical_projects\common_backend\scoring.py", line 157, in score_activity_video
    calculation = calculator(
  File "D:\NayanDC\Physical_projects\high_knee_jump\common_calculation.py", line 25, in calculate_high_knee_jump
    raw = run_high_knee_jump(
  File "D:\NayanDC\Physical_projects\high_knee_jump\runtime.py", line 189, in run_high_knee_jump
    return run_common(
  File "D:\NayanDC\Physical_projects\high_knee_jump\runtime.py", line 169, in run_common
    return run_primary(
  File "D:\NayanDC\Physical_projects\high_knee_jump\runtime.py", line 146, in run_primary
    return fn(**kwargs)
  File "D:\NayanDC\Physical_projects\ages_14-18\high_knee\high_knee.py", line 458, in high_knee_jump
    # Run pose detection
NameError: name 'pose' is not defined
2026-03-11 11:32:50 | INFO | SCORING_FALLBACK_USED | activity=high_knee_jump | duration=14.66 | motion_ratio=0.1346 | score=1.95 | category=Poor
2026-03-11 11:32:50 | INFO | SCORING_DONE | activity=high_knee_jump | candidate_id=DCDDCCCA5A | score=1.95 | category=Poor
2026-03-11 11:32:50 | INFO | MONGO_CONNECT_OK | db=FitQuest_Physical_database | activity=high_knee_jump | candidate_id=DCDDCCCA5A
2026-03-11 11:32:50 | INFO | MONGO_WRITE_OK | collection=users | candidate_id=DCDDCCCA5A
2026-03-11 11:32:50 | INFO | MONGO_WRITE_OK | collection=children | candidate_id=DCDDCCCA5A
2026-03-11 11:32:50 | INFO | MONGO_WRITE_OK | collection=high_knee_jump_results | candidate_id=DCDDCCCA5A
2026-03-11 11:32:50 | INFO | MONGO_WRITE_OK | collection=high_knee_jump_calculation_variables | candidate_id=DCDDCCCA5A
2026-03-11 11:32:50 | INFO | MONGO_WRITE_OK | collection=data_storage | candidate_id=DCDDCCCA5A
2026-03-11 11:32:50 | INFO | MONGO_SAVE_OK | activity=high_knee_jump | candidate_id=DCDDCCCA5A | collections=users,children,high_knee_jump_results,high_knee_jump_calculation_variables,data_storage
2026-03-11 11:32:50 | INFO | REQUEST_DONE | activity=high_knee_jump | candidate_id=DCDDCCCA5A | saved_json=common_backend\results\scores.json
2026-03-11 11:33:20 | INFO | REQUEST_START | activity=shuttle_run | age_group=14-18 | age=14 | name=qweewq
2026-03-11 11:33:20 | INFO | VIDEO_SAVED | activity=shuttle_run | video_path=common_backend\uploads\14-18\shuttle_run\20260311_060320_qweewq_782dd796.mp4
2026-03-11 11:33:20 | INFO | SCORING_PIPELINE_START | activity=shuttle_run | age_group=14-18 | candidate_id=DC1A421307
2026-03-11 11:33:20 | INFO | CONE_DETECTION_STAGE_START | activity=shuttle_run | age_group=14-18 | candidate_id=DC1A421307
2026-03-11 11:33:20 | INFO | SHUTTLE_RUN_INPUT_READ_START | candidate_id=DC1A421307 | age_group=14-18 | video_path=common_backend\uploads\14-18\shuttle_run\20260311_060320_qweewq_782dd796.mp4
2026-03-11 11:33:20 | INFO | SHUTTLE_RUN_INPUT_READ_DONE | candidate_id=DC1A421307 | duration=14.66
2026-03-11 11:33:20 | INFO | SHUTTLE_RUN_CONE_DETECTION_EXECUTE | candidate_id=DC1A421307 | resolved_group=14-18
2026-03-11 11:33:28 | ERROR | SCORING_PIPELINE_FAIL | activity=shuttle_run | age_group=14-18 | candidate_id=DC1A421307 | error=name 'pose' is not defined
Traceback (most recent call last):
  File "D:\NayanDC\Physical_projects\common_backend\scoring.py", line 157, in score_activity_video
    calculation = calculator(
  File "D:\NayanDC\Physical_projects\shuttle_run\common_calculation.py", line 44, in calculate_shuttle_run
    raw = run_shuttle_run(
  File "D:\NayanDC\Physical_projects\shuttle_run\runtime.py", line 189, in run_shuttle_run
    return run_common(
  File "D:\NayanDC\Physical_projects\shuttle_run\runtime.py", line 169, in run_common
    return run_primary(
  File "D:\NayanDC\Physical_projects\shuttle_run\runtime.py", line 146, in run_primary
    return fn(**kwargs)
  File "D:\NayanDC\Physical_projects\ages_14-18\shuttle_run\shuttle_run.py", line 436, in shuttle_run
    results = pose.process(rgb)
NameError: name 'pose' is not defined
2026-03-11 11:33:42 | INFO | SCORING_FALLBACK_USED | activity=shuttle_run | duration=14.66 | motion_ratio=0.1346 | score=14.49 | category=Above Average
2026-03-11 11:33:42 | INFO | SCORING_DONE | activity=shuttle_run | candidate_id=DC1A421307 | score=14.49 | category=Above Average
2026-03-11 11:33:42 | INFO | MONGO_CONNECT_OK | db=FitQuest_Physical_database | activity=shuttle_run | candidate_id=DC1A421307
2026-03-11 11:33:42 | INFO | MONGO_WRITE_OK | collection=users | candidate_id=DC1A421307
2026-03-11 11:33:42 | INFO | MONGO_WRITE_OK | collection=children | candidate_id=DC1A421307
2026-03-11 11:33:42 | INFO | MONGO_WRITE_OK | collection=shuttle_run_results | candidate_id=DC1A421307
2026-03-11 11:33:42 | INFO | MONGO_WRITE_OK | collection=shuttle_run_calculation_variables | candidate_id=DC1A421307
2026-03-11 11:33:42 | INFO | MONGO_WRITE_OK | collection=data_storage | candidate_id=DC1A421307
2026-03-11 11:33:42 | INFO | MONGO_SAVE_OK | activity=shuttle_run | candidate_id=DC1A421307 | collections=users,children,shuttle_run_results,shuttle_run_calculation_variables,data_storage
2026-03-11 11:33:42 | INFO | REQUEST_DONE | activity=shuttle_run | candidate_id=DC1A421307 | saved_json=common_backend\results\scores.json
2026-03-11 11:34:14 | INFO | REQUEST_START | activity=sprint_run_20m | age_group=14-18 | age=14 | name=qweewq
2026-03-11 11:34:14 | INFO | VIDEO_SAVED | activity=sprint_run_20m | video_path=common_backend\uploads\14-18\sprint_run_20m\20260311_060414_qweewq_d6e9b8bb.mp4
2026-03-11 11:34:14 | INFO | SCORING_PIPELINE_START | activity=sprint_run_20m | age_group=14-18 | candidate_id=DC21E80965
2026-03-11 11:34:14 | ERROR | SCORING_PIPELINE_FAIL | activity=sprint_run_20m | age_group=14-18 | candidate_id=DC21E80965 | error=name 'pose' is not defined
Traceback (most recent call last):
  File "D:\NayanDC\Physical_projects\common_backend\scoring.py", line 157, in score_activity_video
    calculation = calculator(
  File "D:\NayanDC\Physical_projects\Sprint_run_20_meter\common_calculation.py", line 25, in calculate_sprint_run_20m
    raw = run_sprint_run_20m(
  File "D:\NayanDC\Physical_projects\Sprint_run_20_meter\runtime.py", line 189, in run_sprint_run_20m
    return run_common(
  File "D:\NayanDC\Physical_projects\Sprint_run_20_meter\runtime.py", line 169, in run_common
    return run_primary(
  File "D:\NayanDC\Physical_projects\Sprint_run_20_meter\runtime.py", line 146, in run_primary
    return fn(**kwargs)
  File "D:\NayanDC\Physical_projects\ages_14-18\20m_running\sprint_run.py", line 343, in meter_run
    results = pose.process(rgb)
NameError: name 'pose' is not defined
2026-03-11 11:34:26 | INFO | SCORING_FALLBACK_USED | activity=sprint_run_20m | duration=14.66 | motion_ratio=0.1346 | score=14.49 | category=Above Average
2026-03-11 11:34:26 | INFO | SCORING_DONE | activity=sprint_run_20m | candidate_id=DC21E80965 | score=14.49 | category=Above Average
2026-03-11 11:34:26 | INFO | MONGO_CONNECT_OK | db=FitQuest_Physical_database | activity=sprint_run_20m | candidate_id=DC21E80965
2026-03-11 11:34:26 | INFO | MONGO_WRITE_OK | collection=users | candidate_id=DC21E80965
2026-03-11 11:34:26 | INFO | MONGO_WRITE_OK | collection=children | candidate_id=DC21E80965
2026-03-11 11:34:26 | INFO | MONGO_WRITE_OK | collection=sprint_run_20m_results | candidate_id=DC21E80965
2026-03-11 11:34:26 | INFO | MONGO_WRITE_OK | collection=sprint_run_20m_calculation_variables | candidate_id=DC21E80965
2026-03-11 11:34:26 | INFO | MONGO_WRITE_OK | collection=data_storage | candidate_id=DC21E80965
2026-03-11 11:34:26 | INFO | MONGO_SAVE_OK | activity=sprint_run_20m | candidate_id=DC21E80965 | collections=users,children,sprint_run_20m_results,sprint_run_20m_calculation_variables,data_storage
2026-03-11 11:34:26 | INFO | REQUEST_DONE | activity=sprint_run_20m | candidate_id=DC21E80965 | saved_json=common_backend\results\scores.json
2026-03-11 11:34:59 | INFO | REQUEST_START | activity=long_jump | age_group=14-18 | age=18 | name=qweewq
2026-03-11 11:34:59 | INFO | VIDEO_SAVED | activity=long_jump | video_path=common_backend\uploads\14-18\long_jump\20260311_060459_qweewq_7566f6fb.mp4
2026-03-11 11:34:59 | INFO | SCORING_PIPELINE_START | activity=long_jump | age_group=14-18 | candidate_id=DCDBD7E8BC
2026-03-11 11:34:59 | ERROR | SCORING_PIPELINE_FAIL | activity=long_jump | age_group=14-18 | candidate_id=DCDBD7E8BC | error=name 'pose' is not defined
Traceback (most recent call last):
  File "D:\NayanDC\Physical_projects\common_backend\scoring.py", line 157, in score_activity_video
    calculation = calculator(
  File "D:\NayanDC\Physical_projects\long_jump\common_calculation.py", line 25, in calculate_long_jump
    raw = run_long_jump(
  File "D:\NayanDC\Physical_projects\long_jump\runtime.py", line 190, in run_long_jump
    return run_common(
  File "D:\NayanDC\Physical_projects\long_jump\runtime.py", line 169, in run_common
    return run_primary(
  File "D:\NayanDC\Physical_projects\long_jump\runtime.py", line 146, in run_primary
    return fn(**kwargs)
  File "D:\NayanDC\Physical_projects\ages_14-18\long_jump\long_jump.py", line 268, in long_jump
    results = pose.process(rgb)
NameError: name 'pose' is not defined
2026-03-11 11:35:09 | INFO | SCORING_FALLBACK_USED | activity=long_jump | duration=14.66 | motion_ratio=0.1346 | score=14.81 | category=Above Average
2026-03-11 11:35:09 | INFO | SCORING_DONE | activity=long_jump | candidate_id=DCDBD7E8BC | score=14.81 | category=Above Average
2026-03-11 11:35:09 | INFO | MONGO_CONNECT_OK | db=FitQuest_Physical_database | activity=long_jump | candidate_id=DCDBD7E8BC
2026-03-11 11:35:09 | INFO | MONGO_WRITE_OK | collection=users | candidate_id=DCDBD7E8BC
2026-03-11 11:35:09 | INFO | MONGO_WRITE_OK | collection=children | candidate_id=DCDBD7E8BC
2026-03-11 11:35:09 | INFO | MONGO_WRITE_OK | collection=long_jump_results | candidate_id=DCDBD7E8BC
2026-03-11 11:35:09 | INFO | MONGO_WRITE_OK | collection=long_jump_calculation_variables | candidate_id=DCDBD7E8BC
2026-03-11 11:35:09 | INFO | MONGO_WRITE_OK | collection=data_storage | candidate_id=DCDBD7E8BC
2026-03-11 11:35:09 | INFO | MONGO_SAVE_OK | activity=long_jump | candidate_id=DCDBD7E8BC | collections=users,children,long_jump_results,long_jump_calculation_variables,data_storage
2026-03-11 11:35:09 | INFO | REQUEST_DONE | activity=long_jump | candidate_id=DCDBD7E8BC | saved_json=common_backend\results\scores.json
2026-03-13 14:18:57 | INFO | REQUEST_START | activity=shuttle_run | age_group=10-13 | age=11 | name=wsxswsxsw
2026-03-13 14:18:57 | INFO | VIDEO_SAVED | activity=shuttle_run | video_path=common_backend\uploads\10-13\shuttle_run\20260313_084857_wsxswsxsw_a9720fcd.mp4
2026-03-13 14:18:57 | INFO | SCORING_PIPELINE_START | activity=shuttle_run | age_group=10-13 | candidate_id=DCF12070DB
2026-03-13 14:18:57 | INFO | CONE_DETECTION_STAGE_START | activity=shuttle_run | age_group=10-13 | candidate_id=DCF12070DB
2026-03-13 14:18:57 | INFO | SHUTTLE_RUN_INPUT_READ_START | candidate_id=DCF12070DB | age_group=10-13 | video_path=common_backend\uploads\10-13\shuttle_run\20260313_084857_wsxswsxsw_a9720fcd.mp4
2026-03-13 14:18:58 | INFO | SHUTTLE_RUN_INPUT_READ_DONE | candidate_id=DCF12070DB | duration=14.66
2026-03-13 14:18:58 | INFO | SHUTTLE_RUN_CONE_DETECTION_EXECUTE | candidate_id=DCF12070DB | age_group=10-13
2026-03-13 14:21:20 | ERROR | SCORING_PIPELINE_FAIL | activity=shuttle_run | age_group=10-13 | candidate_id=DCF12070DB | error=name 'pose' is not defined
Traceback (most recent call last):
  File "D:\NayanDC\Physical_projects\common_backend\scoring.py", line 157, in score_activity_video
    calculation = calculator(
  File "D:\NayanDC\Physical_projects\shuttle_run\common_calculation.py", line 43, in calculate_shuttle_run
    raw = run_shuttle_run(
  File "D:\NayanDC\Physical_projects\shuttle_run\runtime.py", line 178, in run_shuttle_run
    return run_common(
  File "D:\NayanDC\Physical_projects\shuttle_run\runtime.py", line 158, in run_common
    return run_primary(
  File "D:\NayanDC\Physical_projects\shuttle_run\runtime.py", line 146, in run_primary
    return fn(**kwargs)
  File "D:\NayanDC\Physical_projects\ages_10-13\shuttle_run\shuttle_run.py", line 410, in shuttle_run
    results = pose.process(rgb)
NameError: name 'pose' is not defined
2026-03-13 14:21:30 | INFO | SCORING_FALLBACK_USED | activity=shuttle_run | duration=14.66 | motion_ratio=0.1346 | score=14.49 | category=Above Average
2026-03-13 14:21:30 | INFO | SCORING_DONE | activity=shuttle_run | candidate_id=DCF12070DB | score=14.49 | category=Above Average
2026-03-13 14:21:30 | INFO | MONGO_CONNECT_OK | db=FitQuest_Physical_database | activity=shuttle_run | candidate_id=DCF12070DB
2026-03-13 14:21:30 | INFO | MONGO_WRITE_OK | collection=users | candidate_id=DCF12070DB
2026-03-13 14:21:30 | INFO | MONGO_WRITE_OK | collection=children | candidate_id=DCF12070DB
2026-03-13 14:21:30 | INFO | MONGO_WRITE_OK | collection=shuttle_run_results | candidate_id=DCF12070DB
2026-03-13 14:21:30 | INFO | MONGO_WRITE_OK | collection=shuttle_run_calculation_variables | candidate_id=DCF12070DB
2026-03-13 14:21:30 | INFO | MONGO_WRITE_OK | collection=data_storage | candidate_id=DCF12070DB
2026-03-13 14:21:30 | INFO | MONGO_SAVE_OK | activity=shuttle_run | candidate_id=DCF12070DB | collections=users,children,shuttle_run_results,shuttle_run_calculation_variables,data_storage
2026-03-13 14:21:30 | INFO | REQUEST_DONE | activity=shuttle_run | candidate_id=DCF12070DB | saved_json=common_backend\results\scores.json
2026-03-13 14:29:58 | INFO | REQUEST_START | activity=shuttle_run | age_group=10-13 | age=11 | name=wsxswsxsw
2026-03-13 14:29:58 | INFO | VIDEO_SAVED | activity=shuttle_run | video_path=common_backend\uploads\10-13\shuttle_run\20260313_085958_wsxswsxsw_dab5ccae.mp4
2026-03-13 14:29:58 | INFO | SCORING_PIPELINE_START | activity=shuttle_run | age_group=10-13 | candidate_id=DC603548D1
2026-03-13 14:29:58 | INFO | CONE_DETECTION_STAGE_START | activity=shuttle_run | age_group=10-13 | candidate_id=DC603548D1
2026-03-13 14:29:58 | INFO | SHUTTLE_RUN_INPUT_READ_START | candidate_id=DC603548D1 | age_group=10-13 | video_path=common_backend\uploads\10-13\shuttle_run\20260313_085958_wsxswsxsw_dab5ccae.mp4
2026-03-13 14:29:58 | INFO | SHUTTLE_RUN_INPUT_READ_DONE | candidate_id=DC603548D1 | duration=14.66
2026-03-13 14:29:58 | INFO | SHUTTLE_RUN_CONE_DETECTION_EXECUTE | candidate_id=DC603548D1 | age_group=10-13
2026-03-13 14:31:59 | ERROR | SCORING_PIPELINE_FAIL | activity=shuttle_run | age_group=10-13 | candidate_id=DC603548D1 | error=name 'pose' is not defined
Traceback (most recent call last):
  File "D:\NayanDC\Physical_projects\common_backend\scoring.py", line 157, in score_activity_video
    calculation = calculator(
  File "D:\NayanDC\Physical_projects\shuttle_run\common_calculation.py", line 43, in calculate_shuttle_run
    raw = run_shuttle_run(
  File "D:\NayanDC\Physical_projects\shuttle_run\runtime.py", line 178, in run_shuttle_run
    return run_common(
  File "D:\NayanDC\Physical_projects\shuttle_run\runtime.py", line 158, in run_common
    return run_primary(
  File "D:\NayanDC\Physical_projects\shuttle_run\runtime.py", line 146, in run_primary
    return fn(**kwargs)
  File "D:\NayanDC\Physical_projects\ages_10-13\shuttle_run\shuttle_run.py", line 410, in shuttle_run
    results = pose.process(rgb)
NameError: name 'pose' is not defined
2026-03-13 14:32:08 | INFO | SCORING_FALLBACK_USED | activity=shuttle_run | duration=14.66 | motion_ratio=0.1346 | score=14.49 | category=Above Average
2026-03-13 14:32:08 | INFO | SCORING_DONE | activity=shuttle_run | candidate_id=DC603548D1 | score=14.49 | category=Above Average
2026-03-13 14:32:08 | INFO | MONGO_CONNECT_OK | db=FitQuest_Physical_database | activity=shuttle_run | candidate_id=DC603548D1
2026-03-13 14:32:08 | INFO | MONGO_WRITE_OK | collection=users | candidate_id=DC603548D1
2026-03-13 14:32:08 | INFO | MONGO_WRITE_OK | collection=children | candidate_id=DC603548D1
2026-03-13 14:32:08 | INFO | MONGO_WRITE_OK | collection=shuttle_run_results | candidate_id=DC603548D1
2026-03-13 14:32:08 | INFO | MONGO_WRITE_OK | collection=shuttle_run_calculation_variables | candidate_id=DC603548D1
2026-03-13 14:32:08 | INFO | MONGO_WRITE_OK | collection=data_storage | candidate_id=DC603548D1
2026-03-13 14:32:08 | INFO | MONGO_SAVE_OK | activity=shuttle_run | candidate_id=DC603548D1 | collections=users,children,shuttle_run_results,shuttle_run_calculation_variables,data_storage
2026-03-13 14:32:08 | INFO | REQUEST_DONE | activity=shuttle_run | candidate_id=DC603548D1 | saved_json=common_backend\results\scores.json
2026-03-13 14:34:01 | INFO | REQUEST_START | activity=shuttle_run | age_group=10-13 | age=11 | name=wsxswsxsw
2026-03-13 14:34:02 | INFO | VIDEO_SAVED | activity=shuttle_run | video_path=common_backend\uploads\10-13\shuttle_run\20260313_090401_wsxswsxsw_d1dfcb81.mp4
2026-03-13 14:34:02 | INFO | SCORING_PIPELINE_START | activity=shuttle_run | age_group=10-13 | candidate_id=DC5EA67DBC
2026-03-13 14:34:02 | INFO | CONE_DETECTION_STAGE_START | activity=shuttle_run | age_group=10-13 | candidate_id=DC5EA67DBC
2026-03-13 14:34:02 | INFO | SHUTTLE_RUN_INPUT_READ_START | candidate_id=DC5EA67DBC | age_group=10-13 | video_path=common_backend\uploads\10-13\shuttle_run\20260313_090401_wsxswsxsw_d1dfcb81.mp4
2026-03-13 14:34:02 | INFO | SHUTTLE_RUN_INPUT_READ_DONE | candidate_id=DC5EA67DBC | duration=14.66
2026-03-13 14:34:02 | INFO | SHUTTLE_RUN_CONE_DETECTION_EXECUTE | candidate_id=DC5EA67DBC | age_group=10-13
2026-03-13 14:36:03 | ERROR | SCORING_PIPELINE_FAIL | activity=shuttle_run | age_group=10-13 | candidate_id=DC5EA67DBC | error=name 'pose' is not defined
Traceback (most recent call last):
  File "D:\NayanDC\Physical_projects\common_backend\scoring.py", line 157, in score_activity_video
    calculation = calculator(
  File "D:\NayanDC\Physical_projects\shuttle_run\common_calculation.py", line 43, in calculate_shuttle_run
    raw = run_shuttle_run(
  File "D:\NayanDC\Physical_projects\shuttle_run\runtime.py", line 178, in run_shuttle_run
    return run_common(
  File "D:\NayanDC\Physical_projects\shuttle_run\runtime.py", line 158, in run_common
    return run_primary(
  File "D:\NayanDC\Physical_projects\shuttle_run\runtime.py", line 146, in run_primary
    return fn(**kwargs)
  File "D:\NayanDC\Physical_projects\ages_10-13\shuttle_run\shuttle_run.py", line 410, in shuttle_run
    results = pose.process(rgb)
NameError: name 'pose' is not defined
2026-03-13 14:36:12 | INFO | SCORING_FALLBACK_USED | activity=shuttle_run | duration=14.66 | motion_ratio=0.1346 | score=14.49 | category=Above Average
2026-03-13 14:36:12 | INFO | SCORING_DONE | activity=shuttle_run | candidate_id=DC5EA67DBC | score=14.49 | category=Above Average
2026-03-13 14:36:12 | INFO | MONGO_CONNECT_OK | db=FitQuest_Physical_database | activity=shuttle_run | candidate_id=DC5EA67DBC
2026-03-13 14:36:12 | INFO | MONGO_WRITE_OK | collection=users | candidate_id=DC5EA67DBC
2026-03-13 14:36:12 | INFO | MONGO_WRITE_OK | collection=children | candidate_id=DC5EA67DBC
2026-03-13 14:36:12 | INFO | MONGO_WRITE_OK | collection=shuttle_run_results | candidate_id=DC5EA67DBC
2026-03-13 14:36:12 | INFO | MONGO_WRITE_OK | collection=shuttle_run_calculation_variables | candidate_id=DC5EA67DBC
2026-03-13 14:36:12 | INFO | MONGO_WRITE_OK | collection=data_storage | candidate_id=DC5EA67DBC
2026-03-13 14:36:12 | INFO | MONGO_SAVE_OK | activity=shuttle_run | candidate_id=DC5EA67DBC | collections=users,children,shuttle_run_results,shuttle_run_calculation_variables,data_storage
2026-03-13 14:36:12 | INFO | REQUEST_DONE | activity=shuttle_run | candidate_id=DC5EA67DBC | saved_json=common_backend\results\scores.json
2026-03-13 14:37:26 | INFO | REQUEST_START | activity=sprint_run_20m | age_group=10-13 | age=11 | name='pjhg
2026-03-13 14:37:26 | INFO | VIDEO_SAVED | activity=sprint_run_20m | video_path=common_backend\uploads\10-13\sprint_run_20m\20260313_090726_'pjhg_a5d0456b.mp4
2026-03-13 14:37:26 | INFO | SCORING_PIPELINE_START | activity=sprint_run_20m | age_group=10-13 | candidate_id=DC358C319C
2026-03-13 14:37:26 | ERROR | SCORING_PIPELINE_FAIL | activity=sprint_run_20m | age_group=10-13 | candidate_id=DC358C319C | error=name 'pose' is not defined
Traceback (most recent call last):
  File "D:\NayanDC\Physical_projects\common_backend\scoring.py", line 157, in score_activity_video
    calculation = calculator(
  File "D:\NayanDC\Physical_projects\Sprint_run_20_meter\common_calculation.py", line 24, in calculate_sprint_run_20m
    raw = run_sprint_run_20m(
  File "D:\NayanDC\Physical_projects\Sprint_run_20_meter\runtime.py", line 178, in run_sprint_run_20m
    return run_common(
  File "D:\NayanDC\Physical_projects\Sprint_run_20_meter\runtime.py", line 158, in run_common
    return run_primary(
  File "D:\NayanDC\Physical_projects\Sprint_run_20_meter\runtime.py", line 146, in run_primary
    return fn(**kwargs)
  File "D:\NayanDC\Physical_projects\ages_10-13\20m_running\sprint_run.py", line 343, in meter_run
    results = pose.process(rgb)
NameError: name 'pose' is not defined
2026-03-13 14:37:36 | INFO | SCORING_FALLBACK_USED | activity=sprint_run_20m | duration=14.66 | motion_ratio=0.1346 | score=14.49 | category=Above Average
2026-03-13 14:37:36 | INFO | SCORING_DONE | activity=sprint_run_20m | candidate_id=DC358C319C | score=14.49 | category=Above Average
2026-03-13 14:37:36 | INFO | MONGO_CONNECT_OK | db=FitQuest_Physical_database | activity=sprint_run_20m | candidate_id=DC358C319C
2026-03-13 14:37:36 | INFO | MONGO_WRITE_OK | collection=users | candidate_id=DC358C319C
2026-03-13 14:37:36 | INFO | MONGO_WRITE_OK | collection=children | candidate_id=DC358C319C
2026-03-13 14:37:36 | INFO | MONGO_WRITE_OK | collection=sprint_run_20m_results | candidate_id=DC358C319C
2026-03-13 14:37:36 | INFO | MONGO_WRITE_OK | collection=sprint_run_20m_calculation_variables | candidate_id=DC358C319C
2026-03-13 14:37:36 | INFO | MONGO_WRITE_OK | collection=data_storage | candidate_id=DC358C319C
2026-03-13 14:37:36 | INFO | MONGO_SAVE_OK | activity=sprint_run_20m | candidate_id=DC358C319C | collections=users,children,sprint_run_20m_results,sprint_run_20m_calculation_variables,data_storage
2026-03-13 14:37:36 | INFO | REQUEST_DONE | activity=sprint_run_20m | candidate_id=DC358C319C | saved_json=common_backend\results\scores.json
2026-03-13 14:38:16 | INFO | REQUEST_START | activity=long_jump | age_group=10-13 | age=12 | name=xfv
2026-03-13 14:38:16 | INFO | VIDEO_SAVED | activity=long_jump | video_path=common_backend\uploads\10-13\long_jump\20260313_090816_xfv_47d1db03.mp4
2026-03-13 14:38:16 | INFO | SCORING_PIPELINE_START | activity=long_jump | age_group=10-13 | candidate_id=DC5AA2E538
2026-03-13 14:38:16 | ERROR | SCORING_PIPELINE_FAIL | activity=long_jump | age_group=10-13 | candidate_id=DC5AA2E538 | error=name 'pose' is not defined
Traceback (most recent call last):
  File "D:\NayanDC\Physical_projects\common_backend\scoring.py", line 157, in score_activity_video
    calculation = calculator(
  File "D:\NayanDC\Physical_projects\long_jump\common_calculation.py", line 24, in calculate_long_jump
    raw = run_long_jump(
  File "D:\NayanDC\Physical_projects\long_jump\runtime.py", line 179, in run_long_jump
    return run_common(
  File "D:\NayanDC\Physical_projects\long_jump\runtime.py", line 158, in run_common
    return run_primary(
  File "D:\NayanDC\Physical_projects\long_jump\runtime.py", line 146, in run_primary
    return fn(**kwargs)
  File "D:\NayanDC\Physical_projects\ages_10-13\long_jump\long_jump.py", line 268, in long_jump
    results = pose.process(rgb)
NameError: name 'pose' is not defined
2026-03-13 14:38:25 | INFO | SCORING_FALLBACK_USED | activity=long_jump | duration=14.66 | motion_ratio=0.1346 | score=14.81 | category=Above Average
2026-03-13 14:38:25 | INFO | SCORING_DONE | activity=long_jump | candidate_id=DC5AA2E538 | score=14.81 | category=Above Average
2026-03-13 14:38:25 | INFO | MONGO_CONNECT_OK | db=FitQuest_Physical_database | activity=long_jump | candidate_id=DC5AA2E538
2026-03-13 14:38:25 | INFO | MONGO_WRITE_OK | collection=users | candidate_id=DC5AA2E538
2026-03-13 14:38:25 | INFO | MONGO_WRITE_OK | collection=children | candidate_id=DC5AA2E538
2026-03-13 14:38:25 | INFO | MONGO_WRITE_OK | collection=long_jump_results | candidate_id=DC5AA2E538
2026-03-13 14:38:25 | INFO | MONGO_WRITE_OK | collection=long_jump_calculation_variables | candidate_id=DC5AA2E538
2026-03-13 14:38:25 | INFO | MONGO_WRITE_OK | collection=data_storage | candidate_id=DC5AA2E538
2026-03-13 14:38:25 | INFO | MONGO_SAVE_OK | activity=long_jump | candidate_id=DC5AA2E538 | collections=users,children,long_jump_results,long_jump_calculation_variables,data_storage
2026-03-13 14:38:25 | INFO | REQUEST_DONE | activity=long_jump | candidate_id=DC5AA2E538 | saved_json=common_backend\results\scores.json
2026-03-13 14:47:14 | INFO | REQUEST_START | activity=long_jump | age_group=10-13 | age=10 | name=dfghjk
2026-03-13 14:47:14 | INFO | VIDEO_SAVED | activity=long_jump | video_path=common_backend\uploads\10-13\long_jump\20260313_091714_dfghjk_3cc1101a.mp4
2026-03-13 14:47:14 | INFO | SCORING_PIPELINE_START | activity=long_jump | age_group=10-13 | candidate_id=DCDE3E36F0
2026-03-13 14:47:21 | ERROR | SCORING_PIPELINE_FAIL | activity=long_jump | age_group=10-13 | candidate_id=DCDE3E36F0 | error=name 'pose' is not defined
Traceback (most recent call last):
  File "D:\NayanDC\Physical_projects\common_backend\scoring.py", line 157, in score_activity_video
    calculation = calculator(
  File "D:\NayanDC\Physical_projects\long_jump\common_calculation.py", line 24, in calculate_long_jump
    raw = run_long_jump(
  File "D:\NayanDC\Physical_projects\long_jump\runtime.py", line 179, in run_long_jump
    return run_common(
  File "D:\NayanDC\Physical_projects\long_jump\runtime.py", line 158, in run_common
    return run_primary(
  File "D:\NayanDC\Physical_projects\long_jump\runtime.py", line 146, in run_primary
    return fn(**kwargs)
  File "D:\NayanDC\Physical_projects\ages_10-13\long_jump\long_jump.py", line 268, in long_jump
    results = pose.process(rgb)
NameError: name 'pose' is not defined
2026-03-13 14:47:31 | INFO | SCORING_FALLBACK_USED | activity=long_jump | duration=14.66 | motion_ratio=0.1346 | score=14.81 | category=Above Average
2026-03-13 14:47:31 | INFO | SCORING_DONE | activity=long_jump | candidate_id=DCDE3E36F0 | score=14.81 | category=Above Average
2026-03-13 14:47:32 | INFO | MONGO_CONNECT_OK | db=FitQuest_Physical_database | activity=long_jump | candidate_id=DCDE3E36F0
2026-03-13 14:47:32 | INFO | MONGO_WRITE_OK | collection=users | candidate_id=DCDE3E36F0
2026-03-13 14:47:32 | INFO | MONGO_WRITE_OK | collection=children | candidate_id=DCDE3E36F0
2026-03-13 14:47:32 | INFO | MONGO_WRITE_OK | collection=long_jump_results | candidate_id=DCDE3E36F0
2026-03-13 14:47:32 | INFO | MONGO_WRITE_OK | collection=long_jump_calculation_variables | candidate_id=DCDE3E36F0
2026-03-13 14:47:32 | INFO | MONGO_WRITE_OK | collection=data_storage | candidate_id=DCDE3E36F0
2026-03-13 14:47:32 | INFO | MONGO_SAVE_OK | activity=long_jump | candidate_id=DCDE3E36F0 | collections=users,children,long_jump_results,long_jump_calculation_variables,data_storage
2026-03-13 14:47:32 | INFO | REQUEST_DONE | activity=long_jump | candidate_id=DCDE3E36F0 | saved_json=common_backend\results\scores.json
2026-03-13 14:50:53 | INFO | REQUEST_START | activity=long_jump | age_group=10-13 | age=12 | name=fgj
2026-03-13 14:50:54 | INFO | VIDEO_SAVED | activity=long_jump | video_path=common_backend\uploads\10-13\long_jump\20260313_092053_fgj_11c02b0f.mp4
2026-03-13 14:50:54 | INFO | SCORING_PIPELINE_START | activity=long_jump | age_group=10-13 | candidate_id=DC0253CAE6
2026-03-13 14:51:01 | ERROR | SCORING_PIPELINE_FAIL | activity=long_jump | age_group=10-13 | candidate_id=DC0253CAE6 | error=name 'pose' is not defined
Traceback (most recent call last):
  File "D:\NayanDC\Physical_projects\common_backend\scoring.py", line 157, in score_activity_video
    calculation = calculator(
  File "D:\NayanDC\Physical_projects\long_jump\common_calculation.py", line 24, in calculate_long_jump
    raw = run_long_jump(
  File "D:\NayanDC\Physical_projects\long_jump\runtime.py", line 179, in run_long_jump
    return run_common(
  File "D:\NayanDC\Physical_projects\long_jump\runtime.py", line 158, in run_common
    return run_primary(
  File "D:\NayanDC\Physical_projects\long_jump\runtime.py", line 146, in run_primary
    return fn(**kwargs)
  File "D:\NayanDC\Physical_projects\ages_10-13\long_jump\long_jump.py", line 268, in long_jump
    results = pose.process(rgb)
NameError: name 'pose' is not defined
2026-03-13 14:51:10 | INFO | SCORING_FALLBACK_USED | activity=long_jump | duration=14.66 | motion_ratio=0.1346 | score=14.81 | category=Above Average
2026-03-13 14:51:10 | INFO | SCORING_DONE | activity=long_jump | candidate_id=DC0253CAE6 | score=14.81 | category=Above Average
2026-03-13 14:51:10 | INFO | MONGO_CONNECT_OK | db=FitQuest_Physical_database | activity=long_jump | candidate_id=DC0253CAE6
2026-03-13 14:51:10 | INFO | MONGO_WRITE_OK | collection=users | candidate_id=DC0253CAE6
2026-03-13 14:51:10 | INFO | MONGO_WRITE_OK | collection=children | candidate_id=DC0253CAE6
2026-03-13 14:51:10 | INFO | MONGO_WRITE_OK | collection=long_jump_results | candidate_id=DC0253CAE6
2026-03-13 14:51:10 | INFO | MONGO_WRITE_OK | collection=long_jump_calculation_variables | candidate_id=DC0253CAE6
2026-03-13 14:51:10 | INFO | MONGO_WRITE_OK | collection=data_storage | candidate_id=DC0253CAE6
2026-03-13 14:51:10 | INFO | MONGO_SAVE_OK | activity=long_jump | candidate_id=DC0253CAE6 | collections=users,children,long_jump_results,long_jump_calculation_variables,data_storage
2026-03-13 14:51:10 | INFO | REQUEST_DONE | activity=long_jump | candidate_id=DC0253CAE6 | saved_json=common_backend\results\scores.json
2026-03-16 11:33:33 | INFO | REQUEST_START | activity=high_knee_jump | age_group=10-13 | age=10 | name=1111111
2026-03-16 11:33:33 | INFO | VIDEO_SAVED | activity=high_knee_jump | video_path=common_backend\uploads\10-13\high_knee_jump\20260316_060333_1111111_cd2ea51a.mp4
2026-03-16 11:33:33 | INFO | SCORING_PIPELINE_START | activity=high_knee_jump | age_group=10-13 | candidate_id=DCD24BBC04
2026-03-16 11:35:06 | INFO | SCORING_PIPELINE_DONE | activity=high_knee_jump | score=1.00 | category=Poor | duration=14.66 | candidate_id=DCD24BBC04
2026-03-16 11:35:06 | INFO | SCORING_DONE | activity=high_knee_jump | candidate_id=DCD24BBC04 | score=1.0 | category=Poor
2026-03-16 11:35:08 | INFO | MONGO_CONNECT_OK | db=FitQuest_Physical_database | activity=high_knee_jump | candidate_id=DCD24BBC04
2026-03-16 11:35:08 | INFO | MONGO_WRITE_OK | collection=users | candidate_id=DCD24BBC04
2026-03-16 11:35:08 | INFO | MONGO_WRITE_OK | collection=children | candidate_id=DCD24BBC04
2026-03-16 11:35:08 | INFO | MONGO_WRITE_OK | collection=high_knee_jump_results | candidate_id=DCD24BBC04
2026-03-16 11:35:08 | INFO | MONGO_WRITE_OK | collection=high_knee_jump_calculation_variables | candidate_id=DCD24BBC04
2026-03-16 11:35:08 | INFO | MONGO_WRITE_OK | collection=data_storage | candidate_id=DCD24BBC04
2026-03-16 11:35:08 | INFO | MONGO_SAVE_OK | activity=high_knee_jump | candidate_id=DCD24BBC04 | collections=users,children,high_knee_jump_results,high_knee_jump_calculation_variables,data_storage
2026-03-16 11:35:08 | INFO | REQUEST_DONE | activity=high_knee_jump | candidate_id=DCD24BBC04 | saved_json=common_backend\results\scores.json
2026-03-16 11:35:57 | INFO | REQUEST_START | activity=high_knee_jump | age_group=10-13 | age=10 | name=1111111
2026-03-16 11:35:57 | INFO | VIDEO_SAVED | activity=high_knee_jump | video_path=common_backend\uploads\10-13\high_knee_jump\20260316_060557_1111111_646ef30d.mp4
2026-03-16 11:35:57 | INFO | SCORING_PIPELINE_START | activity=high_knee_jump | age_group=10-13 | candidate_id=DC6DE5489C
2026-03-16 11:37:20 | INFO | SCORING_PIPELINE_DONE | activity=high_knee_jump | score=1.00 | category=Poor | duration=14.66 | candidate_id=DC6DE5489C
2026-03-16 11:37:20 | INFO | SCORING_DONE | activity=high_knee_jump | candidate_id=DC6DE5489C | score=1.0 | category=Poor
2026-03-16 11:37:20 | INFO | MONGO_CONNECT_OK | db=FitQuest_Physical_database | activity=high_knee_jump | candidate_id=DC6DE5489C
2026-03-16 11:37:20 | INFO | MONGO_WRITE_OK | collection=users | candidate_id=DC6DE5489C
2026-03-16 11:37:20 | INFO | MONGO_WRITE_OK | collection=children | candidate_id=DC6DE5489C
2026-03-16 11:37:20 | INFO | MONGO_WRITE_OK | collection=high_knee_jump_results | candidate_id=DC6DE5489C
2026-03-16 11:37:20 | INFO | MONGO_WRITE_OK | collection=high_knee_jump_calculation_variables | candidate_id=DC6DE5489C
2026-03-16 11:37:20 | INFO | MONGO_WRITE_OK | collection=data_storage | candidate_id=DC6DE5489C
2026-03-16 11:37:20 | INFO | MONGO_SAVE_OK | activity=high_knee_jump | candidate_id=DC6DE5489C | collections=users,children,high_knee_jump_results,high_knee_jump_calculation_variables,data_storage
2026-03-16 11:37:20 | INFO | REQUEST_DONE | activity=high_knee_jump | candidate_id=DC6DE5489C | saved_json=common_backend\results\scores.json
2026-03-16 11:41:40 | INFO | REQUEST_START | activity=shuttle_run | age_group=10-13 | age=10 | name=dfghk
2026-03-16 11:41:40 | INFO | VIDEO_SAVED | activity=shuttle_run | video_path=common_backend\uploads\10-13\shuttle_run\20260316_061140_dfghk_afe4952b.mp4
2026-03-16 11:41:40 | INFO | SCORING_PIPELINE_START | activity=shuttle_run | age_group=10-13 | candidate_id=DCF2868E5B
2026-03-16 11:41:40 | INFO | CONE_DETECTION_STAGE_START | activity=shuttle_run | age_group=10-13 | candidate_id=DCF2868E5B
2026-03-16 11:41:40 | INFO | SHUTTLE_RUN_INPUT_READ_START | candidate_id=DCF2868E5B | age_group=10-13 | video_path=common_backend\uploads\10-13\shuttle_run\20260316_061140_dfghk_afe4952b.mp4
2026-03-16 11:41:40 | INFO | SHUTTLE_RUN_INPUT_READ_DONE | candidate_id=DCF2868E5B | duration=14.66
2026-03-16 11:41:40 | INFO | SHUTTLE_RUN_CONE_DETECTION_EXECUTE | candidate_id=DCF2868E5B | age_group=10-13
2026-03-16 11:43:50 | INFO | SHUTTLE_RUN_SCORE_COMPUTED | candidate_id=DCF2868E5B | raw_score=12.00 | adjusted_score=12.00 | category=Average
2026-03-16 11:43:50 | INFO | CONE_DETECTION_STAGE_DONE | activity=shuttle_run | score=12.00 | category=Average | candidate_id=DCF2868E5B
2026-03-16 11:43:50 | INFO | SCORING_PIPELINE_DONE | activity=shuttle_run | score=12.00 | category=Average | duration=14.66 | candidate_id=DCF2868E5B
2026-03-16 11:43:50 | INFO | SCORING_DONE | activity=shuttle_run | candidate_id=DCF2868E5B | score=12.0 | category=Average
2026-03-16 11:43:50 | INFO | MONGO_CONNECT_OK | db=FitQuest_Physical_database | activity=shuttle_run | candidate_id=DCF2868E5B
2026-03-16 11:43:50 | INFO | MONGO_WRITE_OK | collection=users | candidate_id=DCF2868E5B
2026-03-16 11:43:50 | INFO | MONGO_WRITE_OK | collection=children | candidate_id=DCF2868E5B
2026-03-16 11:43:50 | INFO | MONGO_WRITE_OK | collection=shuttle_run_results | candidate_id=DCF2868E5B
2026-03-16 11:43:50 | INFO | MONGO_WRITE_OK | collection=shuttle_run_calculation_variables | candidate_id=DCF2868E5B
2026-03-16 11:43:50 | INFO | MONGO_WRITE_OK | collection=data_storage | candidate_id=DCF2868E5B
2026-03-16 11:43:50 | INFO | MONGO_SAVE_OK | activity=shuttle_run | candidate_id=DCF2868E5B | collections=users,children,shuttle_run_results,shuttle_run_calculation_variables,data_storage
2026-03-16 11:43:50 | INFO | REQUEST_DONE | activity=shuttle_run | candidate_id=DCF2868E5B | saved_json=common_backend\results\scores.json
2026-03-16 11:48:38 | INFO | REQUEST_START | activity=high_knee_jump | age_group=10-13 | age=10 | name=tghjk.
2026-03-16 11:48:39 | INFO | VIDEO_SAVED | activity=high_knee_jump | video_path=common_backend\uploads\10-13\high_knee_jump\20260316_061838_tghjk._0da5abbd.mp4
2026-03-16 11:48:39 | INFO | SCORING_PIPELINE_START | activity=high_knee_jump | age_group=10-13 | candidate_id=DCAE451063
2026-03-16 11:50:03 | INFO | SCORING_PIPELINE_DONE | activity=high_knee_jump | score=1.00 | category=Poor | duration=14.66 | candidate_id=DCAE451063
2026-03-16 11:50:03 | INFO | SCORING_DONE | activity=high_knee_jump | candidate_id=DCAE451063 | score=1.0 | category=Poor
2026-03-16 11:50:03 | INFO | MONGO_CONNECT_OK | db=FitQuest_Physical_database | activity=high_knee_jump | candidate_id=DCAE451063
2026-03-16 11:50:03 | INFO | MONGO_WRITE_OK | collection=users | candidate_id=DCAE451063
2026-03-16 11:50:03 | INFO | MONGO_WRITE_OK | collection=children | candidate_id=DCAE451063
2026-03-16 11:50:03 | INFO | MONGO_WRITE_OK | collection=high_knee_jump_results | candidate_id=DCAE451063
2026-03-16 11:50:03 | INFO | MONGO_WRITE_OK | collection=high_knee_jump_calculation_variables | candidate_id=DCAE451063
2026-03-16 11:50:03 | INFO | MONGO_WRITE_OK | collection=data_storage | candidate_id=DCAE451063
2026-03-16 11:50:03 | INFO | MONGO_SAVE_OK | activity=high_knee_jump | candidate_id=DCAE451063 | collections=users,children,high_knee_jump_results,high_knee_jump_calculation_variables,data_storage
2026-03-16 11:50:03 | INFO | REQUEST_DONE | activity=high_knee_jump | candidate_id=DCAE451063 | saved_json=common_backend\results\scores.json
2026-03-16 11:55:01 | INFO | REQUEST_START | activity=shuttle_run | age_group=10-13 | age=10 | name=asdf
2026-03-16 11:55:01 | INFO | VIDEO_SAVED | activity=shuttle_run | video_path=common_backend\uploads\10-13\shuttle_run\20260316_062501_asdf_94d0ecdb.mp4
2026-03-16 11:55:01 | INFO | SCORING_PIPELINE_START | activity=shuttle_run | age_group=10-13 | candidate_id=DCB1A352AF
2026-03-16 11:55:01 | INFO | CONE_DETECTION_STAGE_START | activity=shuttle_run | age_group=10-13 | candidate_id=DCB1A352AF
2026-03-16 11:55:01 | INFO | SHUTTLE_RUN_INPUT_READ_START | candidate_id=DCB1A352AF | age_group=10-13 | video_path=common_backend\uploads\10-13\shuttle_run\20260316_062501_asdf_94d0ecdb.mp4
2026-03-16 11:55:01 | INFO | SHUTTLE_RUN_INPUT_READ_DONE | candidate_id=DCB1A352AF | duration=14.66
2026-03-16 11:55:01 | INFO | SHUTTLE_RUN_CONE_DETECTION_EXECUTE | candidate_id=DCB1A352AF | age_group=10-13
2026-03-16 11:56:39 | INFO | SHUTTLE_RUN_SCORE_COMPUTED | candidate_id=DCB1A352AF | raw_score=12.00 | adjusted_score=12.00 | category=Average
2026-03-16 11:56:39 | INFO | CONE_DETECTION_STAGE_DONE | activity=shuttle_run | score=12.00 | category=Average | candidate_id=DCB1A352AF
2026-03-16 11:56:39 | INFO | SCORING_PIPELINE_DONE | activity=shuttle_run | score=12.00 | category=Average | duration=14.66 | candidate_id=DCB1A352AF
2026-03-16 11:56:39 | INFO | SCORING_DONE | activity=shuttle_run | candidate_id=DCB1A352AF | score=12.0 | category=Average
2026-03-16 11:56:39 | INFO | MONGO_CONNECT_OK | db=FitQuest_Physical_database | activity=shuttle_run | candidate_id=DCB1A352AF
2026-03-16 11:56:39 | INFO | MONGO_WRITE_OK | collection=users | candidate_id=DCB1A352AF
2026-03-16 11:56:39 | INFO | MONGO_WRITE_OK | collection=children | candidate_id=DCB1A352AF
2026-03-16 11:56:39 | INFO | MONGO_WRITE_OK | collection=shuttle_run_results | candidate_id=DCB1A352AF
2026-03-16 11:56:39 | INFO | MONGO_WRITE_OK | collection=shuttle_run_calculation_variables | candidate_id=DCB1A352AF
2026-03-16 11:56:39 | INFO | MONGO_WRITE_OK | collection=data_storage | candidate_id=DCB1A352AF
2026-03-16 11:56:39 | INFO | MONGO_SAVE_OK | activity=shuttle_run | candidate_id=DCB1A352AF | collections=users,children,shuttle_run_results,shuttle_run_calculation_variables,data_storage
2026-03-16 11:56:39 | INFO | REQUEST_DONE | activity=shuttle_run | candidate_id=DCB1A352AF | saved_json=common_backend\results\scores.json
2026-03-16 11:57:31 | INFO | REQUEST_START | activity=sprint_run_20m | age_group=10-13 | age=10 | name=asdf
2026-03-16 11:57:31 | INFO | VIDEO_SAVED | activity=sprint_run_20m | video_path=common_backend\uploads\10-13\sprint_run_20m\20260316_062731_asdf_6bb7703a.mp4
2026-03-16 11:57:31 | INFO | SCORING_PIPELINE_START | activity=sprint_run_20m | age_group=10-13 | candidate_id=DCD3A68033
2026-03-16 11:58:51 | INFO | SCORING_PIPELINE_DONE | activity=sprint_run_20m | score=7.58 | category=Below Average | duration=14.66 | candidate_id=DCD3A68033
2026-03-16 11:58:51 | INFO | SCORING_DONE | activity=sprint_run_20m | candidate_id=DCD3A68033 | score=7.58 | category=Below Average
2026-03-16 11:58:51 | INFO | MONGO_CONNECT_OK | db=FitQuest_Physical_database | activity=sprint_run_20m | candidate_id=DCD3A68033
2026-03-16 11:58:51 | INFO | MONGO_WRITE_OK | collection=users | candidate_id=DCD3A68033
2026-03-16 11:58:51 | INFO | MONGO_WRITE_OK | collection=children | candidate_id=DCD3A68033
2026-03-16 11:58:51 | INFO | MONGO_WRITE_OK | collection=sprint_run_20m_results | candidate_id=DCD3A68033
2026-03-16 11:58:51 | INFO | MONGO_WRITE_OK | collection=sprint_run_20m_calculation_variables | candidate_id=DCD3A68033
2026-03-16 11:58:51 | INFO | MONGO_WRITE_OK | collection=data_storage | candidate_id=DCD3A68033
2026-03-16 11:58:51 | INFO | MONGO_SAVE_OK | activity=sprint_run_20m | candidate_id=DCD3A68033 | collections=users,children,sprint_run_20m_results,sprint_run_20m_calculation_variables,data_storage
2026-03-16 11:58:51 | INFO | REQUEST_DONE | activity=sprint_run_20m | candidate_id=DCD3A68033 | saved_json=common_backend\results\scores.json
2026-03-16 12:00:34 | INFO | REQUEST_START | activity=long_jump | age_group=10-13 | age=10 | name=asdf
2026-03-16 12:00:34 | INFO | VIDEO_SAVED | activity=long_jump | video_path=common_backend\uploads\10-13\long_jump\20260316_063034_asdf_7b0548a5.mp4
2026-03-16 12:00:34 | INFO | SCORING_PIPELINE_START | activity=long_jump | age_group=10-13 | candidate_id=DCAB0551AF
2026-03-16 12:01:50 | INFO | SCORING_PIPELINE_DONE | activity=long_jump | score=7.00 | category=Poor | duration=14.66 | candidate_id=DCAB0551AF
2026-03-16 12:01:50 | INFO | SCORING_DONE | activity=long_jump | candidate_id=DCAB0551AF | score=7.0 | category=Poor
2026-03-16 12:01:50 | INFO | MONGO_CONNECT_OK | db=FitQuest_Physical_database | activity=long_jump | candidate_id=DCAB0551AF
2026-03-16 12:01:50 | INFO | MONGO_WRITE_OK | collection=users | candidate_id=DCAB0551AF
2026-03-16 12:01:50 | INFO | MONGO_WRITE_OK | collection=children | candidate_id=DCAB0551AF
2026-03-16 12:01:50 | INFO | MONGO_WRITE_OK | collection=long_jump_results | candidate_id=DCAB0551AF
2026-03-16 12:01:50 | INFO | MONGO_WRITE_OK | collection=long_jump_calculation_variables | candidate_id=DCAB0551AF
2026-03-16 12:01:50 | INFO | MONGO_WRITE_OK | collection=data_storage | candidate_id=DCAB0551AF
2026-03-16 12:01:50 | INFO | MONGO_SAVE_OK | activity=long_jump | candidate_id=DCAB0551AF | collections=users,children,long_jump_results,long_jump_calculation_variables,data_storage
2026-03-16 12:01:50 | INFO | REQUEST_DONE | activity=long_jump | candidate_id=DCAB0551AF | saved_json=common_backend\results\scores.json
2026-03-16 12:07:10 | INFO | REQUEST_START | activity=high_knee_jump | age_group=10-13 | age=10 | name=sdfb
2026-03-16 12:07:11 | INFO | VIDEO_SAVED | activity=high_knee_jump | video_path=common_backend\uploads\10-13\high_knee_jump\20260316_063710_sdfb_5e2bb3e2.mov
2026-03-16 12:07:11 | INFO | SCORING_PIPELINE_START | activity=high_knee_jump | age_group=10-13 | candidate_id=DC0521D34A
2026-03-16 12:13:16 | INFO | SCORING_PIPELINE_DONE | activity=high_knee_jump | score=2.00 | category=Poor | duration=73.81 | candidate_id=DC0521D34A
2026-03-16 12:13:16 | INFO | SCORING_DONE | activity=high_knee_jump | candidate_id=DC0521D34A | score=2.0 | category=Poor
2026-03-16 12:13:16 | INFO | MONGO_CONNECT_OK | db=FitQuest_Physical_database | activity=high_knee_jump | candidate_id=DC0521D34A
2026-03-16 12:13:16 | INFO | MONGO_WRITE_OK | collection=users | candidate_id=DC0521D34A
2026-03-16 12:13:16 | INFO | MONGO_WRITE_OK | collection=children | candidate_id=DC0521D34A
2026-03-16 12:13:16 | INFO | MONGO_WRITE_OK | collection=high_knee_jump_results | candidate_id=DC0521D34A
2026-03-16 12:13:16 | INFO | MONGO_WRITE_OK | collection=high_knee_jump_calculation_variables | candidate_id=DC0521D34A
2026-03-16 12:13:16 | INFO | MONGO_WRITE_OK | collection=data_storage | candidate_id=DC0521D34A
2026-03-16 12:13:16 | INFO | MONGO_SAVE_OK | activity=high_knee_jump | candidate_id=DC0521D34A | collections=users,children,high_knee_jump_results,high_knee_jump_calculation_variables,data_storage
2026-03-16 12:13:16 | INFO | REQUEST_DONE | activity=high_knee_jump | candidate_id=DC0521D34A | saved_json=common_backend\results\scores.json
2026-03-16 12:13:19 | INFO | REQUEST_START | activity=high_knee_jump | age_group=10-13 | age=10 | name=sdfb
2026-03-16 12:13:20 | INFO | VIDEO_SAVED | activity=high_knee_jump | video_path=common_backend\uploads\10-13\high_knee_jump\20260316_064319_sdfb_1dfc974b.mov
2026-03-16 12:13:20 | INFO | SCORING_PIPELINE_START | activity=high_knee_jump | age_group=10-13 | candidate_id=DCB441D773
2026-03-16 12:15:27 | INFO | SCORING_PIPELINE_DONE | activity=high_knee_jump | score=2.00 | category=Poor | duration=73.81 | candidate_id=DCB441D773
2026-03-16 12:15:27 | INFO | SCORING_DONE | activity=high_knee_jump | candidate_id=DCB441D773 | score=2.0 | category=Poor
2026-03-16 12:15:27 | INFO | MONGO_CONNECT_OK | db=FitQuest_Physical_database | activity=high_knee_jump | candidate_id=DCB441D773
2026-03-16 12:15:27 | INFO | MONGO_WRITE_OK | collection=users | candidate_id=DCB441D773
2026-03-16 12:15:27 | INFO | MONGO_WRITE_OK | collection=children | candidate_id=DCB441D773
2026-03-16 12:15:27 | INFO | MONGO_WRITE_OK | collection=high_knee_jump_results | candidate_id=DCB441D773
2026-03-16 12:15:27 | INFO | MONGO_WRITE_OK | collection=high_knee_jump_calculation_variables | candidate_id=DCB441D773
2026-03-16 12:15:27 | INFO | MONGO_WRITE_OK | collection=data_storage | candidate_id=DCB441D773
2026-03-16 12:15:27 | INFO | MONGO_SAVE_OK | activity=high_knee_jump | candidate_id=DCB441D773 | collections=users,children,high_knee_jump_results,high_knee_jump_calculation_variables,data_storage
2026-03-16 12:15:27 | INFO | REQUEST_DONE | activity=high_knee_jump | candidate_id=DCB441D773 | saved_json=common_backend\results\scores.json
2026-03-16 12:17:51 | INFO | REQUEST_START | activity=high_knee_jump | age_group=10-13 | age=10 | name=asd
2026-03-16 12:17:52 | INFO | VIDEO_SAVED | activity=high_knee_jump | video_path=common_backend\uploads\10-13\high_knee_jump\20260316_064751_asd_a03f31ef.mov
2026-03-16 12:17:52 | INFO | SCORING_PIPELINE_START | activity=high_knee_jump | age_group=10-13 | candidate_id=DC855127CA
2026-03-16 12:22:58 | INFO | SCORING_PIPELINE_DONE | activity=high_knee_jump | score=2.00 | category=Poor | duration=73.81 | candidate_id=DC855127CA
2026-03-16 12:22:58 | INFO | SCORING_DONE | activity=high_knee_jump | candidate_id=DC855127CA | score=2.0 | category=Poor
2026-03-16 12:22:58 | INFO | MONGO_CONNECT_OK | db=FitQuest_Physical_database | activity=high_knee_jump | candidate_id=DC855127CA
2026-03-16 12:22:58 | INFO | MONGO_WRITE_OK | collection=users | candidate_id=DC855127CA
2026-03-16 12:22:58 | INFO | MONGO_WRITE_OK | collection=children | candidate_id=DC855127CA
2026-03-16 12:22:58 | INFO | MONGO_WRITE_OK | collection=high_knee_jump_results | candidate_id=DC855127CA
2026-03-16 12:22:58 | INFO | MONGO_WRITE_OK | collection=high_knee_jump_calculation_variables | candidate_id=DC855127CA
2026-03-16 12:22:58 | INFO | MONGO_WRITE_OK | collection=data_storage | candidate_id=DC855127CA
2026-03-16 12:22:58 | INFO | MONGO_SAVE_OK | activity=high_knee_jump | candidate_id=DC855127CA | collections=users,children,high_knee_jump_results,high_knee_jump_calculation_variables,data_storage
2026-03-16 12:22:58 | INFO | REQUEST_DONE | activity=high_knee_jump | candidate_id=DC855127CA | saved_json=common_backend\results\scores.json
2026-03-16 12:27:31 | INFO | REQUEST_START | activity=high_knee_jump | age_group=10-13 | age=10 | name=asd
2026-03-16 12:27:31 | INFO | VIDEO_SAVED | activity=high_knee_jump | video_path=common_backend\uploads\10-13\high_knee_jump\20260316_065731_asd_fedfc41f.mov
2026-03-16 12:27:32 | INFO | SCORING_PIPELINE_START | activity=high_knee_jump | age_group=10-13 | candidate_id=DCC678948E
2026-03-16 12:34:36 | INFO | SCORING_PIPELINE_DONE | activity=high_knee_jump | score=2.00 | category=Poor | duration=73.81 | candidate_id=DCC678948E
2026-03-16 12:34:36 | INFO | SCORING_DONE | activity=high_knee_jump | candidate_id=DCC678948E | score=2.0 | category=Poor
2026-03-16 12:34:36 | INFO | MONGO_CONNECT_OK | db=FitQuest_Physical_database | activity=high_knee_jump | candidate_id=DCC678948E
2026-03-16 12:34:36 | INFO | MONGO_WRITE_OK | collection=users | candidate_id=DCC678948E
2026-03-16 12:34:36 | INFO | MONGO_WRITE_OK | collection=children | candidate_id=DCC678948E
2026-03-16 12:34:36 | INFO | MONGO_WRITE_OK | collection=high_knee_jump_results | candidate_id=DCC678948E
2026-03-16 12:34:36 | INFO | MONGO_WRITE_OK | collection=high_knee_jump_calculation_variables | candidate_id=DCC678948E
2026-03-16 12:34:36 | INFO | MONGO_WRITE_OK | collection=data_storage | candidate_id=DCC678948E
2026-03-16 12:34:36 | INFO | MONGO_SAVE_OK | activity=high_knee_jump | candidate_id=DCC678948E | collections=users,children,high_knee_jump_results,high_knee_jump_calculation_variables,data_storage
2026-03-16 12:34:36 | INFO | REQUEST_DONE | activity=high_knee_jump | candidate_id=DCC678948E | saved_json=common_backend\results\scores.json
2026-03-16 12:36:11 | INFO | REQUEST_START | activity=high_knee_jump | age_group=10-13 | age=10 | name=asd
2026-03-16 12:36:12 | INFO | VIDEO_SAVED | activity=high_knee_jump | video_path=common_backend\uploads\10-13\high_knee_jump\20260316_070611_asd_d2f6ace4.mov
2026-03-16 12:36:12 | INFO | SCORING_PIPELINE_START | activity=high_knee_jump | age_group=10-13 | candidate_id=DC18013552
2026-03-16 12:37:09 | INFO | REQUEST_START | activity=shuttle_run | age_group=10-13 | age=10 | name=fghk
2026-03-16 12:37:09 | INFO | VIDEO_SAVED | activity=shuttle_run | video_path=common_backend\uploads\10-13\shuttle_run\20260316_070709_fghk_2c8d2b5d.mp4
2026-03-16 12:37:09 | INFO | SCORING_PIPELINE_START | activity=shuttle_run | age_group=10-13 | candidate_id=DC3C4A2F63
2026-03-16 12:37:09 | INFO | CONE_DETECTION_STAGE_START | activity=shuttle_run | age_group=10-13 | candidate_id=DC3C4A2F63
2026-03-16 12:37:09 | INFO | SHUTTLE_RUN_INPUT_READ_START | candidate_id=DC3C4A2F63 | age_group=10-13 | video_path=common_backend\uploads\10-13\shuttle_run\20260316_070709_fghk_2c8d2b5d.mp4
2026-03-16 12:37:09 | INFO | SHUTTLE_RUN_INPUT_READ_DONE | candidate_id=DC3C4A2F63 | duration=14.66
2026-03-16 12:37:09 | INFO | SHUTTLE_RUN_CONE_DETECTION_EXECUTE | candidate_id=DC3C4A2F63 | age_group=10-13
2026-03-16 12:38:56 | INFO | SHUTTLE_RUN_SCORE_COMPUTED | candidate_id=DC3C4A2F63 | raw_score=12.00 | adjusted_score=12.00 | category=Average
2026-03-16 12:38:57 | INFO | CONE_DETECTION_STAGE_DONE | activity=shuttle_run | score=12.00 | category=Average | candidate_id=DC3C4A2F63
2026-03-16 12:38:57 | INFO | SCORING_PIPELINE_DONE | activity=shuttle_run | score=12.00 | category=Average | duration=14.66 | candidate_id=DC3C4A2F63
2026-03-16 12:38:57 | INFO | SCORING_DONE | activity=shuttle_run | candidate_id=DC3C4A2F63 | score=12.0 | category=Average
2026-03-16 12:38:57 | INFO | MONGO_CONNECT_OK | db=FitQuest_Physical_database | activity=shuttle_run | candidate_id=DC3C4A2F63
2026-03-16 12:38:57 | INFO | MONGO_WRITE_OK | collection=users | candidate_id=DC3C4A2F63
2026-03-16 12:38:57 | INFO | MONGO_WRITE_OK | collection=children | candidate_id=DC3C4A2F63
2026-03-16 12:38:57 | INFO | MONGO_WRITE_OK | collection=shuttle_run_results | candidate_id=DC3C4A2F63
2026-03-16 12:38:57 | INFO | MONGO_WRITE_OK | collection=shuttle_run_calculation_variables | candidate_id=DC3C4A2F63
2026-03-16 12:38:57 | INFO | MONGO_WRITE_OK | collection=data_storage | candidate_id=DC3C4A2F63
2026-03-16 12:38:57 | INFO | MONGO_SAVE_OK | activity=shuttle_run | candidate_id=DC3C4A2F63 | collections=users,children,shuttle_run_results,shuttle_run_calculation_variables,data_storage
2026-03-16 12:38:57 | INFO | REQUEST_DONE | activity=shuttle_run | candidate_id=DC3C4A2F63 | saved_json=common_backend\results\scores.json
2026-03-16 12:39:14 | INFO | REQUEST_START | activity=sprint_run_20m | age_group=10-13 | age=10 | name=efg
2026-03-16 12:39:14 | INFO | VIDEO_SAVED | activity=sprint_run_20m | video_path=common_backend\uploads\10-13\sprint_run_20m\20260316_070914_efg_e79ade95.mp4
2026-03-16 12:39:14 | INFO | SCORING_PIPELINE_START | activity=sprint_run_20m | age_group=10-13 | candidate_id=DC27C98660
2026-03-16 12:39:39 | INFO | SCORING_PIPELINE_DONE | activity=sprint_run_20m | score=7.61 | category=Below Average | duration=4.10 | candidate_id=DC27C98660
2026-03-16 12:39:39 | INFO | SCORING_DONE | activity=sprint_run_20m | candidate_id=DC27C98660 | score=7.61 | category=Below Average
2026-03-16 12:39:40 | INFO | MONGO_CONNECT_OK | db=FitQuest_Physical_database | activity=sprint_run_20m | candidate_id=DC27C98660
2026-03-16 12:39:40 | INFO | MONGO_WRITE_OK | collection=users | candidate_id=DC27C98660
2026-03-16 12:39:40 | INFO | MONGO_WRITE_OK | collection=children | candidate_id=DC27C98660
2026-03-16 12:39:40 | INFO | MONGO_WRITE_OK | collection=sprint_run_20m_results | candidate_id=DC27C98660
2026-03-16 12:39:40 | INFO | MONGO_WRITE_OK | collection=sprint_run_20m_calculation_variables | candidate_id=DC27C98660
2026-03-16 12:39:40 | INFO | MONGO_WRITE_OK | collection=data_storage | candidate_id=DC27C98660
2026-03-16 12:39:40 | INFO | MONGO_SAVE_OK | activity=sprint_run_20m | candidate_id=DC27C98660 | collections=users,children,sprint_run_20m_results,sprint_run_20m_calculation_variables,data_storage
2026-03-16 12:39:40 | INFO | REQUEST_DONE | activity=sprint_run_20m | candidate_id=DC27C98660 | saved_json=common_backend\results\scores.json
2026-03-16 12:43:40 | INFO | SCORING_PIPELINE_DONE | activity=high_knee_jump | score=2.00 | category=Poor | duration=73.81 | candidate_id=DC18013552
2026-03-16 12:43:40 | INFO | SCORING_DONE | activity=high_knee_jump | candidate_id=DC18013552 | score=2.0 | category=Poor
2026-03-16 12:43:40 | INFO | MONGO_CONNECT_OK | db=FitQuest_Physical_database | activity=high_knee_jump | candidate_id=DC18013552
2026-03-16 12:43:40 | INFO | MONGO_WRITE_OK | collection=users | candidate_id=DC18013552
2026-03-16 12:43:40 | INFO | MONGO_WRITE_OK | collection=children | candidate_id=DC18013552
2026-03-16 12:43:40 | INFO | MONGO_WRITE_OK | collection=high_knee_jump_results | candidate_id=DC18013552
2026-03-16 12:43:40 | INFO | MONGO_WRITE_OK | collection=high_knee_jump_calculation_variables | candidate_id=DC18013552
2026-03-16 12:43:40 | INFO | MONGO_WRITE_OK | collection=data_storage | candidate_id=DC18013552
2026-03-16 12:43:40 | INFO | MONGO_SAVE_OK | activity=high_knee_jump | candidate_id=DC18013552 | collections=users,children,high_knee_jump_results,high_knee_jump_calculation_variables,data_storage
2026-03-16 12:43:40 | INFO | REQUEST_DONE | activity=high_knee_jump | candidate_id=DC18013552 | saved_json=common_backend\results\scores.json
2026-03-16 12:48:21 | INFO | REQUEST_START | activity=sprint_run_20m | age_group=10-13 | age=10 | name=efg
2026-03-16 12:48:21 | INFO | VIDEO_SAVED | activity=sprint_run_20m | video_path=common_backend\uploads\10-13\sprint_run_20m\20260316_071821_efg_a3bcd35d.mp4
2026-03-16 12:48:21 | INFO | SCORING_PIPELINE_START | activity=sprint_run_20m | age_group=10-13 | candidate_id=DCD24D4E31
2026-03-16 12:48:33 | INFO | SCORING_PIPELINE_DONE | activity=sprint_run_20m | score=7.61 | category=Below Average | duration=4.10 | candidate_id=DCD24D4E31
2026-03-16 12:48:33 | INFO | SCORING_DONE | activity=sprint_run_20m | candidate_id=DCD24D4E31 | score=7.61 | category=Below Average
2026-03-16 12:48:33 | INFO | MONGO_CONNECT_OK | db=FitQuest_Physical_database | activity=sprint_run_20m | candidate_id=DCD24D4E31
2026-03-16 12:48:33 | INFO | MONGO_WRITE_OK | collection=users | candidate_id=DCD24D4E31
2026-03-16 12:48:33 | INFO | MONGO_WRITE_OK | collection=children | candidate_id=DCD24D4E31
2026-03-16 12:48:33 | INFO | MONGO_WRITE_OK | collection=sprint_run_20m_results | candidate_id=DCD24D4E31
2026-03-16 12:48:33 | INFO | MONGO_WRITE_OK | collection=sprint_run_20m_calculation_variables | candidate_id=DCD24D4E31
2026-03-16 12:48:33 | INFO | MONGO_WRITE_OK | collection=data_storage | candidate_id=DCD24D4E31
2026-03-16 12:48:33 | INFO | MONGO_SAVE_OK | activity=sprint_run_20m | candidate_id=DCD24D4E31 | collections=users,children,sprint_run_20m_results,sprint_run_20m_calculation_variables,data_storage
2026-03-16 12:48:33 | INFO | REQUEST_DONE | activity=sprint_run_20m | candidate_id=DCD24D4E31 | saved_json=common_backend\results\scores.json
2026-03-16 12:48:47 | INFO | REQUEST_START | activity=sprint_run_20m | age_group=10-13 | age=10 | name=efg
2026-03-16 12:48:47 | INFO | VIDEO_SAVED | activity=sprint_run_20m | video_path=common_backend\uploads\10-13\sprint_run_20m\20260316_071847_efg_059adcff.mp4
2026-03-16 12:48:47 | INFO | SCORING_PIPELINE_START | activity=sprint_run_20m | age_group=10-13 | candidate_id=DC8EC21410
2026-03-16 12:48:54 | INFO | SCORING_PIPELINE_DONE | activity=sprint_run_20m | score=0.00 | category=Poor | duration=4.22 | candidate_id=DC8EC21410
2026-03-16 12:48:54 | INFO | SCORING_DONE | activity=sprint_run_20m | candidate_id=DC8EC21410 | score=0.0 | category=Poor
2026-03-16 12:48:54 | INFO | MONGO_CONNECT_OK | db=FitQuest_Physical_database | activity=sprint_run_20m | candidate_id=DC8EC21410
2026-03-16 12:48:54 | INFO | MONGO_WRITE_OK | collection=users | candidate_id=DC8EC21410
2026-03-16 12:48:54 | INFO | MONGO_WRITE_OK | collection=children | candidate_id=DC8EC21410
2026-03-16 12:48:54 | INFO | MONGO_WRITE_OK | collection=sprint_run_20m_results | candidate_id=DC8EC21410
2026-03-16 12:48:54 | INFO | MONGO_WRITE_OK | collection=sprint_run_20m_calculation_variables | candidate_id=DC8EC21410
2026-03-16 12:48:54 | INFO | MONGO_WRITE_OK | collection=data_storage | candidate_id=DC8EC21410
2026-03-16 12:48:54 | INFO | MONGO_SAVE_OK | activity=sprint_run_20m | candidate_id=DC8EC21410 | collections=users,children,sprint_run_20m_results,sprint_run_20m_calculation_variables,data_storage
2026-03-16 12:48:54 | INFO | REQUEST_DONE | activity=sprint_run_20m | candidate_id=DC8EC21410 | saved_json=common_backend\results\scores.json
2026-03-16 12:50:02 | INFO | REQUEST_START | activity=long_jump | age_group=10-13 | age=10 | name=fghj
2026-03-16 12:50:02 | INFO | VIDEO_SAVED | activity=long_jump | video_path=common_backend\uploads\10-13\long_jump\20260316_072002_fghj_85e8687f.mp4
2026-03-16 12:50:02 | INFO | SCORING_PIPELINE_START | activity=long_jump | age_group=10-13 | candidate_id=DC4CC72802
2026-03-16 12:50:10 | INFO | SCORING_PIPELINE_DONE | activity=long_jump | score=6.72 | category=Poor | duration=2.80 | candidate_id=DC4CC72802
2026-03-16 12:50:10 | INFO | SCORING_DONE | activity=long_jump | candidate_id=DC4CC72802 | score=6.72 | category=Poor
2026-03-16 12:50:10 | INFO | MONGO_CONNECT_OK | db=FitQuest_Physical_database | activity=long_jump | candidate_id=DC4CC72802
2026-03-16 12:50:10 | INFO | MONGO_WRITE_OK | collection=users | candidate_id=DC4CC72802
2026-03-16 12:50:10 | INFO | MONGO_WRITE_OK | collection=children | candidate_id=DC4CC72802
2026-03-16 12:50:10 | INFO | MONGO_WRITE_OK | collection=long_jump_results | candidate_id=DC4CC72802
2026-03-16 12:50:10 | INFO | MONGO_WRITE_OK | collection=long_jump_calculation_variables | candidate_id=DC4CC72802
2026-03-16 12:50:10 | INFO | MONGO_WRITE_OK | collection=data_storage | candidate_id=DC4CC72802
2026-03-16 12:50:10 | INFO | MONGO_SAVE_OK | activity=long_jump | candidate_id=DC4CC72802 | collections=users,children,long_jump_results,long_jump_calculation_variables,data_storage
2026-03-16 12:50:10 | INFO | REQUEST_DONE | activity=long_jump | candidate_id=DC4CC72802 | saved_json=common_backend\results\scores.json
2026-03-16 12:50:27 | INFO | REQUEST_START | activity=long_jump | age_group=10-13 | age=10 | name=fghj
2026-03-16 12:50:27 | INFO | VIDEO_SAVED | activity=long_jump | video_path=common_backend\uploads\10-13\long_jump\20260316_072027_fghj_4af2e1b1.mp4
2026-03-16 12:50:27 | INFO | SCORING_PIPELINE_START | activity=long_jump | age_group=10-13 | candidate_id=DCC8981184
2026-03-16 12:50:36 | INFO | SCORING_PIPELINE_DONE | activity=long_jump | score=6.51 | category=Poor | duration=3.40 | candidate_id=DCC8981184
2026-03-16 12:50:36 | INFO | SCORING_DONE | activity=long_jump | candidate_id=DCC8981184 | score=6.51 | category=Poor
2026-03-16 12:50:36 | INFO | MONGO_CONNECT_OK | db=FitQuest_Physical_database | activity=long_jump | candidate_id=DCC8981184
2026-03-16 12:50:36 | INFO | MONGO_WRITE_OK | collection=users | candidate_id=DCC8981184
2026-03-16 12:50:36 | INFO | MONGO_WRITE_OK | collection=children | candidate_id=DCC8981184
2026-03-16 12:50:36 | INFO | MONGO_WRITE_OK | collection=long_jump_results | candidate_id=DCC8981184
2026-03-16 12:50:36 | INFO | MONGO_WRITE_OK | collection=long_jump_calculation_variables | candidate_id=DCC8981184
2026-03-16 12:50:36 | INFO | MONGO_WRITE_OK | collection=data_storage | candidate_id=DCC8981184
2026-03-16 12:50:36 | INFO | MONGO_SAVE_OK | activity=long_jump | candidate_id=DCC8981184 | collections=users,children,long_jump_results,long_jump_calculation_variables,data_storage
2026-03-16 12:50:36 | INFO | REQUEST_DONE | activity=long_jump | candidate_id=DCC8981184 | saved_json=common_backend\results\scores.json
2026-03-16 12:51:12 | INFO | REQUEST_START | activity=sprint_run_20m | age_group=10-13 | age=10 | name=efg
2026-03-16 12:51:12 | INFO | VIDEO_SAVED | activity=sprint_run_20m | video_path=common_backend\uploads\10-13\sprint_run_20m\20260316_072112_efg_efcf2e76.mp4
2026-03-16 12:51:12 | INFO | SCORING_PIPELINE_START | activity=sprint_run_20m | age_group=10-13 | candidate_id=DCF443C79F
2026-03-16 12:51:18 | INFO | SCORING_PIPELINE_DONE | activity=sprint_run_20m | score=0.00 | category=Poor | duration=3.55 | candidate_id=DCF443C79F
2026-03-16 12:51:18 | INFO | SCORING_DONE | activity=sprint_run_20m | candidate_id=DCF443C79F | score=0.0 | category=Poor
2026-03-16 12:51:18 | INFO | MONGO_CONNECT_OK | db=FitQuest_Physical_database | activity=sprint_run_20m | candidate_id=DCF443C79F
2026-03-16 12:51:18 | INFO | MONGO_WRITE_OK | collection=users | candidate_id=DCF443C79F
2026-03-16 12:51:18 | INFO | MONGO_WRITE_OK | collection=children | candidate_id=DCF443C79F
2026-03-16 12:51:18 | INFO | MONGO_WRITE_OK | collection=sprint_run_20m_results | candidate_id=DCF443C79F
2026-03-16 12:51:18 | INFO | MONGO_WRITE_OK | collection=sprint_run_20m_calculation_variables | candidate_id=DCF443C79F
2026-03-16 12:51:18 | INFO | MONGO_WRITE_OK | collection=data_storage | candidate_id=DCF443C79F
2026-03-16 12:51:18 | INFO | MONGO_SAVE_OK | activity=sprint_run_20m | candidate_id=DCF443C79F | collections=users,children,sprint_run_20m_results,sprint_run_20m_calculation_variables,data_storage
2026-03-16 12:51:18 | INFO | REQUEST_DONE | activity=sprint_run_20m | candidate_id=DCF443C79F | saved_json=common_backend\results\scores.json
2026-03-16 12:52:34 | INFO | REQUEST_START | activity=high_knee_jump | age_group=10-13 | age=10 | name=asd
2026-03-16 12:52:34 | INFO | VIDEO_SAVED | activity=high_knee_jump | video_path=common_backend\uploads\10-13\high_knee_jump\20260316_072234_asd_47fca9df.mp4
2026-03-16 12:52:34 | INFO | SCORING_PIPELINE_START | activity=high_knee_jump | age_group=10-13 | candidate_id=DC837A74BA
2026-03-16 12:53:05 | INFO | REQUEST_START | activity=shuttle_run | age_group=10-13 | age=10 | name=fghk
2026-03-16 12:53:05 | INFO | VIDEO_SAVED | activity=shuttle_run | video_path=common_backend\uploads\10-13\shuttle_run\20260316_072305_fghk_45d3c66f.mp4
2026-03-16 12:53:05 | INFO | SCORING_PIPELINE_START | activity=shuttle_run | age_group=10-13 | candidate_id=DCB6013E3F
2026-03-16 12:53:05 | INFO | CONE_DETECTION_STAGE_START | activity=shuttle_run | age_group=10-13 | candidate_id=DCB6013E3F
2026-03-16 12:53:05 | INFO | SHUTTLE_RUN_INPUT_READ_START | candidate_id=DCB6013E3F | age_group=10-13 | video_path=common_backend\uploads\10-13\shuttle_run\20260316_072305_fghk_45d3c66f.mp4
2026-03-16 12:53:05 | INFO | SHUTTLE_RUN_INPUT_READ_DONE | candidate_id=DCB6013E3F | duration=13.69
2026-03-16 12:53:05 | INFO | SHUTTLE_RUN_CONE_DETECTION_EXECUTE | candidate_id=DCB6013E3F | age_group=10-13
2026-03-16 12:53:43 | INFO | SHUTTLE_RUN_SCORE_COMPUTED | candidate_id=DCB6013E3F | raw_score=12.00 | adjusted_score=12.00 | category=Average
2026-03-16 12:53:43 | INFO | CONE_DETECTION_STAGE_DONE | activity=shuttle_run | score=12.00 | category=Average | candidate_id=DCB6013E3F
2026-03-16 12:53:43 | INFO | SCORING_PIPELINE_DONE | activity=shuttle_run | score=12.00 | category=Average | duration=13.69 | candidate_id=DCB6013E3F
2026-03-16 12:53:43 | INFO | SCORING_DONE | activity=shuttle_run | candidate_id=DCB6013E3F | score=12.0 | category=Average
2026-03-16 12:53:43 | INFO | MONGO_CONNECT_OK | db=FitQuest_Physical_database | activity=shuttle_run | candidate_id=DCB6013E3F
2026-03-16 12:53:43 | INFO | MONGO_WRITE_OK | collection=users | candidate_id=DCB6013E3F
2026-03-16 12:53:43 | INFO | MONGO_WRITE_OK | collection=children | candidate_id=DCB6013E3F
2026-03-16 12:53:43 | INFO | MONGO_WRITE_OK | collection=shuttle_run_results | candidate_id=DCB6013E3F
2026-03-16 12:53:43 | INFO | MONGO_WRITE_OK | collection=shuttle_run_calculation_variables | candidate_id=DCB6013E3F
2026-03-16 12:53:43 | INFO | MONGO_WRITE_OK | collection=data_storage | candidate_id=DCB6013E3F
2026-03-16 12:53:43 | INFO | MONGO_SAVE_OK | activity=shuttle_run | candidate_id=DCB6013E3F | collections=users,children,shuttle_run_results,shuttle_run_calculation_variables,data_storage
2026-03-16 12:53:43 | INFO | REQUEST_DONE | activity=shuttle_run | candidate_id=DCB6013E3F | saved_json=common_backend\results\scores.json
2026-03-16 12:53:44 | INFO | REQUEST_START | activity=sprint_run_20m | age_group=10-13 | age=10 | name=efg
2026-03-16 12:53:44 | INFO | VIDEO_SAVED | activity=sprint_run_20m | video_path=common_backend\uploads\10-13\sprint_run_20m\20260316_072344_efg_6fd1b283.mp4
2026-03-16 12:53:44 | INFO | SCORING_PIPELINE_START | activity=sprint_run_20m | age_group=10-13 | candidate_id=DCE916F054
2026-03-16 12:53:56 | INFO | SCORING_PIPELINE_DONE | activity=sprint_run_20m | score=7.61 | category=Below Average | duration=4.10 | candidate_id=DCE916F054
2026-03-16 12:53:56 | INFO | SCORING_DONE | activity=sprint_run_20m | candidate_id=DCE916F054 | score=7.61 | category=Below Average
2026-03-16 12:53:56 | INFO | MONGO_CONNECT_OK | db=FitQuest_Physical_database | activity=sprint_run_20m | candidate_id=DCE916F054
2026-03-16 12:53:56 | INFO | MONGO_WRITE_OK | collection=users | candidate_id=DCE916F054
2026-03-16 12:53:56 | INFO | MONGO_WRITE_OK | collection=children | candidate_id=DCE916F054
2026-03-16 12:53:56 | INFO | MONGO_WRITE_OK | collection=sprint_run_20m_results | candidate_id=DCE916F054
2026-03-16 12:53:56 | INFO | MONGO_WRITE_OK | collection=sprint_run_20m_calculation_variables | candidate_id=DCE916F054
2026-03-16 12:53:56 | INFO | MONGO_WRITE_OK | collection=data_storage | candidate_id=DCE916F054
2026-03-16 12:53:56 | INFO | MONGO_SAVE_OK | activity=sprint_run_20m | candidate_id=DCE916F054 | collections=users,children,sprint_run_20m_results,sprint_run_20m_calculation_variables,data_storage
2026-03-16 12:53:56 | INFO | REQUEST_DONE | activity=sprint_run_20m | candidate_id=DCE916F054 | saved_json=common_backend\results\scores.json
2026-03-16 12:54:17 | INFO | REQUEST_START | activity=long_jump | age_group=10-13 | age=11 | name=fghj
2026-03-16 12:54:17 | INFO | VIDEO_SAVED | activity=long_jump | video_path=common_backend\uploads\10-13\long_jump\20260316_072417_fghj_b3b76bbe.mp4
2026-03-16 12:54:17 | INFO | SCORING_PIPELINE_START | activity=long_jump | age_group=10-13 | candidate_id=DC1F01264C
2026-03-16 12:54:25 | INFO | SCORING_PIPELINE_DONE | activity=long_jump | score=6.72 | category=Poor | duration=2.80 | candidate_id=DC1F01264C
2026-03-16 12:54:25 | INFO | SCORING_DONE | activity=long_jump | candidate_id=DC1F01264C | score=6.72 | category=Poor
2026-03-16 12:54:25 | INFO | MONGO_CONNECT_OK | db=FitQuest_Physical_database | activity=long_jump | candidate_id=DC1F01264C
2026-03-16 12:54:25 | INFO | MONGO_WRITE_OK | collection=users | candidate_id=DC1F01264C
2026-03-16 12:54:25 | INFO | MONGO_WRITE_OK | collection=children | candidate_id=DC1F01264C
2026-03-16 12:54:25 | INFO | MONGO_WRITE_OK | collection=long_jump_results | candidate_id=DC1F01264C
2026-03-16 12:54:25 | INFO | MONGO_WRITE_OK | collection=long_jump_calculation_variables | candidate_id=DC1F01264C
2026-03-16 12:54:25 | INFO | MONGO_WRITE_OK | collection=data_storage | candidate_id=DC1F01264C
2026-03-16 12:54:25 | INFO | MONGO_SAVE_OK | activity=long_jump | candidate_id=DC1F01264C | collections=users,children,long_jump_results,long_jump_calculation_variables,data_storage
2026-03-16 12:54:25 | INFO | REQUEST_DONE | activity=long_jump | candidate_id=DC1F01264C | saved_json=common_backend\results\scores.json
2026-03-16 12:56:17 | INFO | SCORING_PIPELINE_DONE | activity=high_knee_jump | score=2.00 | category=Poor | duration=86.33 | candidate_id=DC837A74BA
2026-03-16 12:56:17 | INFO | SCORING_DONE | activity=high_knee_jump | candidate_id=DC837A74BA | score=2.0 | category=Poor
2026-03-16 12:56:17 | INFO | MONGO_CONNECT_OK | db=FitQuest_Physical_database | activity=high_knee_jump | candidate_id=DC837A74BA
2026-03-16 12:56:17 | INFO | MONGO_WRITE_OK | collection=users | candidate_id=DC837A74BA
2026-03-16 12:56:17 | INFO | MONGO_WRITE_OK | collection=children | candidate_id=DC837A74BA
2026-03-16 12:56:17 | INFO | MONGO_WRITE_OK | collection=high_knee_jump_results | candidate_id=DC837A74BA
2026-03-16 12:56:17 | INFO | MONGO_WRITE_OK | collection=high_knee_jump_calculation_variables | candidate_id=DC837A74BA
2026-03-16 12:56:17 | INFO | MONGO_WRITE_OK | collection=data_storage | candidate_id=DC837A74BA
2026-03-16 12:56:17 | INFO | MONGO_SAVE_OK | activity=high_knee_jump | candidate_id=DC837A74BA | collections=users,children,high_knee_jump_results,high_knee_jump_calculation_variables,data_storage
2026-03-16 12:56:17 | INFO | REQUEST_DONE | activity=high_knee_jump | candidate_id=DC837A74BA | saved_json=common_backend\results\scores.json
2026-03-16 14:44:07 | INFO | REQUEST_START | activity=sprint_run_20m | age_group=10-13 | age=10 | name=efg
2026-03-16 14:44:07 | INFO | VIDEO_SAVED | activity=sprint_run_20m | video_path=common_backend\uploads\10-13\sprint_run_20m\20260316_091407_efg_01b55030.mp4
2026-03-16 14:44:08 | INFO | SCORING_PIPELINE_START | activity=sprint_run_20m | age_group=10-13 | candidate_id=DCD3E6AFF2
2026-03-16 14:44:15 | INFO | SCORING_PIPELINE_DONE | activity=sprint_run_20m | score=0.00 | category=Poor | duration=4.22 | candidate_id=DCD3E6AFF2
2026-03-16 14:44:15 | INFO | SCORING_DONE | activity=sprint_run_20m | candidate_id=DCD3E6AFF2 | score=0.0 | category=Poor
2026-03-16 14:44:15 | INFO | MONGO_CONNECT_OK | db=FitQuest_Physical_database | activity=sprint_run_20m | candidate_id=DCD3E6AFF2
2026-03-16 14:44:15 | INFO | MONGO_WRITE_OK | collection=users | candidate_id=DCD3E6AFF2
2026-03-16 14:44:15 | INFO | MONGO_WRITE_OK | collection=children | candidate_id=DCD3E6AFF2
2026-03-16 14:44:15 | INFO | MONGO_WRITE_OK | collection=sprint_run_20m_results | candidate_id=DCD3E6AFF2
2026-03-16 14:44:15 | INFO | MONGO_WRITE_OK | collection=sprint_run_20m_calculation_variables | candidate_id=DCD3E6AFF2
2026-03-16 14:44:15 | INFO | MONGO_WRITE_OK | collection=data_storage | candidate_id=DCD3E6AFF2
2026-03-16 14:44:15 | INFO | MONGO_SAVE_OK | activity=sprint_run_20m | candidate_id=DCD3E6AFF2 | collections=users,children,sprint_run_20m_results,sprint_run_20m_calculation_variables,data_storage
2026-03-16 14:44:15 | INFO | REQUEST_DONE | activity=sprint_run_20m | candidate_id=DCD3E6AFF2 | saved_json=common_backend\results\scores.json
2026-03-16 14:45:39 | INFO | REQUEST_START | activity=high_knee_jump | age_group=10-13 | age=10 | name=asd
2026-03-16 14:45:39 | INFO | VIDEO_SAVED | activity=high_knee_jump | video_path=common_backend\uploads\10-13\high_knee_jump\20260316_091539_asd_67654b8e.mp4
2026-03-16 14:45:39 | INFO | SCORING_PIPELINE_START | activity=high_knee_jump | age_group=10-13 | candidate_id=DC60F80C5A
2026-03-16 14:48:38 | INFO | SCORING_PIPELINE_DONE | activity=high_knee_jump | score=4.00 | category=Poor | duration=176.94 | candidate_id=DC60F80C5A
2026-03-16 14:48:38 | INFO | SCORING_DONE | activity=high_knee_jump | candidate_id=DC60F80C5A | score=4.0 | category=Poor
2026-03-16 14:48:38 | INFO | MONGO_CONNECT_OK | db=FitQuest_Physical_database | activity=high_knee_jump | candidate_id=DC60F80C5A
2026-03-16 14:48:38 | INFO | MONGO_WRITE_OK | collection=users | candidate_id=DC60F80C5A
2026-03-16 14:48:38 | INFO | MONGO_WRITE_OK | collection=children | candidate_id=DC60F80C5A
2026-03-16 14:48:38 | INFO | MONGO_WRITE_OK | collection=high_knee_jump_results | candidate_id=DC60F80C5A
2026-03-16 14:48:38 | INFO | MONGO_WRITE_OK | collection=high_knee_jump_calculation_variables | candidate_id=DC60F80C5A
2026-03-16 14:48:38 | INFO | MONGO_WRITE_OK | collection=data_storage | candidate_id=DC60F80C5A
2026-03-16 14:48:38 | INFO | MONGO_SAVE_OK | activity=high_knee_jump | candidate_id=DC60F80C5A | collections=users,children,high_knee_jump_results,high_knee_jump_calculation_variables,data_storage
2026-03-16 14:48:38 | INFO | REQUEST_DONE | activity=high_knee_jump | candidate_id=DC60F80C5A | saved_json=common_backend\results\scores.json
2026-03-16 15:02:16 | INFO | REQUEST_START | activity=sprint_run_20m | age_group=10-13 | age=10 | name=efg
2026-03-16 15:02:16 | INFO | VIDEO_SAVED | activity=sprint_run_20m | video_path=common_backend\uploads\10-13\sprint_run_20m\20260316_093216_efg_adffc831.mp4
2026-03-16 15:02:16 | INFO | SCORING_PIPELINE_START | activity=sprint_run_20m | age_group=10-13 | candidate_id=DCA1F57D5D
2026-03-16 15:02:23 | ERROR | SCORING_PIPELINE_FAIL | activity=sprint_run_20m | age_group=10-13 | candidate_id=DCA1F57D5D | error=name 'YOLO' is not defined
Traceback (most recent call last):
  File "D:\NayanDC\Physical_projects\common_backend\scoring.py", line 166, in score_activity_video
    calculation = calculator(
  File "D:\NayanDC\Physical_projects\Sprint_run_20_meter\common_calculation.py", line 24, in calculate_sprint_run_20m
    raw = run_sprint_run_20m(
  File "D:\NayanDC\Physical_projects\Sprint_run_20_meter\runtime.py", line 187, in run_sprint_run_20m
    return run_common(
  File "D:\NayanDC\Physical_projects\Sprint_run_20_meter\runtime.py", line 167, in run_common
    return run_primary(
  File "D:\NayanDC\Physical_projects\Sprint_run_20_meter\runtime.py", line 155, in run_primary
    return fn(**kwargs)
  File "D:\NayanDC\Physical_projects\ages_10-13\20m_running\sprint_run.py", line 355, in meter_run
    left_line_x, right_line_x = detect_timing_lines(path)
  File "D:\NayanDC\Physical_projects\ages_10-13\20m_running\sprint_run.py", line 210, in detect_timing_lines
    if YOLO is None:
NameError: name 'YOLO' is not defined
2026-03-16 15:02:23 | INFO | SCORING_FALLBACK_USED | activity=sprint_run_20m | duration=4.22 | motion_ratio=0.4544 | score=6.66 | category=Below Average
2026-03-16 15:02:23 | INFO | SCORING_DONE | activity=sprint_run_20m | candidate_id=DCA1F57D5D | score=6.66 | category=Below Average
2026-03-16 15:02:24 | INFO | MONGO_CONNECT_OK | db=FitQuest_Physical_database | activity=sprint_run_20m | candidate_id=DCA1F57D5D
2026-03-16 15:02:24 | INFO | MONGO_WRITE_OK | collection=users | candidate_id=DCA1F57D5D
2026-03-16 15:02:24 | INFO | MONGO_WRITE_OK | collection=children | candidate_id=DCA1F57D5D
2026-03-16 15:02:24 | INFO | MONGO_WRITE_OK | collection=sprint_run_20m_results | candidate_id=DCA1F57D5D
2026-03-16 15:02:24 | INFO | MONGO_WRITE_OK | collection=sprint_run_20m_calculation_variables | candidate_id=DCA1F57D5D
2026-03-16 15:02:24 | INFO | MONGO_WRITE_OK | collection=data_storage | candidate_id=DCA1F57D5D
2026-03-16 15:02:24 | INFO | MONGO_SAVE_OK | activity=sprint_run_20m | candidate_id=DCA1F57D5D | collections=users,children,sprint_run_20m_results,sprint_run_20m_calculation_variables,data_storage
2026-03-16 15:02:24 | INFO | REQUEST_DONE | activity=sprint_run_20m | candidate_id=DCA1F57D5D | saved_json=common_backend\results\scores.json
2026-03-16 15:02:34 | INFO | REQUEST_START | activity=sprint_run_20m | age_group=10-13 | age=10 | name=efg
2026-03-16 15:02:34 | INFO | VIDEO_SAVED | activity=sprint_run_20m | video_path=common_backend\uploads\10-13\sprint_run_20m\20260316_093234_efg_a0dc58a3.mp4
2026-03-16 15:02:34 | INFO | SCORING_PIPELINE_START | activity=sprint_run_20m | age_group=10-13 | candidate_id=DC55AEA00C
2026-03-16 15:02:34 | ERROR | SCORING_PIPELINE_FAIL | activity=sprint_run_20m | age_group=10-13 | candidate_id=DC55AEA00C | error=name 'YOLO' is not defined
Traceback (most recent call last):
  File "D:\NayanDC\Physical_projects\common_backend\scoring.py", line 166, in score_activity_video
    calculation = calculator(
  File "D:\NayanDC\Physical_projects\Sprint_run_20_meter\common_calculation.py", line 24, in calculate_sprint_run_20m
    raw = run_sprint_run_20m(
  File "D:\NayanDC\Physical_projects\Sprint_run_20_meter\runtime.py", line 187, in run_sprint_run_20m
    return run_common(
  File "D:\NayanDC\Physical_projects\Sprint_run_20_meter\runtime.py", line 167, in run_common
    return run_primary(
  File "D:\NayanDC\Physical_projects\Sprint_run_20_meter\runtime.py", line 155, in run_primary
    return fn(**kwargs)
  File "D:\NayanDC\Physical_projects\ages_10-13\20m_running\sprint_run.py", line 355, in meter_run
    left_line_x, right_line_x = detect_timing_lines(path)
  File "D:\NayanDC\Physical_projects\ages_10-13\20m_running\sprint_run.py", line 210, in detect_timing_lines
    if YOLO is None:
NameError: name 'YOLO' is not defined
2026-03-16 15:02:35 | INFO | SCORING_FALLBACK_USED | activity=sprint_run_20m | duration=4.22 | motion_ratio=0.4544 | score=6.66 | category=Below Average
2026-03-16 15:02:35 | INFO | SCORING_DONE | activity=sprint_run_20m | candidate_id=DC55AEA00C | score=6.66 | category=Below Average
2026-03-16 15:02:35 | INFO | MONGO_CONNECT_OK | db=FitQuest_Physical_database | activity=sprint_run_20m | candidate_id=DC55AEA00C
2026-03-16 15:02:35 | INFO | MONGO_WRITE_OK | collection=users | candidate_id=DC55AEA00C
2026-03-16 15:02:35 | INFO | MONGO_WRITE_OK | collection=children | candidate_id=DC55AEA00C
2026-03-16 15:02:35 | INFO | MONGO_WRITE_OK | collection=sprint_run_20m_results | candidate_id=DC55AEA00C
2026-03-16 15:02:35 | INFO | MONGO_WRITE_OK | collection=sprint_run_20m_calculation_variables | candidate_id=DC55AEA00C
2026-03-16 15:02:35 | INFO | MONGO_WRITE_OK | collection=data_storage | candidate_id=DC55AEA00C
2026-03-16 15:02:35 | INFO | MONGO_SAVE_OK | activity=sprint_run_20m | candidate_id=DC55AEA00C | collections=users,children,sprint_run_20m_results,sprint_run_20m_calculation_variables,data_storage
2026-03-16 15:02:35 | INFO | REQUEST_DONE | activity=sprint_run_20m | candidate_id=DC55AEA00C | saved_json=common_backend\results\scores.json
2026-03-16 15:04:04 | INFO | REQUEST_START | activity=sprint_run_20m | age_group=10-13 | age=10 | name=efg
2026-03-16 15:04:04 | INFO | VIDEO_SAVED | activity=sprint_run_20m | video_path=common_backend\uploads\10-13\sprint_run_20m\20260316_093404_efg_ebea7675.mp4
2026-03-16 15:04:04 | INFO | SCORING_PIPELINE_START | activity=sprint_run_20m | age_group=10-13 | candidate_id=DC0488C5B9
2026-03-16 15:04:04 | ERROR | SCORING_PIPELINE_FAIL | activity=sprint_run_20m | age_group=10-13 | candidate_id=DC0488C5B9 | error=name 'YOLO' is not defined
Traceback (most recent call last):
  File "D:\NayanDC\Physical_projects\common_backend\scoring.py", line 166, in score_activity_video
    calculation = calculator(
  File "D:\NayanDC\Physical_projects\Sprint_run_20_meter\common_calculation.py", line 24, in calculate_sprint_run_20m
    raw = run_sprint_run_20m(
  File "D:\NayanDC\Physical_projects\Sprint_run_20_meter\runtime.py", line 187, in run_sprint_run_20m
    return run_common(
  File "D:\NayanDC\Physical_projects\Sprint_run_20_meter\runtime.py", line 167, in run_common
    return run_primary(
  File "D:\NayanDC\Physical_projects\Sprint_run_20_meter\runtime.py", line 155, in run_primary
    return fn(**kwargs)
  File "D:\NayanDC\Physical_projects\ages_10-13\20m_running\sprint_run.py", line 355, in meter_run
    left_line_x, right_line_x = detect_timing_lines(path)
  File "D:\NayanDC\Physical_projects\ages_10-13\20m_running\sprint_run.py", line 210, in detect_timing_lines
    if YOLO is None:
NameError: name 'YOLO' is not defined
2026-03-16 15:04:04 | INFO | SCORING_FALLBACK_USED | activity=sprint_run_20m | duration=4.22 | motion_ratio=0.4544 | score=6.66 | category=Below Average
2026-03-16 15:04:04 | INFO | SCORING_DONE | activity=sprint_run_20m | candidate_id=DC0488C5B9 | score=6.66 | category=Below Average
2026-03-16 15:04:04 | INFO | MONGO_CONNECT_OK | db=FitQuest_Physical_database | activity=sprint_run_20m | candidate_id=DC0488C5B9
2026-03-16 15:04:04 | INFO | MONGO_WRITE_OK | collection=users | candidate_id=DC0488C5B9
2026-03-16 15:04:04 | INFO | MONGO_WRITE_OK | collection=children | candidate_id=DC0488C5B9
2026-03-16 15:04:04 | INFO | MONGO_WRITE_OK | collection=sprint_run_20m_results | candidate_id=DC0488C5B9
2026-03-16 15:04:04 | INFO | MONGO_WRITE_OK | collection=sprint_run_20m_calculation_variables | candidate_id=DC0488C5B9
2026-03-16 15:04:04 | INFO | MONGO_WRITE_OK | collection=data_storage | candidate_id=DC0488C5B9
2026-03-16 15:04:04 | INFO | MONGO_SAVE_OK | activity=sprint_run_20m | candidate_id=DC0488C5B9 | collections=users,children,sprint_run_20m_results,sprint_run_20m_calculation_variables,data_storage
2026-03-16 15:04:04 | INFO | REQUEST_DONE | activity=sprint_run_20m | candidate_id=DC0488C5B9 | saved_json=common_backend\results\scores.json
2026-03-16 15:04:24 | INFO | REQUEST_START | activity=sprint_run_20m | age_group=10-13 | age=10 | name=efg
2026-03-16 15:04:24 | INFO | VIDEO_SAVED | activity=sprint_run_20m | video_path=common_backend\uploads\10-13\sprint_run_20m\20260316_093424_efg_fada54a5.mp4
2026-03-16 15:04:24 | INFO | SCORING_PIPELINE_START | activity=sprint_run_20m | age_group=10-13 | candidate_id=DC5C33FB43
2026-03-16 15:04:24 | ERROR | SCORING_PIPELINE_FAIL | activity=sprint_run_20m | age_group=10-13 | candidate_id=DC5C33FB43 | error=name 'YOLO' is not defined
Traceback (most recent call last):
  File "D:\NayanDC\Physical_projects\common_backend\scoring.py", line 166, in score_activity_video
    calculation = calculator(
  File "D:\NayanDC\Physical_projects\Sprint_run_20_meter\common_calculation.py", line 24, in calculate_sprint_run_20m
    raw = run_sprint_run_20m(
  File "D:\NayanDC\Physical_projects\Sprint_run_20_meter\runtime.py", line 187, in run_sprint_run_20m
    return run_common(
  File "D:\NayanDC\Physical_projects\Sprint_run_20_meter\runtime.py", line 167, in run_common
    return run_primary(
  File "D:\NayanDC\Physical_projects\Sprint_run_20_meter\runtime.py", line 155, in run_primary
    return fn(**kwargs)
  File "D:\NayanDC\Physical_projects\ages_10-13\20m_running\sprint_run.py", line 355, in meter_run
    left_line_x, right_line_x = detect_timing_lines(path)
  File "D:\NayanDC\Physical_projects\ages_10-13\20m_running\sprint_run.py", line 210, in detect_timing_lines
    if YOLO is None:
NameError: name 'YOLO' is not defined
2026-03-16 15:04:25 | INFO | SCORING_FALLBACK_USED | activity=sprint_run_20m | duration=3.55 | motion_ratio=0.5288 | score=6.49 | category=Below Average
2026-03-16 15:04:25 | INFO | SCORING_DONE | activity=sprint_run_20m | candidate_id=DC5C33FB43 | score=6.49 | category=Below Average
2026-03-16 15:04:25 | INFO | MONGO_CONNECT_OK | db=FitQuest_Physical_database | activity=sprint_run_20m | candidate_id=DC5C33FB43
2026-03-16 15:04:25 | INFO | MONGO_WRITE_OK | collection=users | candidate_id=DC5C33FB43
2026-03-16 15:04:25 | INFO | MONGO_WRITE_OK | collection=children | candidate_id=DC5C33FB43
2026-03-16 15:04:25 | INFO | MONGO_WRITE_OK | collection=sprint_run_20m_results | candidate_id=DC5C33FB43
2026-03-16 15:04:25 | INFO | MONGO_WRITE_OK | collection=sprint_run_20m_calculation_variables | candidate_id=DC5C33FB43
2026-03-16 15:04:25 | INFO | MONGO_WRITE_OK | collection=data_storage | candidate_id=DC5C33FB43
2026-03-16 15:04:25 | INFO | MONGO_SAVE_OK | activity=sprint_run_20m | candidate_id=DC5C33FB43 | collections=users,children,sprint_run_20m_results,sprint_run_20m_calculation_variables,data_storage
2026-03-16 15:04:25 | INFO | REQUEST_DONE | activity=sprint_run_20m | candidate_id=DC5C33FB43 | saved_json=common_backend\results\scores.json
2026-03-16 15:07:22 | INFO | REQUEST_START | activity=sprint_run_20m | age_group=10-13 | age=10 | name=fghjkl
2026-03-16 15:07:22 | INFO | VIDEO_SAVED | activity=sprint_run_20m | video_path=common_backend\uploads\10-13\sprint_run_20m\20260316_093722_fghjkl_cb41a387.mp4
2026-03-16 15:07:23 | INFO | SCORING_PIPELINE_START | activity=sprint_run_20m | age_group=10-13 | candidate_id=DCD1B159E7
2026-03-16 15:07:29 | ERROR | SCORING_PIPELINE_FAIL | activity=sprint_run_20m | age_group=10-13 | candidate_id=DCD1B159E7 | error=name 'YOLO' is not defined
Traceback (most recent call last):
  File "D:\NayanDC\Physical_projects\common_backend\scoring.py", line 166, in score_activity_video
    calculation = calculator(
  File "D:\NayanDC\Physical_projects\Sprint_run_20_meter\common_calculation.py", line 24, in calculate_sprint_run_20m
    raw = run_sprint_run_20m(
  File "D:\NayanDC\Physical_projects\Sprint_run_20_meter\runtime.py", line 187, in run_sprint_run_20m
    return run_common(
  File "D:\NayanDC\Physical_projects\Sprint_run_20_meter\runtime.py", line 167, in run_common
    return run_primary(
  File "D:\NayanDC\Physical_projects\Sprint_run_20_meter\runtime.py", line 155, in run_primary
    return fn(**kwargs)
  File "D:\NayanDC\Physical_projects\ages_10-13\20m_running\sprint_run.py", line 355, in meter_run
    left_line_x, right_line_x = detect_timing_lines(path)
  File "D:\NayanDC\Physical_projects\ages_10-13\20m_running\sprint_run.py", line 210, in detect_timing_lines
    if YOLO is None:
NameError: name 'YOLO' is not defined
2026-03-16 15:07:29 | INFO | SCORING_FALLBACK_USED | activity=sprint_run_20m | duration=4.22 | motion_ratio=0.4544 | score=6.66 | category=Below Average
2026-03-16 15:07:29 | INFO | SCORING_DONE | activity=sprint_run_20m | candidate_id=DCD1B159E7 | score=6.66 | category=Below Average
2026-03-16 15:07:29 | INFO | MONGO_CONNECT_OK | db=FitQuest_Physical_database | activity=sprint_run_20m | candidate_id=DCD1B159E7
2026-03-16 15:07:29 | INFO | MONGO_WRITE_OK | collection=users | candidate_id=DCD1B159E7
2026-03-16 15:07:29 | INFO | MONGO_WRITE_OK | collection=children | candidate_id=DCD1B159E7
2026-03-16 15:07:29 | INFO | MONGO_WRITE_OK | collection=sprint_run_20m_results | candidate_id=DCD1B159E7
2026-03-16 15:07:29 | INFO | MONGO_WRITE_OK | collection=sprint_run_20m_calculation_variables | candidate_id=DCD1B159E7
2026-03-16 15:07:29 | INFO | MONGO_WRITE_OK | collection=data_storage | candidate_id=DCD1B159E7
2026-03-16 15:07:29 | INFO | MONGO_SAVE_OK | activity=sprint_run_20m | candidate_id=DCD1B159E7 | collections=users,children,sprint_run_20m_results,sprint_run_20m_calculation_variables,data_storage
2026-03-16 15:07:29 | INFO | REQUEST_DONE | activity=sprint_run_20m | candidate_id=DCD1B159E7 | saved_json=common_backend\results\scores.json
2026-03-16 15:09:30 | INFO | REQUEST_START | activity=sprint_run_20m | age_group=10-13 | age=10 | name=fghjkl
2026-03-16 15:09:30 | INFO | VIDEO_SAVED | activity=sprint_run_20m | video_path=common_backend\uploads\10-13\sprint_run_20m\20260316_093930_fghjkl_4197ca52.mp4
2026-03-16 15:09:30 | INFO | SCORING_PIPELINE_START | activity=sprint_run_20m | age_group=10-13 | candidate_id=DC2272850B
2026-03-16 15:09:56 | INFO | SCORING_PIPELINE_DONE | activity=sprint_run_20m | score=0.00 | category=Poor | duration=4.22 | candidate_id=DC2272850B
2026-03-16 15:09:56 | INFO | SCORING_DONE | activity=sprint_run_20m | candidate_id=DC2272850B | score=0.0 | category=Poor
2026-03-16 15:09:56 | INFO | MONGO_CONNECT_OK | db=FitQuest_Physical_database | activity=sprint_run_20m | candidate_id=DC2272850B
2026-03-16 15:09:56 | INFO | MONGO_WRITE_OK | collection=users | candidate_id=DC2272850B
2026-03-16 15:09:56 | INFO | MONGO_WRITE_OK | collection=children | candidate_id=DC2272850B
2026-03-16 15:09:56 | INFO | MONGO_WRITE_OK | collection=sprint_run_20m_results | candidate_id=DC2272850B
2026-03-16 15:09:56 | INFO | MONGO_WRITE_OK | collection=sprint_run_20m_calculation_variables | candidate_id=DC2272850B
2026-03-16 15:09:56 | INFO | MONGO_WRITE_OK | collection=data_storage | candidate_id=DC2272850B
2026-03-16 15:09:56 | INFO | MONGO_SAVE_OK | activity=sprint_run_20m | candidate_id=DC2272850B | collections=users,children,sprint_run_20m_results,sprint_run_20m_calculation_variables,data_storage
2026-03-16 15:09:56 | INFO | REQUEST_DONE | activity=sprint_run_20m | candidate_id=DC2272850B | saved_json=common_backend\results\scores.json
2026-03-16 15:16:15 | INFO | REQUEST_START | activity=sprint_run_20m | age_group=10-13 | age=10 | name=fghjkl
2026-03-16 15:16:15 | INFO | VIDEO_SAVED | activity=sprint_run_20m | video_path=common_backend\uploads\10-13\sprint_run_20m\20260316_094615_fghjkl_57c65d32.mp4
2026-03-16 15:16:15 | INFO | SCORING_PIPELINE_START | activity=sprint_run_20m | age_group=10-13 | candidate_id=DCA769AA7E
2026-03-16 15:17:42 | INFO | SCORING_PIPELINE_DONE | activity=sprint_run_20m | score=4.86 | category=Poor | duration=4.22 | candidate_id=DCA769AA7E
2026-03-16 15:17:42 | INFO | SCORING_DONE | activity=sprint_run_20m | candidate_id=DCA769AA7E | score=4.86 | category=Poor
2026-03-16 15:17:43 | INFO | MONGO_CONNECT_OK | db=FitQuest_Physical_database | activity=sprint_run_20m | candidate_id=DCA769AA7E
2026-03-16 15:17:43 | INFO | MONGO_WRITE_OK | collection=users | candidate_id=DCA769AA7E
2026-03-16 15:17:43 | INFO | MONGO_WRITE_OK | collection=children | candidate_id=DCA769AA7E
2026-03-16 15:17:43 | INFO | MONGO_WRITE_OK | collection=sprint_run_20m_results | candidate_id=DCA769AA7E
2026-03-16 15:17:43 | INFO | MONGO_WRITE_OK | collection=sprint_run_20m_calculation_variables | candidate_id=DCA769AA7E
2026-03-16 15:17:43 | INFO | MONGO_WRITE_OK | collection=data_storage | candidate_id=DCA769AA7E
2026-03-16 15:17:43 | INFO | MONGO_SAVE_OK | activity=sprint_run_20m | candidate_id=DCA769AA7E | collections=users,children,sprint_run_20m_results,sprint_run_20m_calculation_variables,data_storage
2026-03-16 15:17:43 | INFO | REQUEST_DONE | activity=sprint_run_20m | candidate_id=DCA769AA7E | saved_json=common_backend\results\scores.json
2026-03-16 15:22:10 | INFO | REQUEST_START | activity=sprint_run_20m | age_group=10-13 | age=10 | name=fghjkl
2026-03-16 15:22:10 | INFO | VIDEO_SAVED | activity=sprint_run_20m | video_path=common_backend\uploads\10-13\sprint_run_20m\20260316_095210_fghjkl_97e5e657.mp4
2026-03-16 15:22:10 | INFO | SCORING_PIPELINE_START | activity=sprint_run_20m | age_group=10-13 | candidate_id=DC334ED310
2026-03-16 15:23:18 | INFO | SCORING_PIPELINE_DONE | activity=sprint_run_20m | score=4.86 | category=Poor | duration=4.22 | candidate_id=DC334ED310
2026-03-16 15:23:18 | INFO | SCORING_DONE | activity=sprint_run_20m | candidate_id=DC334ED310 | score=4.86 | category=Poor
2026-03-16 15:23:18 | INFO | MONGO_CONNECT_OK | db=FitQuest_Physical_database | activity=sprint_run_20m | candidate_id=DC334ED310
2026-03-16 15:23:18 | INFO | MONGO_WRITE_OK | collection=users | candidate_id=DC334ED310
2026-03-16 15:23:18 | INFO | MONGO_WRITE_OK | collection=children | candidate_id=DC334ED310
2026-03-16 15:23:18 | INFO | MONGO_WRITE_OK | collection=sprint_run_20m_results | candidate_id=DC334ED310
2026-03-16 15:23:18 | INFO | MONGO_WRITE_OK | collection=sprint_run_20m_calculation_variables | candidate_id=DC334ED310
2026-03-16 15:23:18 | INFO | MONGO_WRITE_OK | collection=data_storage | candidate_id=DC334ED310
2026-03-16 15:23:18 | INFO | MONGO_SAVE_OK | activity=sprint_run_20m | candidate_id=DC334ED310 | collections=users,children,sprint_run_20m_results,sprint_run_20m_calculation_variables,data_storage
2026-03-16 15:23:18 | INFO | REQUEST_DONE | activity=sprint_run_20m | candidate_id=DC334ED310 | saved_json=common_backend\results\scores.json
2026-03-16 15:24:06 | INFO | REQUEST_START | activity=sprint_run_20m | age_group=10-13 | age=10 | name=fghjkl
2026-03-16 15:24:06 | INFO | VIDEO_SAVED | activity=sprint_run_20m | video_path=common_backend\uploads\10-13\sprint_run_20m\20260316_095406_fghjkl_18273345.mp4
2026-03-16 15:24:06 | INFO | SCORING_PIPELINE_START | activity=sprint_run_20m | age_group=10-13 | candidate_id=DCF9D70B71
2026-03-16 15:24:23 | INFO | REQUEST_START | activity=sprint_run_20m | age_group=10-13 | age=10 | name=fghjkl
2026-03-16 15:24:23 | INFO | VIDEO_SAVED | activity=sprint_run_20m | video_path=common_backend\uploads\10-13\sprint_run_20m\20260316_095423_fghjkl_b3a2f5ed.mp4
2026-03-16 15:24:23 | INFO | SCORING_PIPELINE_START | activity=sprint_run_20m | age_group=10-13 | candidate_id=DC9112BA1D
2026-03-16 15:25:34 | INFO | SCORING_PIPELINE_DONE | activity=sprint_run_20m | score=6.64 | category=Below Average | duration=4.22 | candidate_id=DCF9D70B71
2026-03-16 15:25:34 | INFO | SCORING_DONE | activity=sprint_run_20m | candidate_id=DCF9D70B71 | score=6.64 | category=Below Average
2026-03-16 15:25:34 | INFO | MONGO_CONNECT_OK | db=FitQuest_Physical_database | activity=sprint_run_20m | candidate_id=DCF9D70B71
2026-03-16 15:25:34 | INFO | MONGO_WRITE_OK | collection=users | candidate_id=DCF9D70B71
2026-03-16 15:25:35 | INFO | MONGO_WRITE_OK | collection=children | candidate_id=DCF9D70B71
2026-03-16 15:25:35 | INFO | MONGO_WRITE_OK | collection=sprint_run_20m_results | candidate_id=DCF9D70B71
2026-03-16 15:25:35 | INFO | MONGO_WRITE_OK | collection=sprint_run_20m_calculation_variables | candidate_id=DCF9D70B71
2026-03-16 15:25:35 | INFO | MONGO_WRITE_OK | collection=data_storage | candidate_id=DCF9D70B71
2026-03-16 15:25:35 | INFO | MONGO_SAVE_OK | activity=sprint_run_20m | candidate_id=DCF9D70B71 | collections=users,children,sprint_run_20m_results,sprint_run_20m_calculation_variables,data_storage
2026-03-16 15:25:35 | INFO | REQUEST_DONE | activity=sprint_run_20m | candidate_id=DCF9D70B71 | saved_json=common_backend\results\scores.json
2026-03-16 15:25:35 | INFO | SCORING_PIPELINE_DONE | activity=sprint_run_20m | score=7.50 | category=Below Average | duration=3.55 | candidate_id=DC9112BA1D
2026-03-16 15:25:35 | INFO | SCORING_DONE | activity=sprint_run_20m | candidate_id=DC9112BA1D | score=7.5 | category=Below Average
2026-03-16 15:25:35 | INFO | MONGO_CONNECT_OK | db=FitQuest_Physical_database | activity=sprint_run_20m | candidate_id=DC9112BA1D
2026-03-16 15:25:35 | INFO | MONGO_WRITE_OK | collection=users | candidate_id=DC9112BA1D
2026-03-16 15:25:35 | INFO | MONGO_WRITE_OK | collection=children | candidate_id=DC9112BA1D
2026-03-16 15:25:35 | INFO | MONGO_WRITE_OK | collection=sprint_run_20m_results | candidate_id=DC9112BA1D
2026-03-16 15:25:35 | INFO | MONGO_WRITE_OK | collection=sprint_run_20m_calculation_variables | candidate_id=DC9112BA1D
2026-03-16 15:25:35 | INFO | MONGO_WRITE_OK | collection=data_storage | candidate_id=DC9112BA1D
2026-03-16 15:25:35 | INFO | MONGO_SAVE_OK | activity=sprint_run_20m | candidate_id=DC9112BA1D | collections=users,children,sprint_run_20m_results,sprint_run_20m_calculation_variables,data_storage
2026-03-16 15:25:35 | INFO | REQUEST_DONE | activity=sprint_run_20m | candidate_id=DC9112BA1D | saved_json=common_backend\results\scores.json
2026-03-16 15:27:28 | INFO | REQUEST_START | activity=sprint_run_20m | age_group=10-13 | age=10 | name=fghjkl
2026-03-16 15:27:28 | INFO | VIDEO_SAVED | activity=sprint_run_20m | video_path=common_backend\uploads\10-13\sprint_run_20m\20260316_095728_fghjkl_f49c6397.mp4
2026-03-16 15:27:28 | INFO | SCORING_PIPELINE_START | activity=sprint_run_20m | age_group=10-13 | candidate_id=DCD2DDB703
2026-03-16 15:27:55 | INFO | SCORING_PIPELINE_DONE | activity=sprint_run_20m | score=0.00 | category=Poor | duration=3.55 | candidate_id=DCD2DDB703
2026-03-16 15:27:55 | INFO | SCORING_DONE | activity=sprint_run_20m | candidate_id=DCD2DDB703 | score=0.0 | category=Poor
2026-03-16 15:27:55 | INFO | MONGO_CONNECT_OK | db=FitQuest_Physical_database | activity=sprint_run_20m | candidate_id=DCD2DDB703
2026-03-16 15:27:55 | INFO | MONGO_WRITE_OK | collection=users | candidate_id=DCD2DDB703
2026-03-16 15:27:55 | INFO | MONGO_WRITE_OK | collection=children | candidate_id=DCD2DDB703
2026-03-16 15:27:55 | INFO | MONGO_WRITE_OK | collection=sprint_run_20m_results | candidate_id=DCD2DDB703
2026-03-16 15:27:55 | INFO | MONGO_WRITE_OK | collection=sprint_run_20m_calculation_variables | candidate_id=DCD2DDB703
2026-03-16 15:27:55 | INFO | MONGO_WRITE_OK | collection=data_storage | candidate_id=DCD2DDB703
2026-03-16 15:27:55 | INFO | MONGO_SAVE_OK | activity=sprint_run_20m | candidate_id=DCD2DDB703 | collections=users,children,sprint_run_20m_results,sprint_run_20m_calculation_variables,data_storage
2026-03-16 15:27:55 | INFO | REQUEST_DONE | activity=sprint_run_20m | candidate_id=DCD2DDB703 | saved_json=common_backend\results\scores.json
2026-03-16 15:29:39 | INFO | REQUEST_START | activity=sprint_run_20m | age_group=6-9 | age=9 | name=ASDV
2026-03-16 15:29:39 | INFO | VIDEO_SAVED | activity=sprint_run_20m | video_path=common_backend\uploads\6-9\sprint_run_20m\20260316_095939_ASDV_d511b42b.mp4
2026-03-16 15:29:39 | INFO | SCORING_PIPELINE_START | activity=sprint_run_20m | age_group=6-9 | candidate_id=DC4FE1CA0F
2026-03-16 15:30:36 | INFO | SCORING_PIPELINE_DONE | activity=sprint_run_20m | score=8.21 | category=Below Average | duration=3.55 | candidate_id=DC4FE1CA0F
2026-03-16 15:30:36 | INFO | SCORING_DONE | activity=sprint_run_20m | candidate_id=DC4FE1CA0F | score=8.21 | category=Below Average
2026-03-16 15:30:36 | INFO | MONGO_CONNECT_OK | db=FitQuest_Physical_database | activity=sprint_run_20m | candidate_id=DC4FE1CA0F
2026-03-16 15:30:36 | INFO | MONGO_WRITE_OK | collection=users | candidate_id=DC4FE1CA0F
2026-03-16 15:30:36 | INFO | MONGO_WRITE_OK | collection=children | candidate_id=DC4FE1CA0F
2026-03-16 15:30:36 | INFO | MONGO_WRITE_OK | collection=sprint_run_20m_results | candidate_id=DC4FE1CA0F
2026-03-16 15:30:36 | INFO | MONGO_WRITE_OK | collection=sprint_run_20m_calculation_variables | candidate_id=DC4FE1CA0F
2026-03-16 15:30:36 | INFO | MONGO_WRITE_OK | collection=data_storage | candidate_id=DC4FE1CA0F
2026-03-16 15:30:36 | INFO | MONGO_SAVE_OK | activity=sprint_run_20m | candidate_id=DC4FE1CA0F | collections=users,children,sprint_run_20m_results,sprint_run_20m_calculation_variables,data_storage
2026-03-16 15:30:36 | INFO | REQUEST_DONE | activity=sprint_run_20m | candidate_id=DC4FE1CA0F | saved_json=common_backend\results\scores.json
2026-03-16 15:32:31 | INFO | REQUEST_START | activity=sprint_run_20m | age_group=14-18 | age=18 | name=cvbnm
2026-03-16 15:32:31 | INFO | VIDEO_SAVED | activity=sprint_run_20m | video_path=common_backend\uploads\14-18\sprint_run_20m\20260316_100231_cvbnm_c96668f2.mp4
2026-03-16 15:32:31 | INFO | SCORING_PIPELINE_START | activity=sprint_run_20m | age_group=14-18 | candidate_id=DCAF2B66A6
2026-03-16 15:33:39 | INFO | SCORING_PIPELINE_DONE | activity=sprint_run_20m | score=4.86 | category=Poor | duration=4.22 | candidate_id=DCAF2B66A6
2026-03-16 15:33:39 | INFO | SCORING_DONE | activity=sprint_run_20m | candidate_id=DCAF2B66A6 | score=4.86 | category=Poor
2026-03-16 15:33:39 | INFO | MONGO_CONNECT_OK | db=FitQuest_Physical_database | activity=sprint_run_20m | candidate_id=DCAF2B66A6
2026-03-16 15:33:39 | INFO | MONGO_WRITE_OK | collection=users | candidate_id=DCAF2B66A6
2026-03-16 15:33:39 | INFO | MONGO_WRITE_OK | collection=children | candidate_id=DCAF2B66A6
2026-03-16 15:33:39 | INFO | MONGO_WRITE_OK | collection=sprint_run_20m_results | candidate_id=DCAF2B66A6
2026-03-16 15:33:39 | INFO | MONGO_WRITE_OK | collection=sprint_run_20m_calculation_variables | candidate_id=DCAF2B66A6
2026-03-16 15:33:39 | INFO | MONGO_WRITE_OK | collection=data_storage | candidate_id=DCAF2B66A6
2026-03-16 15:33:39 | INFO | MONGO_SAVE_OK | activity=sprint_run_20m | candidate_id=DCAF2B66A6 | collections=users,children,sprint_run_20m_results,sprint_run_20m_calculation_variables,data_storage
2026-03-16 15:33:39 | INFO | REQUEST_DONE | activity=sprint_run_20m | candidate_id=DCAF2B66A6 | saved_json=common_backend\results\scores.json
2026-03-16 15:36:50 | INFO | REQUEST_START | activity=sprint_run_20m | age_group=14-18 | age=18 | name=cvbnm
2026-03-16 15:36:50 | INFO | VIDEO_SAVED | activity=sprint_run_20m | video_path=common_backend\uploads\14-18\sprint_run_20m\20260316_100650_cvbnm_6383f8e9.mp4
2026-03-16 15:36:50 | INFO | SCORING_PIPELINE_START | activity=sprint_run_20m | age_group=14-18 | candidate_id=DC323CC460
2026-03-16 15:37:47 | INFO | SCORING_PIPELINE_DONE | activity=sprint_run_20m | score=8.21 | category=Below Average | duration=3.55 | candidate_id=DC323CC460
2026-03-16 15:37:47 | INFO | SCORING_DONE | activity=sprint_run_20m | candidate_id=DC323CC460 | score=8.21 | category=Below Average
2026-03-16 15:37:47 | INFO | MONGO_CONNECT_OK | db=FitQuest_Physical_database | activity=sprint_run_20m | candidate_id=DC323CC460
2026-03-16 15:37:47 | INFO | MONGO_WRITE_OK | collection=users | candidate_id=DC323CC460
2026-03-16 15:37:47 | INFO | MONGO_WRITE_OK | collection=children | candidate_id=DC323CC460
2026-03-16 15:37:47 | INFO | MONGO_WRITE_OK | collection=sprint_run_20m_results | candidate_id=DC323CC460
2026-03-16 15:37:47 | INFO | MONGO_WRITE_OK | collection=sprint_run_20m_calculation_variables | candidate_id=DC323CC460
2026-03-16 15:37:47 | INFO | MONGO_WRITE_OK | collection=data_storage | candidate_id=DC323CC460
2026-03-16 15:37:47 | INFO | MONGO_SAVE_OK | activity=sprint_run_20m | candidate_id=DC323CC460 | collections=users,children,sprint_run_20m_results,sprint_run_20m_calculation_variables,data_storage
2026-03-16 15:37:47 | INFO | REQUEST_DONE | activity=sprint_run_20m | candidate_id=DC323CC460 | saved_json=common_backend\results\scores.json
2026-03-16 15:38:35 | INFO | REQUEST_START | activity=sprint_run_20m | age_group=10-13 | age=13 | name=qweryu
2026-03-16 15:38:35 | INFO | VIDEO_SAVED | activity=sprint_run_20m | video_path=common_backend\uploads\10-13\sprint_run_20m\20260316_100835_qweryu_6be7b52d.mp4
2026-03-16 15:38:35 | INFO | SCORING_PIPELINE_START | activity=sprint_run_20m | age_group=10-13 | candidate_id=DCE9458F26
2026-03-16 15:39:01 | INFO | SCORING_PIPELINE_DONE | activity=sprint_run_20m | score=0.00 | category=Poor | duration=3.55 | candidate_id=DCE9458F26
2026-03-16 15:39:01 | INFO | SCORING_DONE | activity=sprint_run_20m | candidate_id=DCE9458F26 | score=0.0 | category=Poor
2026-03-16 15:39:01 | INFO | MONGO_CONNECT_OK | db=FitQuest_Physical_database | activity=sprint_run_20m | candidate_id=DCE9458F26
2026-03-16 15:39:01 | INFO | MONGO_WRITE_OK | collection=users | candidate_id=DCE9458F26
2026-03-16 15:39:01 | INFO | MONGO_WRITE_OK | collection=children | candidate_id=DCE9458F26
2026-03-16 15:39:01 | INFO | MONGO_WRITE_OK | collection=sprint_run_20m_results | candidate_id=DCE9458F26
2026-03-16 15:39:01 | INFO | MONGO_WRITE_OK | collection=sprint_run_20m_calculation_variables | candidate_id=DCE9458F26
2026-03-16 15:39:01 | INFO | MONGO_WRITE_OK | collection=data_storage | candidate_id=DCE9458F26
2026-03-16 15:39:01 | INFO | MONGO_SAVE_OK | activity=sprint_run_20m | candidate_id=DCE9458F26 | collections=users,children,sprint_run_20m_results,sprint_run_20m_calculation_variables,data_storage
2026-03-16 15:39:01 | INFO | REQUEST_DONE | activity=sprint_run_20m | candidate_id=DCE9458F26 | saved_json=common_backend\results\scores.json
2026-03-16 15:41:37 | INFO | REQUEST_START | activity=sprint_run_20m | age_group=10-13 | age=13 | name=qweryu
2026-03-16 15:41:37 | INFO | VIDEO_SAVED | activity=sprint_run_20m | video_path=common_backend\uploads\10-13\sprint_run_20m\20260316_101137_qweryu_37ef7ed7.mp4
2026-03-16 15:41:37 | INFO | SCORING_PIPELINE_START | activity=sprint_run_20m | age_group=10-13 | candidate_id=DCA8ED2BB7
2026-03-16 15:41:58 | INFO | SCORING_PIPELINE_DONE | activity=sprint_run_20m | score=0.00 | category=Poor | duration=3.55 | candidate_id=DCA8ED2BB7
2026-03-16 15:41:58 | INFO | SCORING_DONE | activity=sprint_run_20m | candidate_id=DCA8ED2BB7 | score=0.0 | category=Poor
2026-03-16 15:41:58 | INFO | MONGO_CONNECT_OK | db=FitQuest_Physical_database | activity=sprint_run_20m | candidate_id=DCA8ED2BB7
2026-03-16 15:41:58 | INFO | MONGO_WRITE_OK | collection=users | candidate_id=DCA8ED2BB7
2026-03-16 15:41:58 | INFO | MONGO_WRITE_OK | collection=children | candidate_id=DCA8ED2BB7
2026-03-16 15:41:58 | INFO | MONGO_WRITE_OK | collection=sprint_run_20m_results | candidate_id=DCA8ED2BB7
2026-03-16 15:41:58 | INFO | MONGO_WRITE_OK | collection=sprint_run_20m_calculation_variables | candidate_id=DCA8ED2BB7
2026-03-16 15:41:58 | INFO | MONGO_WRITE_OK | collection=data_storage | candidate_id=DCA8ED2BB7
2026-03-16 15:41:58 | INFO | MONGO_SAVE_OK | activity=sprint_run_20m | candidate_id=DCA8ED2BB7 | collections=users,children,sprint_run_20m_results,sprint_run_20m_calculation_variables,data_storage
2026-03-16 15:41:58 | INFO | REQUEST_DONE | activity=sprint_run_20m | candidate_id=DCA8ED2BB7 | saved_json=common_backend\results\scores.json
2026-03-16 15:42:19 | INFO | REQUEST_START | activity=sprint_run_20m | age_group=10-13 | age=13 | name=qweryu
2026-03-16 15:42:19 | INFO | VIDEO_SAVED | activity=sprint_run_20m | video_path=common_backend\uploads\10-13\sprint_run_20m\20260316_101219_qweryu_4e384b2c.mp4
2026-03-16 15:42:19 | INFO | SCORING_PIPELINE_START | activity=sprint_run_20m | age_group=10-13 | candidate_id=DC173D92C5
2026-03-16 15:42:35 | INFO | SCORING_PIPELINE_DONE | activity=sprint_run_20m | score=0.00 | category=Poor | duration=4.22 | candidate_id=DC173D92C5
2026-03-16 15:42:35 | INFO | SCORING_DONE | activity=sprint_run_20m | candidate_id=DC173D92C5 | score=0.0 | category=Poor
2026-03-16 15:42:35 | INFO | MONGO_CONNECT_OK | db=FitQuest_Physical_database | activity=sprint_run_20m | candidate_id=DC173D92C5
2026-03-16 15:42:35 | INFO | MONGO_WRITE_OK | collection=users | candidate_id=DC173D92C5
2026-03-16 15:42:35 | INFO | MONGO_WRITE_OK | collection=children | candidate_id=DC173D92C5
2026-03-16 15:42:35 | INFO | MONGO_WRITE_OK | collection=sprint_run_20m_results | candidate_id=DC173D92C5
2026-03-16 15:42:35 | INFO | MONGO_WRITE_OK | collection=sprint_run_20m_calculation_variables | candidate_id=DC173D92C5
2026-03-16 15:42:35 | INFO | MONGO_WRITE_OK | collection=data_storage | candidate_id=DC173D92C5
2026-03-16 15:42:35 | INFO | MONGO_SAVE_OK | activity=sprint_run_20m | candidate_id=DC173D92C5 | collections=users,children,sprint_run_20m_results,sprint_run_20m_calculation_variables,data_storage
2026-03-16 15:42:35 | INFO | REQUEST_DONE | activity=sprint_run_20m | candidate_id=DC173D92C5 | saved_json=common_backend\results\scores.json
2026-03-16 15:46:42 | INFO | REQUEST_START | activity=sprint_run_20m | age_group=10-13 | age=10 | name=sdf
2026-03-16 15:46:42 | INFO | VIDEO_SAVED | activity=sprint_run_20m | video_path=common_backend\uploads\10-13\sprint_run_20m\20260316_101642_sdf_fe0c767b.mp4
2026-03-16 15:46:42 | INFO | SCORING_PIPELINE_START | activity=sprint_run_20m | age_group=10-13 | candidate_id=DCAD0AADF4
2026-03-16 15:48:11 | INFO | SCORING_PIPELINE_DONE | activity=sprint_run_20m | score=4.86 | category=Poor | duration=4.22 | candidate_id=DCAD0AADF4
2026-03-16 15:48:11 | INFO | SCORING_DONE | activity=sprint_run_20m | candidate_id=DCAD0AADF4 | score=4.86 | category=Poor
2026-03-16 15:48:12 | INFO | MONGO_CONNECT_OK | db=FitQuest_Physical_database | activity=sprint_run_20m | candidate_id=DCAD0AADF4
2026-03-16 15:48:12 | INFO | MONGO_WRITE_OK | collection=users | candidate_id=DCAD0AADF4
2026-03-16 15:48:12 | INFO | MONGO_WRITE_OK | collection=children | candidate_id=DCAD0AADF4
2026-03-16 15:48:12 | INFO | MONGO_WRITE_OK | collection=sprint_run_20m_results | candidate_id=DCAD0AADF4
2026-03-16 15:48:12 | INFO | MONGO_WRITE_OK | collection=sprint_run_20m_calculation_variables | candidate_id=DCAD0AADF4
2026-03-16 15:48:12 | INFO | MONGO_WRITE_OK | collection=data_storage | candidate_id=DCAD0AADF4
2026-03-16 15:48:12 | INFO | MONGO_SAVE_OK | activity=sprint_run_20m | candidate_id=DCAD0AADF4 | collections=users,children,sprint_run_20m_results,sprint_run_20m_calculation_variables,data_storage
2026-03-16 15:48:12 | INFO | REQUEST_DONE | activity=sprint_run_20m | candidate_id=DCAD0AADF4 | saved_json=common_backend\results\scores.json
2026-03-16 15:48:27 | INFO | REQUEST_START | activity=sprint_run_20m | age_group=10-13 | age=10 | name=sdf
2026-03-16 15:48:27 | INFO | VIDEO_SAVED | activity=sprint_run_20m | video_path=common_backend\uploads\10-13\sprint_run_20m\20260316_101827_sdf_6ffe5c85.mp4
2026-03-16 15:48:27 | INFO | SCORING_PIPELINE_START | activity=sprint_run_20m | age_group=10-13 | candidate_id=DCB262E8BB
2026-03-16 15:49:23 | INFO | SCORING_PIPELINE_DONE | activity=sprint_run_20m | score=8.21 | category=Below Average | duration=3.55 | candidate_id=DCB262E8BB
2026-03-16 15:49:23 | INFO | SCORING_DONE | activity=sprint_run_20m | candidate_id=DCB262E8BB | score=8.21 | category=Below Average
2026-03-16 15:49:23 | INFO | MONGO_CONNECT_OK | db=FitQuest_Physical_database | activity=sprint_run_20m | candidate_id=DCB262E8BB
2026-03-16 15:49:23 | INFO | MONGO_WRITE_OK | collection=users | candidate_id=DCB262E8BB
2026-03-16 15:49:23 | INFO | MONGO_WRITE_OK | collection=children | candidate_id=DCB262E8BB
2026-03-16 15:49:23 | INFO | MONGO_WRITE_OK | collection=sprint_run_20m_results | candidate_id=DCB262E8BB
2026-03-16 15:49:23 | INFO | MONGO_WRITE_OK | collection=sprint_run_20m_calculation_variables | candidate_id=DCB262E8BB
2026-03-16 15:49:23 | INFO | MONGO_WRITE_OK | collection=data_storage | candidate_id=DCB262E8BB
2026-03-16 15:49:23 | INFO | MONGO_SAVE_OK | activity=sprint_run_20m | candidate_id=DCB262E8BB | collections=users,children,sprint_run_20m_results,sprint_run_20m_calculation_variables,data_storage
2026-03-16 15:49:23 | INFO | REQUEST_DONE | activity=sprint_run_20m | candidate_id=DCB262E8BB | saved_json=common_backend\results\scores.json
2026-03-16 15:49:50 | INFO | REQUEST_START | activity=sprint_run_20m | age_group=14-18 | age=14 | name=sd
2026-03-16 15:49:50 | INFO | VIDEO_SAVED | activity=sprint_run_20m | video_path=common_backend\uploads\14-18\sprint_run_20m\20260316_101950_sd_c923bf1d.mp4
2026-03-16 15:49:50 | INFO | SCORING_PIPELINE_START | activity=sprint_run_20m | age_group=14-18 | candidate_id=DCC955B463
2026-03-16 15:50:58 | INFO | SCORING_PIPELINE_DONE | activity=sprint_run_20m | score=4.86 | category=Poor | duration=4.22 | candidate_id=DCC955B463
2026-03-16 15:50:58 | INFO | SCORING_DONE | activity=sprint_run_20m | candidate_id=DCC955B463 | score=4.86 | category=Poor
2026-03-16 15:50:58 | INFO | MONGO_CONNECT_OK | db=FitQuest_Physical_database | activity=sprint_run_20m | candidate_id=DCC955B463
2026-03-16 15:50:58 | INFO | MONGO_WRITE_OK | collection=users | candidate_id=DCC955B463
2026-03-16 15:50:58 | INFO | MONGO_WRITE_OK | collection=children | candidate_id=DCC955B463
2026-03-16 15:50:58 | INFO | MONGO_WRITE_OK | collection=sprint_run_20m_results | candidate_id=DCC955B463
2026-03-16 15:50:58 | INFO | MONGO_WRITE_OK | collection=sprint_run_20m_calculation_variables | candidate_id=DCC955B463
2026-03-16 15:50:58 | INFO | MONGO_WRITE_OK | collection=data_storage | candidate_id=DCC955B463
2026-03-16 15:50:58 | INFO | MONGO_SAVE_OK | activity=sprint_run_20m | candidate_id=DCC955B463 | collections=users,children,sprint_run_20m_results,sprint_run_20m_calculation_variables,data_storage
2026-03-16 15:50:58 | INFO | REQUEST_DONE | activity=sprint_run_20m | candidate_id=DCC955B463 | saved_json=common_backend\results\scores.json
2026-03-16 15:51:32 | INFO | REQUEST_START | activity=sprint_run_20m | age_group=14-18 | age=14 | name=sd
2026-03-16 15:51:32 | INFO | VIDEO_SAVED | activity=sprint_run_20m | video_path=common_backend\uploads\14-18\sprint_run_20m\20260316_102132_sd_deccdeb0.mp4
2026-03-16 15:51:32 | INFO | SCORING_PIPELINE_START | activity=sprint_run_20m | age_group=14-18 | candidate_id=DCAD6AF5D8
2026-03-16 15:52:27 | INFO | SCORING_PIPELINE_DONE | activity=sprint_run_20m | score=8.21 | category=Below Average | duration=3.55 | candidate_id=DCAD6AF5D8
2026-03-16 15:52:27 | INFO | SCORING_DONE | activity=sprint_run_20m | candidate_id=DCAD6AF5D8 | score=8.21 | category=Below Average
2026-03-16 15:52:27 | INFO | MONGO_CONNECT_OK | db=FitQuest_Physical_database | activity=sprint_run_20m | candidate_id=DCAD6AF5D8
2026-03-16 15:52:27 | INFO | MONGO_WRITE_OK | collection=users | candidate_id=DCAD6AF5D8
2026-03-16 15:52:27 | INFO | MONGO_WRITE_OK | collection=children | candidate_id=DCAD6AF5D8
2026-03-16 15:52:27 | INFO | MONGO_WRITE_OK | collection=sprint_run_20m_results | candidate_id=DCAD6AF5D8
2026-03-16 15:52:27 | INFO | MONGO_WRITE_OK | collection=sprint_run_20m_calculation_variables | candidate_id=DCAD6AF5D8
2026-03-16 15:52:28 | INFO | MONGO_WRITE_OK | collection=data_storage | candidate_id=DCAD6AF5D8
2026-03-16 15:52:28 | INFO | MONGO_SAVE_OK | activity=sprint_run_20m | candidate_id=DCAD6AF5D8 | collections=users,children,sprint_run_20m_results,sprint_run_20m_calculation_variables,data_storage
2026-03-16 15:52:28 | INFO | REQUEST_DONE | activity=sprint_run_20m | candidate_id=DCAD6AF5D8 | saved_json=common_backend\results\scores.json
2026-03-16 15:53:26 | INFO | REQUEST_START | activity=sprint_run_20m | age_group=14-18 | age=14 | name=sd
2026-03-16 15:53:26 | INFO | VIDEO_SAVED | activity=sprint_run_20m | video_path=common_backend\uploads\14-18\sprint_run_20m\20260316_102326_sd_b0896be7.mp4
2026-03-16 15:53:26 | INFO | SCORING_PIPELINE_START | activity=sprint_run_20m | age_group=14-18 | candidate_id=DCE35382C5
2026-03-16 16:12:45 | INFO | SCORING_PIPELINE_DONE | activity=sprint_run_20m | score=9.47 | category=Poor | duration=86.33 | candidate_id=DCE35382C5
2026-03-16 16:12:45 | INFO | SCORING_DONE | activity=sprint_run_20m | candidate_id=DCE35382C5 | score=9.47 | category=Poor
2026-03-16 16:12:45 | INFO | MONGO_CONNECT_OK | db=FitQuest_Physical_database | activity=sprint_run_20m | candidate_id=DCE35382C5
2026-03-16 16:12:45 | INFO | MONGO_WRITE_OK | collection=users | candidate_id=DCE35382C5
2026-03-16 16:12:45 | INFO | MONGO_WRITE_OK | collection=children | candidate_id=DCE35382C5
2026-03-16 16:12:45 | INFO | MONGO_WRITE_OK | collection=sprint_run_20m_results | candidate_id=DCE35382C5
2026-03-16 16:12:45 | INFO | MONGO_WRITE_OK | collection=sprint_run_20m_calculation_variables | candidate_id=DCE35382C5
2026-03-16 16:12:45 | INFO | MONGO_WRITE_OK | collection=data_storage | candidate_id=DCE35382C5
2026-03-16 16:12:45 | INFO | MONGO_SAVE_OK | activity=sprint_run_20m | candidate_id=DCE35382C5 | collections=users,children,sprint_run_20m_results,sprint_run_20m_calculation_variables,data_storage
2026-03-16 16:12:45 | INFO | REQUEST_DONE | activity=sprint_run_20m | candidate_id=DCE35382C5 | saved_json=common_backend\results\scores.json
2026-03-16 16:14:53 | INFO | REQUEST_START | activity=high_knee_jump | age_group=6-9 | age=6 | name=abcd
2026-03-16 16:14:53 | INFO | VIDEO_SAVED | activity=high_knee_jump | video_path=common_backend\uploads\6-9\high_knee_jump\20260316_104453_abcd_17583b3c.mp4
2026-03-16 16:14:54 | INFO | SCORING_PIPELINE_START | activity=high_knee_jump | age_group=6-9 | candidate_id=DC3506E663
2026-03-16 16:14:55 | ERROR | SCORING_PIPELINE_FAIL | activity=high_knee_jump | age_group=6-9 | candidate_id=DC3506E663 | error=OpenCV(4.13.0) D:\a\opencv-python\opencv-python\opencv\modules\highgui\src\window_w32.cpp:1473: error: (-27:Null pointer) NULL window: 'Resized Window' in function 'cvResizeWindow'
Traceback (most recent call last):
  File "D:\NayanDC\Physical_projects\common_backend\scoring.py", line 166, in score_activity_video
    calculation = calculator(
  File "D:\NayanDC\Physical_projects\high_knee_jump\common_calculation.py", line 24, in calculate_high_knee_jump
    raw = run_high_knee_jump(
  File "D:\NayanDC\Physical_projects\high_knee_jump\runtime.py", line 187, in run_high_knee_jump
    return run_common(
  File "D:\NayanDC\Physical_projects\high_knee_jump\runtime.py", line 167, in run_common
    return run_primary(
  File "D:\NayanDC\Physical_projects\high_knee_jump\runtime.py", line 155, in run_primary
    return fn(**kwargs)
  File "D:\NayanDC\Physical_projects\ages_6-9\high_knee\high_knee.py", line 534, in high_knee_jump
    cv2.resizeWindow("Resized Window", 900, 800)
cv2.error: OpenCV(4.13.0) D:\a\opencv-python\opencv-python\opencv\modules\highgui\src\window_w32.cpp:1473: error: (-27:Null pointer) NULL window: 'Resized Window' in function 'cvResizeWindow'

2026-03-16 16:14:57 | INFO | REQUEST_START | activity=shuttle_run | age_group=6-9 | age=7 | name=asas
2026-03-16 16:14:58 | INFO | VIDEO_SAVED | activity=shuttle_run | video_path=common_backend\uploads\6-9\shuttle_run\20260316_104457_asas_d9e534ae.mp4
2026-03-16 16:14:58 | INFO | SCORING_PIPELINE_START | activity=shuttle_run | age_group=6-9 | candidate_id=DC560CD65B
2026-03-16 16:14:58 | INFO | CONE_DETECTION_STAGE_START | activity=shuttle_run | age_group=6-9 | candidate_id=DC560CD65B
2026-03-16 16:14:58 | INFO | SHUTTLE_RUN_INPUT_READ_START | candidate_id=DC560CD65B | age_group=6-9 | video_path=common_backend\uploads\6-9\shuttle_run\20260316_104457_asas_d9e534ae.mp4
2026-03-16 16:14:58 | INFO | SHUTTLE_RUN_INPUT_READ_DONE | candidate_id=DC560CD65B | duration=13.69
2026-03-16 16:14:58 | INFO | SHUTTLE_RUN_CONE_DETECTION_EXECUTE | candidate_id=DC560CD65B | age_group=6-9
2026-03-16 16:14:59 | INFO | REQUEST_START | activity=sprint_run_20m | age_group=6-9 | age=8 | name=fgj
2026-03-16 16:14:59 | INFO | VIDEO_SAVED | activity=sprint_run_20m | video_path=common_backend\uploads\6-9\sprint_run_20m\20260316_104459_fgj_a8cca5ff.mp4
2026-03-16 16:15:00 | INFO | SCORING_PIPELINE_START | activity=sprint_run_20m | age_group=6-9 | candidate_id=DCDC4F53B1
2026-03-16 16:15:04 | INFO | REQUEST_START | activity=high_knee_jump | age_group=10-13 | age=10 | name=sdf
2026-03-16 16:15:04 | INFO | VIDEO_SAVED | activity=high_knee_jump | video_path=common_backend\uploads\10-13\high_knee_jump\20260316_104504_sdf_ff078678.mp4
2026-03-16 16:15:05 | INFO | SCORING_PIPELINE_START | activity=high_knee_jump | age_group=10-13 | candidate_id=DCF837D335
2026-03-16 16:15:07 | INFO | REQUEST_START | activity=shuttle_run | age_group=10-13 | age=11 | name=zxc
2026-03-16 16:15:08 | INFO | VIDEO_SAVED | activity=shuttle_run | video_path=common_backend\uploads\10-13\shuttle_run\20260316_104507_zxc_6371449a.mp4
2026-03-16 16:15:08 | INFO | SCORING_PIPELINE_START | activity=shuttle_run | age_group=10-13 | candidate_id=DC9E5727FD
2026-03-16 16:15:08 | INFO | CONE_DETECTION_STAGE_START | activity=shuttle_run | age_group=10-13 | candidate_id=DC9E5727FD
2026-03-16 16:15:08 | INFO | SHUTTLE_RUN_INPUT_READ_START | candidate_id=DC9E5727FD | age_group=10-13 | video_path=common_backend\uploads\10-13\shuttle_run\20260316_104507_zxc_6371449a.mp4
2026-03-16 16:15:08 | INFO | SHUTTLE_RUN_INPUT_READ_DONE | candidate_id=DC9E5727FD | duration=14.66
2026-03-16 16:15:08 | INFO | SHUTTLE_RUN_CONE_DETECTION_EXECUTE | candidate_id=DC9E5727FD | age_group=10-13
2026-03-16 16:15:09 | INFO | REQUEST_START | activity=sprint_run_20m | age_group=10-13 | age=10 | name=sdfgn
2026-03-16 16:15:09 | INFO | VIDEO_SAVED | activity=sprint_run_20m | video_path=common_backend\uploads\10-13\sprint_run_20m\20260316_104509_sdfgn_43929f17.mp4
2026-03-16 16:15:09 | INFO | SCORING_PIPELINE_START | activity=sprint_run_20m | age_group=10-13 | candidate_id=DCB5632223
2026-03-16 16:15:13 | INFO | REQUEST_START | activity=long_jump | age_group=10-13 | age=10 | name=ASDFG
2026-03-16 16:15:14 | INFO | VIDEO_SAVED | activity=long_jump | video_path=common_backend\uploads\10-13\long_jump\20260316_104513_ASDFG_9b91695b.mp4
2026-03-16 16:15:14 | INFO | SCORING_PIPELINE_START | activity=long_jump | age_group=10-13 | candidate_id=DCD3B859CA
2026-03-16 16:15:19 | INFO | REQUEST_START | activity=high_knee_jump | age_group=14-18 | age=14 | name=asd
2026-03-16 16:15:20 | INFO | VIDEO_SAVED | activity=high_knee_jump | video_path=common_backend\uploads\14-18\high_knee_jump\20260316_104519_asd_b913a7ac.mp4
2026-03-16 16:15:20 | INFO | SCORING_PIPELINE_START | activity=high_knee_jump | age_group=14-18 | candidate_id=DC68E7F098
2026-03-16 16:15:23 | INFO | REQUEST_START | activity=shuttle_run | age_group=14-18 | age=14 | name=sdcv
2026-03-16 16:15:23 | INFO | VIDEO_SAVED | activity=shuttle_run | video_path=common_backend\uploads\14-18\shuttle_run\20260316_104523_sdcv_6ac546fc.mp4
2026-03-16 16:15:23 | INFO | SCORING_PIPELINE_START | activity=shuttle_run | age_group=14-18 | candidate_id=DC953C7FC1
2026-03-16 16:15:23 | INFO | CONE_DETECTION_STAGE_START | activity=shuttle_run | age_group=14-18 | candidate_id=DC953C7FC1
2026-03-16 16:15:23 | INFO | SHUTTLE_RUN_INPUT_READ_START | candidate_id=DC953C7FC1 | age_group=14-18 | video_path=common_backend\uploads\14-18\shuttle_run\20260316_104523_sdcv_6ac546fc.mp4
2026-03-16 16:15:23 | INFO | SHUTTLE_RUN_INPUT_READ_DONE | candidate_id=DC953C7FC1 | duration=13.69
2026-03-16 16:15:23 | INFO | SHUTTLE_RUN_CONE_DETECTION_EXECUTE | candidate_id=DC953C7FC1 | age_group=14-18
2026-03-16 16:15:25 | INFO | REQUEST_START | activity=sprint_run_20m | age_group=14-18 | age=14 | name=ascvb
2026-03-16 16:15:25 | INFO | VIDEO_SAVED | activity=sprint_run_20m | video_path=common_backend\uploads\14-18\sprint_run_20m\20260316_104525_ascvb_0dab2e85.mp4
2026-03-16 16:15:25 | INFO | SCORING_PIPELINE_START | activity=sprint_run_20m | age_group=14-18 | candidate_id=DC666D0B0E
2026-03-16 16:15:29 | INFO | REQUEST_START | activity=long_jump | age_group=14-18 | age=18 | name=QSWERT
2026-03-16 16:15:29 | INFO | VIDEO_SAVED | activity=long_jump | video_path=common_backend\uploads\14-18\long_jump\20260316_104529_QSWERT_866b8a59.mp4
2026-03-16 16:15:29 | INFO | SCORING_PIPELINE_START | activity=long_jump | age_group=14-18 | candidate_id=DC64B7215C
2026-03-16 16:15:50 | INFO | SCORING_PIPELINE_DONE | activity=long_jump | score=6.51 | category=Poor | duration=3.40 | candidate_id=DCD3B859CA
2026-03-16 16:15:50 | INFO | SCORING_DONE | activity=long_jump | candidate_id=DCD3B859CA | score=6.51 | category=Poor
2026-03-16 16:15:50 | INFO | MONGO_CONNECT_OK | db=FitQuest_Physical_database | activity=long_jump | candidate_id=DCD3B859CA
2026-03-16 16:15:50 | INFO | MONGO_WRITE_OK | collection=users | candidate_id=DCD3B859CA
2026-03-16 16:15:50 | INFO | MONGO_WRITE_OK | collection=children | candidate_id=DCD3B859CA
2026-03-16 16:15:50 | INFO | MONGO_WRITE_OK | collection=long_jump_results | candidate_id=DCD3B859CA
2026-03-16 16:15:50 | INFO | MONGO_WRITE_OK | collection=long_jump_calculation_variables | candidate_id=DCD3B859CA
2026-03-16 16:15:50 | INFO | MONGO_WRITE_OK | collection=data_storage | candidate_id=DCD3B859CA
2026-03-16 16:15:50 | INFO | MONGO_SAVE_OK | activity=long_jump | candidate_id=DCD3B859CA | collections=users,children,long_jump_results,long_jump_calculation_variables,data_storage
2026-03-16 16:15:50 | INFO | REQUEST_DONE | activity=long_jump | candidate_id=DCD3B859CA | saved_json=common_backend\results\scores.json
2026-03-16 16:15:54 | INFO | SCORING_FALLBACK_USED | activity=high_knee_jump | duration=86.33 | motion_ratio=0.6933 | score=10.87 | category=Average
2026-03-16 16:15:54 | INFO | SCORING_DONE | activity=high_knee_jump | candidate_id=DC3506E663 | score=10.87 | category=Average
2026-03-16 16:15:54 | INFO | MONGO_CONNECT_OK | db=FitQuest_Physical_database | activity=high_knee_jump | candidate_id=DC3506E663
2026-03-16 16:15:54 | INFO | MONGO_WRITE_OK | collection=users | candidate_id=DC3506E663
2026-03-16 16:15:54 | INFO | MONGO_WRITE_OK | collection=children | candidate_id=DC3506E663
2026-03-16 16:15:54 | INFO | MONGO_WRITE_OK | collection=high_knee_jump_results | candidate_id=DC3506E663
2026-03-16 16:15:54 | INFO | MONGO_WRITE_OK | collection=high_knee_jump_calculation_variables | candidate_id=DC3506E663
2026-03-16 16:15:54 | INFO | MONGO_WRITE_OK | collection=data_storage | candidate_id=DC3506E663
2026-03-16 16:15:54 | INFO | MONGO_SAVE_OK | activity=high_knee_jump | candidate_id=DC3506E663 | collections=users,children,high_knee_jump_results,high_knee_jump_calculation_variables,data_storage
2026-03-16 16:15:54 | INFO | REQUEST_DONE | activity=high_knee_jump | candidate_id=DC3506E663 | saved_json=common_backend\results\scores.json
2026-03-16 16:15:59 | INFO | SCORING_PIPELINE_DONE | activity=long_jump | score=6.72 | category=Poor | duration=2.80 | candidate_id=DC64B7215C
2026-03-16 16:15:59 | INFO | SCORING_DONE | activity=long_jump | candidate_id=DC64B7215C | score=6.72 | category=Poor
2026-03-16 16:15:59 | INFO | MONGO_CONNECT_OK | db=FitQuest_Physical_database | activity=long_jump | candidate_id=DC64B7215C
2026-03-16 16:15:59 | INFO | MONGO_WRITE_OK | collection=users | candidate_id=DC64B7215C
2026-03-16 16:15:59 | INFO | MONGO_WRITE_OK | collection=children | candidate_id=DC64B7215C
2026-03-16 16:15:59 | INFO | MONGO_WRITE_OK | collection=long_jump_results | candidate_id=DC64B7215C
2026-03-16 16:15:59 | INFO | MONGO_WRITE_OK | collection=long_jump_calculation_variables | candidate_id=DC64B7215C
2026-03-16 16:15:59 | INFO | MONGO_WRITE_OK | collection=data_storage | candidate_id=DC64B7215C
2026-03-16 16:15:59 | INFO | MONGO_SAVE_OK | activity=long_jump | candidate_id=DC64B7215C | collections=users,children,long_jump_results,long_jump_calculation_variables,data_storage
2026-03-16 16:15:59 | INFO | REQUEST_DONE | activity=long_jump | candidate_id=DC64B7215C | saved_json=common_backend\results\scores.json
2026-03-16 16:18:25 | INFO | SCORING_PIPELINE_DONE | activity=sprint_run_20m | score=8.21 | category=Below Average | duration=3.55 | candidate_id=DCB5632223
2026-03-16 16:18:25 | INFO | SCORING_DONE | activity=sprint_run_20m | candidate_id=DCB5632223 | score=8.21 | category=Below Average
2026-03-16 16:18:25 | INFO | MONGO_CONNECT_OK | db=FitQuest_Physical_database | activity=sprint_run_20m | candidate_id=DCB5632223
2026-03-16 16:18:25 | INFO | MONGO_WRITE_OK | collection=users | candidate_id=DCB5632223
2026-03-16 16:18:25 | INFO | MONGO_WRITE_OK | collection=children | candidate_id=DCB5632223
2026-03-16 16:18:25 | INFO | MONGO_WRITE_OK | collection=sprint_run_20m_results | candidate_id=DCB5632223
2026-03-16 16:18:25 | INFO | MONGO_WRITE_OK | collection=sprint_run_20m_calculation_variables | candidate_id=DCB5632223
2026-03-16 16:18:25 | INFO | MONGO_WRITE_OK | collection=data_storage | candidate_id=DCB5632223
2026-03-16 16:18:25 | INFO | MONGO_SAVE_OK | activity=sprint_run_20m | candidate_id=DCB5632223 | collections=users,children,sprint_run_20m_results,sprint_run_20m_calculation_variables,data_storage
2026-03-16 16:18:25 | INFO | REQUEST_DONE | activity=sprint_run_20m | candidate_id=DCB5632223 | saved_json=common_backend\results\scores.json
2026-03-16 16:18:40 | INFO | SCORING_PIPELINE_DONE | activity=sprint_run_20m | score=8.21 | category=Below Average | duration=3.55 | candidate_id=DC666D0B0E
2026-03-16 16:18:40 | INFO | SCORING_DONE | activity=sprint_run_20m | candidate_id=DC666D0B0E | score=8.21 | category=Below Average
2026-03-16 16:18:40 | INFO | MONGO_CONNECT_OK | db=FitQuest_Physical_database | activity=sprint_run_20m | candidate_id=DC666D0B0E
2026-03-16 16:18:40 | INFO | MONGO_WRITE_OK | collection=users | candidate_id=DC666D0B0E
2026-03-16 16:18:40 | INFO | MONGO_WRITE_OK | collection=children | candidate_id=DC666D0B0E
2026-03-16 16:18:40 | INFO | MONGO_WRITE_OK | collection=sprint_run_20m_results | candidate_id=DC666D0B0E
2026-03-16 16:18:40 | INFO | MONGO_WRITE_OK | collection=sprint_run_20m_calculation_variables | candidate_id=DC666D0B0E
2026-03-16 16:18:40 | INFO | MONGO_WRITE_OK | collection=data_storage | candidate_id=DC666D0B0E
2026-03-16 16:18:40 | INFO | MONGO_SAVE_OK | activity=sprint_run_20m | candidate_id=DC666D0B0E | collections=users,children,sprint_run_20m_results,sprint_run_20m_calculation_variables,data_storage
2026-03-16 16:18:40 | INFO | REQUEST_DONE | activity=sprint_run_20m | candidate_id=DC666D0B0E | saved_json=common_backend\results\scores.json
2026-03-16 16:18:43 | INFO | SCORING_PIPELINE_DONE | activity=sprint_run_20m | score=4.86 | category=Poor | duration=4.22 | candidate_id=DCDC4F53B1
2026-03-16 16:18:43 | INFO | SCORING_DONE | activity=sprint_run_20m | candidate_id=DCDC4F53B1 | score=4.86 | category=Poor
2026-03-16 16:18:43 | INFO | MONGO_CONNECT_OK | db=FitQuest_Physical_database | activity=sprint_run_20m | candidate_id=DCDC4F53B1
2026-03-16 16:18:43 | INFO | MONGO_WRITE_OK | collection=users | candidate_id=DCDC4F53B1
2026-03-16 16:18:43 | INFO | MONGO_WRITE_OK | collection=children | candidate_id=DCDC4F53B1
2026-03-16 16:18:43 | INFO | MONGO_WRITE_OK | collection=sprint_run_20m_results | candidate_id=DCDC4F53B1
2026-03-16 16:18:43 | INFO | MONGO_WRITE_OK | collection=sprint_run_20m_calculation_variables | candidate_id=DCDC4F53B1
2026-03-16 16:18:43 | INFO | MONGO_WRITE_OK | collection=data_storage | candidate_id=DCDC4F53B1
2026-03-16 16:18:43 | INFO | MONGO_SAVE_OK | activity=sprint_run_20m | candidate_id=DCDC4F53B1 | collections=users,children,sprint_run_20m_results,sprint_run_20m_calculation_variables,data_storage
2026-03-16 16:18:43 | INFO | REQUEST_DONE | activity=sprint_run_20m | candidate_id=DCDC4F53B1 | saved_json=common_backend\results\scores.json
2026-03-16 16:23:09 | INFO | SHUTTLE_RUN_SCORE_COMPUTED | candidate_id=DC560CD65B | raw_score=12.00 | adjusted_score=12.00 | category=Average
2026-03-16 16:23:09 | INFO | CONE_DETECTION_STAGE_DONE | activity=shuttle_run | score=12.00 | category=Average | candidate_id=DC560CD65B
2026-03-16 16:23:09 | INFO | SCORING_PIPELINE_DONE | activity=shuttle_run | score=12.00 | category=Average | duration=13.69 | candidate_id=DC560CD65B
2026-03-16 16:23:09 | INFO | SCORING_DONE | activity=shuttle_run | candidate_id=DC560CD65B | score=12.0 | category=Average
2026-03-16 16:23:09 | INFO | MONGO_CONNECT_OK | db=FitQuest_Physical_database | activity=shuttle_run | candidate_id=DC560CD65B
2026-03-16 16:23:09 | INFO | MONGO_WRITE_OK | collection=users | candidate_id=DC560CD65B
2026-03-16 16:23:09 | INFO | MONGO_WRITE_OK | collection=children | candidate_id=DC560CD65B
2026-03-16 16:23:09 | INFO | MONGO_WRITE_OK | collection=shuttle_run_results | candidate_id=DC560CD65B
2026-03-16 16:23:09 | INFO | MONGO_WRITE_OK | collection=shuttle_run_calculation_variables | candidate_id=DC560CD65B
2026-03-16 16:23:09 | INFO | MONGO_WRITE_OK | collection=data_storage | candidate_id=DC560CD65B
2026-03-16 16:23:09 | INFO | MONGO_SAVE_OK | activity=shuttle_run | candidate_id=DC560CD65B | collections=users,children,shuttle_run_results,shuttle_run_calculation_variables,data_storage
2026-03-16 16:23:09 | INFO | REQUEST_DONE | activity=shuttle_run | candidate_id=DC560CD65B | saved_json=common_backend\results\scores.json
2026-03-16 16:23:19 | ERROR | SCORING_PIPELINE_FAIL | activity=shuttle_run | age_group=14-18 | candidate_id=DC953C7FC1 | error='<' not supported between instances of 'NoneType' and 'int'
Traceback (most recent call last):
  File "D:\NayanDC\Physical_projects\common_backend\scoring.py", line 166, in score_activity_video
    calculation = calculator(
  File "D:\NayanDC\Physical_projects\shuttle_run\common_calculation.py", line 43, in calculate_shuttle_run
    raw = run_shuttle_run(
  File "D:\NayanDC\Physical_projects\shuttle_run\runtime.py", line 187, in run_shuttle_run
    return run_common(
  File "D:\NayanDC\Physical_projects\shuttle_run\runtime.py", line 167, in run_common
    return run_primary(
  File "D:\NayanDC\Physical_projects\shuttle_run\runtime.py", line 155, in run_primary
    return fn(**kwargs)
  File "D:\NayanDC\Physical_projects\ages_14-18\shuttle_run\shuttle_run.py", line 556, in shuttle_run
    category = predict_category(_score, lap_time_score)
  File "D:\NayanDC\Physical_projects\ages_14-18\shuttle_run\shuttle_run.py", line 268, in predict_category
    if lap_time_score < 0: lap_time_score = 0
TypeError: '<' not supported between instances of 'NoneType' and 'int'
2026-03-16 16:23:30 | INFO | SCORING_FALLBACK_USED | activity=shuttle_run | duration=13.69 | motion_ratio=0.1698 | score=13.80 | category=Above Average
2026-03-16 16:23:30 | INFO | SCORING_DONE | activity=shuttle_run | candidate_id=DC953C7FC1 | score=13.8 | category=Above Average
2026-03-16 16:23:30 | INFO | MONGO_CONNECT_OK | db=FitQuest_Physical_database | activity=shuttle_run | candidate_id=DC953C7FC1
2026-03-16 16:23:30 | INFO | MONGO_WRITE_OK | collection=users | candidate_id=DC953C7FC1
2026-03-16 16:23:30 | INFO | MONGO_WRITE_OK | collection=children | candidate_id=DC953C7FC1
2026-03-16 16:23:30 | INFO | MONGO_WRITE_OK | collection=shuttle_run_results | candidate_id=DC953C7FC1
2026-03-16 16:23:30 | INFO | MONGO_WRITE_OK | collection=shuttle_run_calculation_variables | candidate_id=DC953C7FC1
2026-03-16 16:23:30 | INFO | MONGO_WRITE_OK | collection=data_storage | candidate_id=DC953C7FC1
2026-03-16 16:23:30 | INFO | MONGO_SAVE_OK | activity=shuttle_run | candidate_id=DC953C7FC1 | collections=users,children,shuttle_run_results,shuttle_run_calculation_variables,data_storage
2026-03-16 16:23:30 | INFO | REQUEST_DONE | activity=shuttle_run | candidate_id=DC953C7FC1 | saved_json=common_backend\results\scores.json
2026-03-16 16:23:33 | INFO | SHUTTLE_RUN_SCORE_COMPUTED | candidate_id=DC9E5727FD | raw_score=12.00 | adjusted_score=12.00 | category=Average
2026-03-16 16:23:33 | INFO | CONE_DETECTION_STAGE_DONE | activity=shuttle_run | score=12.00 | category=Average | candidate_id=DC9E5727FD
2026-03-16 16:23:33 | INFO | SCORING_PIPELINE_DONE | activity=shuttle_run | score=12.00 | category=Average | duration=14.66 | candidate_id=DC9E5727FD
2026-03-16 16:23:33 | INFO | SCORING_DONE | activity=shuttle_run | candidate_id=DC9E5727FD | score=12.0 | category=Average
2026-03-16 16:23:34 | INFO | MONGO_CONNECT_OK | db=FitQuest_Physical_database | activity=shuttle_run | candidate_id=DC9E5727FD
2026-03-16 16:23:34 | INFO | MONGO_WRITE_OK | collection=users | candidate_id=DC9E5727FD
2026-03-16 16:23:34 | INFO | MONGO_WRITE_OK | collection=children | candidate_id=DC9E5727FD
2026-03-16 16:23:34 | INFO | MONGO_WRITE_OK | collection=shuttle_run_results | candidate_id=DC9E5727FD
2026-03-16 16:23:34 | INFO | MONGO_WRITE_OK | collection=shuttle_run_calculation_variables | candidate_id=DC9E5727FD
2026-03-16 16:23:34 | INFO | MONGO_WRITE_OK | collection=data_storage | candidate_id=DC9E5727FD
2026-03-16 16:23:34 | INFO | MONGO_SAVE_OK | activity=shuttle_run | candidate_id=DC9E5727FD | collections=users,children,shuttle_run_results,shuttle_run_calculation_variables,data_storage
2026-03-16 16:23:34 | INFO | REQUEST_DONE | activity=shuttle_run | candidate_id=DC9E5727FD | saved_json=common_backend\results\scores.json
2026-03-16 16:24:44 | INFO | SCORING_PIPELINE_DONE | activity=high_knee_jump | score=2.00 | category=Poor | duration=86.33 | candidate_id=DCF837D335
2026-03-16 16:24:44 | INFO | SCORING_DONE | activity=high_knee_jump | candidate_id=DCF837D335 | score=2.0 | category=Poor
2026-03-16 16:24:44 | INFO | MONGO_CONNECT_OK | db=FitQuest_Physical_database | activity=high_knee_jump | candidate_id=DCF837D335
2026-03-16 16:24:44 | INFO | MONGO_WRITE_OK | collection=users | candidate_id=DCF837D335
2026-03-16 16:24:44 | INFO | MONGO_WRITE_OK | collection=children | candidate_id=DCF837D335
2026-03-16 16:24:44 | INFO | MONGO_WRITE_OK | collection=high_knee_jump_results | candidate_id=DCF837D335
2026-03-16 16:24:44 | INFO | MONGO_WRITE_OK | collection=high_knee_jump_calculation_variables | candidate_id=DCF837D335
2026-03-16 16:24:44 | INFO | MONGO_WRITE_OK | collection=data_storage | candidate_id=DCF837D335
2026-03-16 16:24:44 | INFO | MONGO_SAVE_OK | activity=high_knee_jump | candidate_id=DCF837D335 | collections=users,children,high_knee_jump_results,high_knee_jump_calculation_variables,data_storage
2026-03-16 16:24:44 | INFO | REQUEST_DONE | activity=high_knee_jump | candidate_id=DCF837D335 | saved_json=common_backend\results\scores.json
2026-03-16 16:24:55 | INFO | SCORING_PIPELINE_DONE | activity=high_knee_jump | score=2.00 | category=Poor | duration=86.33 | candidate_id=DC68E7F098
2026-03-16 16:24:55 | INFO | SCORING_DONE | activity=high_knee_jump | candidate_id=DC68E7F098 | score=2.0 | category=Poor
2026-03-16 16:24:55 | INFO | MONGO_CONNECT_OK | db=FitQuest_Physical_database | activity=high_knee_jump | candidate_id=DC68E7F098
2026-03-16 16:24:55 | INFO | MONGO_WRITE_OK | collection=users | candidate_id=DC68E7F098
2026-03-16 16:24:55 | INFO | MONGO_WRITE_OK | collection=children | candidate_id=DC68E7F098
2026-03-16 16:24:55 | INFO | MONGO_WRITE_OK | collection=high_knee_jump_results | candidate_id=DC68E7F098
2026-03-16 16:24:55 | INFO | MONGO_WRITE_OK | collection=high_knee_jump_calculation_variables | candidate_id=DC68E7F098
2026-03-16 16:24:55 | INFO | MONGO_WRITE_OK | collection=data_storage | candidate_id=DC68E7F098
2026-03-16 16:24:55 | INFO | MONGO_SAVE_OK | activity=high_knee_jump | candidate_id=DC68E7F098 | collections=users,children,high_knee_jump_results,high_knee_jump_calculation_variables,data_storage
2026-03-16 16:24:55 | INFO | REQUEST_DONE | activity=high_knee_jump | candidate_id=DC68E7F098 | saved_json=common_backend\results\scores.json
2026-03-16 16:29:12 | INFO | REQUEST_START | activity=shuttle_run | age_group=14-18 | age=14 | name=sdcv
2026-03-16 16:29:12 | INFO | VIDEO_SAVED | activity=shuttle_run | video_path=common_backend\uploads\14-18\shuttle_run\20260316_105912_sdcv_b7a535df.mp4
2026-03-16 16:29:12 | INFO | SCORING_PIPELINE_START | activity=shuttle_run | age_group=14-18 | candidate_id=DC7F1777D1
2026-03-16 16:29:12 | INFO | CONE_DETECTION_STAGE_START | activity=shuttle_run | age_group=14-18 | candidate_id=DC7F1777D1
2026-03-16 16:29:12 | INFO | SHUTTLE_RUN_INPUT_READ_START | candidate_id=DC7F1777D1 | age_group=14-18 | video_path=common_backend\uploads\14-18\shuttle_run\20260316_105912_sdcv_b7a535df.mp4
2026-03-16 16:29:12 | INFO | SHUTTLE_RUN_INPUT_READ_DONE | candidate_id=DC7F1777D1 | duration=13.69
2026-03-16 16:29:12 | INFO | SHUTTLE_RUN_CONE_DETECTION_EXECUTE | candidate_id=DC7F1777D1 | age_group=14-18
2026-03-16 16:29:19 | INFO | REQUEST_START | activity=high_knee_jump | age_group=6-9 | age=6 | name=abcd
2026-03-16 16:29:19 | INFO | VIDEO_SAVED | activity=high_knee_jump | video_path=common_backend\uploads\6-9\high_knee_jump\20260316_105919_abcd_97eb971b.mp4
2026-03-16 16:29:20 | INFO | SCORING_PIPELINE_START | activity=high_knee_jump | age_group=6-9 | candidate_id=DC77878BD7
2026-03-16 16:29:21 | ERROR | SCORING_PIPELINE_FAIL | activity=high_knee_jump | age_group=6-9 | candidate_id=DC77878BD7 | error=OpenCV(4.13.0) D:\a\opencv-python\opencv-python\opencv\modules\highgui\src\window_w32.cpp:1473: error: (-27:Null pointer) NULL window: 'Resized Window' in function 'cvResizeWindow'
Traceback (most recent call last):
  File "D:\NayanDC\Physical_projects\common_backend\scoring.py", line 166, in score_activity_video
    calculation = calculator(
  File "D:\NayanDC\Physical_projects\high_knee_jump\common_calculation.py", line 24, in calculate_high_knee_jump
    raw = run_high_knee_jump(
  File "D:\NayanDC\Physical_projects\high_knee_jump\runtime.py", line 187, in run_high_knee_jump
    return run_common(
  File "D:\NayanDC\Physical_projects\high_knee_jump\runtime.py", line 167, in run_common
    return run_primary(
  File "D:\NayanDC\Physical_projects\high_knee_jump\runtime.py", line 155, in run_primary
    return fn(**kwargs)
  File "D:\NayanDC\Physical_projects\ages_6-9\high_knee\high_knee.py", line 534, in high_knee_jump
    cv2.resizeWindow("Resized Window", 900, 800)
cv2.error: OpenCV(4.13.0) D:\a\opencv-python\opencv-python\opencv\modules\highgui\src\window_w32.cpp:1473: error: (-27:Null pointer) NULL window: 'Resized Window' in function 'cvResizeWindow'

2026-03-16 16:29:38 | INFO | SCORING_FALLBACK_USED | activity=high_knee_jump | duration=86.33 | motion_ratio=0.6933 | score=10.87 | category=Average
2026-03-16 16:29:38 | INFO | SCORING_DONE | activity=high_knee_jump | candidate_id=DC77878BD7 | score=10.87 | category=Average
2026-03-16 16:29:38 | INFO | MONGO_CONNECT_OK | db=FitQuest_Physical_database | activity=high_knee_jump | candidate_id=DC77878BD7
2026-03-16 16:29:38 | INFO | MONGO_WRITE_OK | collection=users | candidate_id=DC77878BD7
2026-03-16 16:29:38 | INFO | MONGO_WRITE_OK | collection=children | candidate_id=DC77878BD7
2026-03-16 16:29:38 | INFO | MONGO_WRITE_OK | collection=high_knee_jump_results | candidate_id=DC77878BD7
2026-03-16 16:29:38 | INFO | MONGO_WRITE_OK | collection=high_knee_jump_calculation_variables | candidate_id=DC77878BD7
2026-03-16 16:29:38 | INFO | MONGO_WRITE_OK | collection=data_storage | candidate_id=DC77878BD7
2026-03-16 16:29:38 | INFO | MONGO_SAVE_OK | activity=high_knee_jump | candidate_id=DC77878BD7 | collections=users,children,high_knee_jump_results,high_knee_jump_calculation_variables,data_storage
2026-03-16 16:29:38 | INFO | REQUEST_DONE | activity=high_knee_jump | candidate_id=DC77878BD7 | saved_json=common_backend\results\scores.json
2026-03-16 16:30:33 | ERROR | SCORING_PIPELINE_FAIL | activity=shuttle_run | age_group=14-18 | candidate_id=DC7F1777D1 | error='<' not supported between instances of 'NoneType' and 'int'
Traceback (most recent call last):
  File "D:\NayanDC\Physical_projects\common_backend\scoring.py", line 166, in score_activity_video
    calculation = calculator(
  File "D:\NayanDC\Physical_projects\shuttle_run\common_calculation.py", line 43, in calculate_shuttle_run
    raw = run_shuttle_run(
  File "D:\NayanDC\Physical_projects\shuttle_run\runtime.py", line 187, in run_shuttle_run
    return run_common(
  File "D:\NayanDC\Physical_projects\shuttle_run\runtime.py", line 167, in run_common
    return run_primary(
  File "D:\NayanDC\Physical_projects\shuttle_run\runtime.py", line 155, in run_primary
    return fn(**kwargs)
  File "D:\NayanDC\Physical_projects\ages_14-18\shuttle_run\shuttle_run.py", line 556, in shuttle_run
    category = predict_category(_score, lap_time_score)
  File "D:\NayanDC\Physical_projects\ages_14-18\shuttle_run\shuttle_run.py", line 268, in predict_category
    if lap_time_score < 0: lap_time_score = 0
TypeError: '<' not supported between instances of 'NoneType' and 'int'
2026-03-16 16:30:41 | INFO | SCORING_FALLBACK_USED | activity=shuttle_run | duration=13.69 | motion_ratio=0.1698 | score=13.80 | category=Above Average
2026-03-16 16:30:41 | INFO | SCORING_DONE | activity=shuttle_run | candidate_id=DC7F1777D1 | score=13.8 | category=Above Average
2026-03-16 16:30:41 | INFO | MONGO_CONNECT_OK | db=FitQuest_Physical_database | activity=shuttle_run | candidate_id=DC7F1777D1
2026-03-16 16:30:41 | INFO | MONGO_WRITE_OK | collection=users | candidate_id=DC7F1777D1
2026-03-16 16:30:41 | INFO | MONGO_WRITE_OK | collection=children | candidate_id=DC7F1777D1
2026-03-16 16:30:41 | INFO | MONGO_WRITE_OK | collection=shuttle_run_results | candidate_id=DC7F1777D1
2026-03-16 16:30:41 | INFO | MONGO_WRITE_OK | collection=shuttle_run_calculation_variables | candidate_id=DC7F1777D1
2026-03-16 16:30:41 | INFO | MONGO_WRITE_OK | collection=data_storage | candidate_id=DC7F1777D1
2026-03-16 16:30:41 | INFO | MONGO_SAVE_OK | activity=shuttle_run | candidate_id=DC7F1777D1 | collections=users,children,shuttle_run_results,shuttle_run_calculation_variables,data_storage
2026-03-16 16:30:41 | INFO | REQUEST_DONE | activity=shuttle_run | candidate_id=DC7F1777D1 | saved_json=common_backend\results\scores.json
2026-03-16 16:31:07 | INFO | REQUEST_START | activity=high_knee_jump | age_group=6-9 | age=6 | name=asd
2026-03-16 16:31:07 | INFO | VIDEO_SAVED | activity=high_knee_jump | video_path=common_backend\uploads\6-9\high_knee_jump\20260316_110107_asd_6a0a72bc.mp4
2026-03-16 16:31:07 | INFO | SCORING_PIPELINE_START | activity=high_knee_jump | age_group=6-9 | candidate_id=DC0E22528C
2026-03-16 16:31:07 | ERROR | SCORING_PIPELINE_FAIL | activity=high_knee_jump | age_group=6-9 | candidate_id=DC0E22528C | error=OpenCV(4.13.0) D:\a\opencv-python\opencv-python\opencv\modules\highgui\src\window_w32.cpp:1473: error: (-27:Null pointer) NULL window: 'Resized Window' in function 'cvResizeWindow'
Traceback (most recent call last):
  File "D:\NayanDC\Physical_projects\common_backend\scoring.py", line 166, in score_activity_video
    calculation = calculator(
  File "D:\NayanDC\Physical_projects\high_knee_jump\common_calculation.py", line 24, in calculate_high_knee_jump
    raw = run_high_knee_jump(
  File "D:\NayanDC\Physical_projects\high_knee_jump\runtime.py", line 187, in run_high_knee_jump
    return run_common(
  File "D:\NayanDC\Physical_projects\high_knee_jump\runtime.py", line 167, in run_common
    return run_primary(
  File "D:\NayanDC\Physical_projects\high_knee_jump\runtime.py", line 155, in run_primary
    return fn(**kwargs)
  File "D:\NayanDC\Physical_projects\ages_6-9\high_knee\high_knee.py", line 534, in high_knee_jump
    cv2.resizeWindow("Resized Window", 900, 800)
cv2.error: OpenCV(4.13.0) D:\a\opencv-python\opencv-python\opencv\modules\highgui\src\window_w32.cpp:1473: error: (-27:Null pointer) NULL window: 'Resized Window' in function 'cvResizeWindow'

2026-03-16 16:31:18 | INFO | SCORING_FALLBACK_USED | activity=high_knee_jump | duration=86.33 | motion_ratio=0.6933 | score=10.87 | category=Average
2026-03-16 16:31:18 | INFO | SCORING_DONE | activity=high_knee_jump | candidate_id=DC0E22528C | score=10.87 | category=Average
2026-03-16 16:31:18 | INFO | MONGO_CONNECT_OK | db=FitQuest_Physical_database | activity=high_knee_jump | candidate_id=DC0E22528C
2026-03-16 16:31:18 | INFO | MONGO_WRITE_OK | collection=users | candidate_id=DC0E22528C
2026-03-16 16:31:18 | INFO | MONGO_WRITE_OK | collection=children | candidate_id=DC0E22528C
2026-03-16 16:31:18 | INFO | MONGO_WRITE_OK | collection=high_knee_jump_results | candidate_id=DC0E22528C
2026-03-16 16:31:18 | INFO | MONGO_WRITE_OK | collection=high_knee_jump_calculation_variables | candidate_id=DC0E22528C
2026-03-16 16:31:18 | INFO | MONGO_WRITE_OK | collection=data_storage | candidate_id=DC0E22528C
2026-03-16 16:31:18 | INFO | MONGO_SAVE_OK | activity=high_knee_jump | candidate_id=DC0E22528C | collections=users,children,high_knee_jump_results,high_knee_jump_calculation_variables,data_storage
2026-03-16 16:31:18 | INFO | REQUEST_DONE | activity=high_knee_jump | candidate_id=DC0E22528C | saved_json=common_backend\results\scores.json
2026-03-16 16:31:29 | INFO | REQUEST_START | activity=high_knee_jump | age_group=6-9 | age=6 | name=asd
2026-03-16 16:31:29 | INFO | VIDEO_SAVED | activity=high_knee_jump | video_path=common_backend\uploads\6-9\high_knee_jump\20260316_110129_asd_a7258fec.mp4
2026-03-16 16:31:29 | INFO | SCORING_PIPELINE_START | activity=high_knee_jump | age_group=6-9 | candidate_id=DC840BE491
2026-03-16 17:06:15 | INFO | REQUEST_START | activity=shuttle_run | age_group=14-18 | age=14 | name=sdb
2026-03-16 17:06:15 | INFO | VIDEO_SAVED | activity=shuttle_run | video_path=common_backend\uploads\14-18\shuttle_run\20260316_113615_sdb_486d15bb.mp4
2026-03-16 17:06:15 | INFO | SCORING_PIPELINE_START | activity=shuttle_run | age_group=14-18 | candidate_id=DC9F77A33A
2026-03-16 17:06:15 | INFO | CONE_DETECTION_STAGE_START | activity=shuttle_run | age_group=14-18 | candidate_id=DC9F77A33A
2026-03-16 17:06:15 | INFO | SHUTTLE_RUN_INPUT_READ_START | candidate_id=DC9F77A33A | age_group=14-18 | video_path=common_backend\uploads\14-18\shuttle_run\20260316_113615_sdb_486d15bb.mp4
2026-03-16 17:06:15 | INFO | SHUTTLE_RUN_INPUT_READ_DONE | candidate_id=DC9F77A33A | duration=14.66
2026-03-16 17:06:15 | INFO | SHUTTLE_RUN_CONE_DETECTION_EXECUTE | candidate_id=DC9F77A33A | age_group=14-18
2026-03-16 17:08:48 | ERROR | SCORING_PIPELINE_FAIL | activity=shuttle_run | age_group=14-18 | candidate_id=DC9F77A33A | error='<' not supported between instances of 'NoneType' and 'int'
Traceback (most recent call last):
  File "D:\NayanDC\Physical_projects\common_backend\scoring.py", line 166, in score_activity_video
    calculation = calculator(
  File "D:\NayanDC\Physical_projects\shuttle_run\common_calculation.py", line 43, in calculate_shuttle_run
    raw = run_shuttle_run(
  File "D:\NayanDC\Physical_projects\shuttle_run\runtime.py", line 187, in run_shuttle_run
    return run_common(
  File "D:\NayanDC\Physical_projects\shuttle_run\runtime.py", line 167, in run_common
    return run_primary(
  File "D:\NayanDC\Physical_projects\shuttle_run\runtime.py", line 155, in run_primary
    return fn(**kwargs)
  File "D:\NayanDC\Physical_projects\ages_14-18\shuttle_run\shuttle_run.py", line 556, in shuttle_run
    category = predict_category(_score, lap_time_score)
  File "D:\NayanDC\Physical_projects\ages_14-18\shuttle_run\shuttle_run.py", line 268, in predict_category
    if lap_time_score < 0: lap_time_score = 0
TypeError: '<' not supported between instances of 'NoneType' and 'int'
2026-03-16 17:08:53 | INFO | SCORING_FALLBACK_USED | activity=shuttle_run | duration=14.66 | motion_ratio=0.1346 | score=14.49 | category=Above Average
2026-03-16 17:08:53 | INFO | SCORING_DONE | activity=shuttle_run | candidate_id=DC9F77A33A | score=14.49 | category=Above Average
2026-03-16 17:08:54 | INFO | MONGO_CONNECT_OK | db=FitQuest_Physical_database | activity=shuttle_run | candidate_id=DC9F77A33A
2026-03-16 17:08:54 | INFO | MONGO_WRITE_OK | collection=users | candidate_id=DC9F77A33A
2026-03-16 17:08:54 | INFO | MONGO_WRITE_OK | collection=children | candidate_id=DC9F77A33A
2026-03-16 17:08:54 | INFO | MONGO_WRITE_OK | collection=shuttle_run_results | candidate_id=DC9F77A33A
2026-03-16 17:08:54 | INFO | MONGO_WRITE_OK | collection=shuttle_run_calculation_variables | candidate_id=DC9F77A33A
2026-03-16 17:08:54 | INFO | MONGO_WRITE_OK | collection=data_storage | candidate_id=DC9F77A33A
2026-03-16 17:08:54 | INFO | MONGO_SAVE_OK | activity=shuttle_run | candidate_id=DC9F77A33A | collections=users,children,shuttle_run_results,shuttle_run_calculation_variables,data_storage
2026-03-16 17:08:54 | INFO | REQUEST_DONE | activity=shuttle_run | candidate_id=DC9F77A33A | saved_json=common_backend\results\scores.json
2026-03-16 17:10:34 | INFO | REQUEST_START | activity=sprint_run_20m | age_group=14-18 | age=15 | name=sdb
2026-03-16 17:10:34 | INFO | VIDEO_SAVED | activity=sprint_run_20m | video_path=common_backend\uploads\14-18\sprint_run_20m\20260316_114034_sdb_df2b0e19.mp4
2026-03-16 17:10:34 | INFO | SCORING_PIPELINE_START | activity=sprint_run_20m | age_group=14-18 | candidate_id=DC1E8858D7
2026-03-16 17:11:28 | INFO | SCORING_PIPELINE_DONE | activity=sprint_run_20m | score=4.86 | category=Poor | duration=4.22 | candidate_id=DC1E8858D7
2026-03-16 17:11:28 | INFO | SCORING_DONE | activity=sprint_run_20m | candidate_id=DC1E8858D7 | score=4.86 | category=Poor
2026-03-16 17:11:28 | INFO | MONGO_CONNECT_OK | db=FitQuest_Physical_database | activity=sprint_run_20m | candidate_id=DC1E8858D7
2026-03-16 17:11:28 | INFO | MONGO_WRITE_OK | collection=users | candidate_id=DC1E8858D7
2026-03-16 17:11:28 | INFO | MONGO_WRITE_OK | collection=children | candidate_id=DC1E8858D7
2026-03-16 17:11:28 | INFO | MONGO_WRITE_OK | collection=sprint_run_20m_results | candidate_id=DC1E8858D7
2026-03-16 17:11:28 | INFO | MONGO_WRITE_OK | collection=sprint_run_20m_calculation_variables | candidate_id=DC1E8858D7
2026-03-16 17:11:28 | INFO | MONGO_WRITE_OK | collection=data_storage | candidate_id=DC1E8858D7
2026-03-16 17:11:28 | INFO | MONGO_SAVE_OK | activity=sprint_run_20m | candidate_id=DC1E8858D7 | collections=users,children,sprint_run_20m_results,sprint_run_20m_calculation_variables,data_storage
2026-03-16 17:11:28 | INFO | REQUEST_DONE | activity=sprint_run_20m | candidate_id=DC1E8858D7 | saved_json=common_backend\results\scores.json
2026-03-16 17:48:10 | INFO | REQUEST_START | activity=shuttle_run | age_group=10-13 | age=11 | name=asdsf
2026-03-16 17:48:10 | INFO | VIDEO_SAVED | activity=shuttle_run | video_path=common_backend\uploads\10-13\shuttle_run\20260316_121810_asdsf_d6c879ca.mp4
2026-03-16 17:48:11 | INFO | SCORING_PIPELINE_START | activity=shuttle_run | age_group=10-13 | candidate_id=DC10928290
2026-03-16 17:48:11 | INFO | CONE_DETECTION_STAGE_START | activity=shuttle_run | age_group=10-13 | candidate_id=DC10928290
2026-03-16 17:48:11 | INFO | SHUTTLE_RUN_INPUT_READ_START | candidate_id=DC10928290 | age_group=10-13 | video_path=common_backend\uploads\10-13\shuttle_run\20260316_121810_asdsf_d6c879ca.mp4
2026-03-16 17:48:11 | INFO | SHUTTLE_RUN_INPUT_READ_DONE | candidate_id=DC10928290 | duration=14.66
2026-03-16 17:48:11 | INFO | SHUTTLE_RUN_CONE_DETECTION_EXECUTE | candidate_id=DC10928290 | age_group=10-13
2026-03-16 17:50:21 | INFO | SHUTTLE_RUN_SCORE_COMPUTED | candidate_id=DC10928290 | raw_score=12.00 | adjusted_score=12.00 | category=Average
2026-03-16 17:50:21 | INFO | CONE_DETECTION_STAGE_DONE | activity=shuttle_run | score=12.00 | category=Average | candidate_id=DC10928290
2026-03-16 17:50:21 | INFO | SCORING_PIPELINE_DONE | activity=shuttle_run | score=12.00 | category=Average | duration=14.66 | candidate_id=DC10928290
2026-03-16 17:50:21 | INFO | SCORING_DONE | activity=shuttle_run | candidate_id=DC10928290 | score=12.0 | category=Average
2026-03-16 17:50:22 | INFO | MONGO_CONNECT_OK | db=FitQuest_Physical_database | activity=shuttle_run | candidate_id=DC10928290
2026-03-16 17:50:22 | INFO | MONGO_WRITE_OK | collection=users | candidate_id=DC10928290
2026-03-16 17:50:22 | INFO | MONGO_WRITE_OK | collection=children | candidate_id=DC10928290
2026-03-16 17:50:22 | INFO | MONGO_WRITE_OK | collection=shuttle_run_results | candidate_id=DC10928290
2026-03-16 17:50:22 | INFO | MONGO_WRITE_OK | collection=shuttle_run_calculation_variables | candidate_id=DC10928290
2026-03-16 17:50:22 | INFO | MONGO_WRITE_OK | collection=data_storage | candidate_id=DC10928290
2026-03-16 17:50:22 | INFO | MONGO_SAVE_OK | activity=shuttle_run | candidate_id=DC10928290 | collections=users,children,shuttle_run_results,shuttle_run_calculation_variables,data_storage
2026-03-16 17:50:22 | INFO | REQUEST_DONE | activity=shuttle_run | candidate_id=DC10928290 | saved_json=common_backend\results\scores.json
2026-03-16 18:00:11 | INFO | REQUEST_START | activity=shuttle_run | age_group=14-18 | age=14 | name=cv
2026-03-16 18:00:11 | INFO | VIDEO_SAVED | activity=shuttle_run | video_path=common_backend\uploads\14-18\shuttle_run\20260316_123011_cv_111124ec.mp4
2026-03-16 18:00:11 | INFO | SCORING_PIPELINE_START | activity=shuttle_run | age_group=14-18 | candidate_id=DCC42D4790
2026-03-16 18:00:11 | INFO | CONE_DETECTION_STAGE_START | activity=shuttle_run | age_group=14-18 | candidate_id=DCC42D4790
2026-03-16 18:00:11 | INFO | SHUTTLE_RUN_INPUT_READ_START | candidate_id=DCC42D4790 | age_group=14-18 | video_path=common_backend\uploads\14-18\shuttle_run\20260316_123011_cv_111124ec.mp4
2026-03-16 18:00:11 | INFO | SHUTTLE_RUN_INPUT_READ_DONE | candidate_id=DCC42D4790 | duration=14.66
2026-03-16 18:00:11 | INFO | SHUTTLE_RUN_CONE_DETECTION_EXECUTE | candidate_id=DCC42D4790 | age_group=14-18
2026-03-16 18:01:47 | ERROR | SCORING_PIPELINE_FAIL | activity=shuttle_run | age_group=14-18 | candidate_id=DCC42D4790 | error='<' not supported between instances of 'NoneType' and 'int'
Traceback (most recent call last):
  File "D:\NayanDC\Physical_projects\common_backend\scoring.py", line 166, in score_activity_video
    calculation = calculator(
  File "D:\NayanDC\Physical_projects\shuttle_run\common_calculation.py", line 43, in calculate_shuttle_run
    raw = run_shuttle_run(
  File "D:\NayanDC\Physical_projects\shuttle_run\runtime.py", line 187, in run_shuttle_run
    return run_common(
  File "D:\NayanDC\Physical_projects\shuttle_run\runtime.py", line 167, in run_common
    return run_primary(
  File "D:\NayanDC\Physical_projects\shuttle_run\runtime.py", line 155, in run_primary
    return fn(**kwargs)
  File "D:\NayanDC\Physical_projects\ages_14-18\shuttle_run\shuttle_run.py", line 556, in shuttle_run
    category = predict_category(_score, lap_time_score)
  File "D:\NayanDC\Physical_projects\ages_14-18\shuttle_run\shuttle_run.py", line 268, in predict_category
    if lap_time_score < 0: lap_time_score = 0
TypeError: '<' not supported between instances of 'NoneType' and 'int'
2026-03-16 18:01:52 | INFO | SCORING_FALLBACK_USED | activity=shuttle_run | duration=14.66 | motion_ratio=0.1346 | score=14.49 | category=Above Average
2026-03-16 18:01:52 | INFO | SCORING_DONE | activity=shuttle_run | candidate_id=DCC42D4790 | score=14.49 | category=Above Average
2026-03-16 18:01:52 | INFO | MONGO_CONNECT_OK | db=FitQuest_Physical_database | activity=shuttle_run | candidate_id=DCC42D4790
2026-03-16 18:01:52 | INFO | MONGO_WRITE_OK | collection=users | candidate_id=DCC42D4790
2026-03-16 18:01:52 | INFO | MONGO_WRITE_OK | collection=children | candidate_id=DCC42D4790
2026-03-16 18:01:52 | INFO | MONGO_WRITE_OK | collection=shuttle_run_results | candidate_id=DCC42D4790
2026-03-16 18:01:52 | INFO | MONGO_WRITE_OK | collection=shuttle_run_calculation_variables | candidate_id=DCC42D4790
2026-03-16 18:01:52 | INFO | MONGO_WRITE_OK | collection=data_storage | candidate_id=DCC42D4790
2026-03-16 18:01:52 | INFO | MONGO_SAVE_OK | activity=shuttle_run | candidate_id=DCC42D4790 | collections=users,children,shuttle_run_results,shuttle_run_calculation_variables,data_storage
2026-03-16 18:01:52 | INFO | REQUEST_DONE | activity=shuttle_run | candidate_id=DCC42D4790 | saved_json=common_backend\results\scores.json
2026-03-16 18:04:48 | INFO | REQUEST_START | activity=shuttle_run | age_group=14-18 | age=14 | name=cv
2026-03-16 18:04:49 | INFO | VIDEO_SAVED | activity=shuttle_run | video_path=common_backend\uploads\14-18\shuttle_run\20260316_123448_cv_d1080b7d.mp4
2026-03-16 18:04:49 | INFO | SCORING_PIPELINE_START | activity=shuttle_run | age_group=14-18 | candidate_id=DC2D95CAA5
2026-03-16 18:04:49 | INFO | CONE_DETECTION_STAGE_START | activity=shuttle_run | age_group=14-18 | candidate_id=DC2D95CAA5
2026-03-16 18:04:49 | INFO | SHUTTLE_RUN_INPUT_READ_START | candidate_id=DC2D95CAA5 | age_group=14-18 | video_path=common_backend\uploads\14-18\shuttle_run\20260316_123448_cv_d1080b7d.mp4
2026-03-16 18:04:49 | INFO | SHUTTLE_RUN_INPUT_READ_DONE | candidate_id=DC2D95CAA5 | duration=14.66
2026-03-16 18:04:49 | INFO | SHUTTLE_RUN_CONE_DETECTION_EXECUTE | candidate_id=DC2D95CAA5 | age_group=14-18
2026-03-16 18:07:22 | ERROR | SCORING_PIPELINE_FAIL | activity=shuttle_run | age_group=14-18 | candidate_id=DC2D95CAA5 | error='<' not supported between instances of 'NoneType' and 'int'
Traceback (most recent call last):
  File "D:\NayanDC\Physical_projects\common_backend\scoring.py", line 166, in score_activity_video
    calculation = calculator(
  File "D:\NayanDC\Physical_projects\shuttle_run\common_calculation.py", line 43, in calculate_shuttle_run
    raw = run_shuttle_run(
  File "D:\NayanDC\Physical_projects\shuttle_run\runtime.py", line 187, in run_shuttle_run
    return run_common(
  File "D:\NayanDC\Physical_projects\shuttle_run\runtime.py", line 167, in run_common
    return run_primary(
  File "D:\NayanDC\Physical_projects\shuttle_run\runtime.py", line 155, in run_primary
    return fn(**kwargs)
  File "D:\NayanDC\Physical_projects\ages_14-18\shuttle_run\shuttle_run.py", line 556, in shuttle_run
    category = predict_category(_score, lap_time_score)
  File "D:\NayanDC\Physical_projects\ages_14-18\shuttle_run\shuttle_run.py", line 268, in predict_category
    if lap_time_score < 0: lap_time_score = 0
TypeError: '<' not supported between instances of 'NoneType' and 'int'
2026-03-16 18:07:29 | INFO | SCORING_FALLBACK_USED | activity=shuttle_run | duration=14.66 | motion_ratio=0.1346 | score=14.49 | category=Above Average
2026-03-16 18:07:29 | INFO | SCORING_DONE | activity=shuttle_run | candidate_id=DC2D95CAA5 | score=14.49 | category=Above Average
2026-03-16 18:07:29 | INFO | MONGO_CONNECT_OK | db=FitQuest_Physical_database | activity=shuttle_run | candidate_id=DC2D95CAA5
2026-03-16 18:07:29 | INFO | MONGO_WRITE_OK | collection=users | candidate_id=DC2D95CAA5
2026-03-16 18:07:29 | INFO | MONGO_WRITE_OK | collection=children | candidate_id=DC2D95CAA5
2026-03-16 18:07:29 | INFO | MONGO_WRITE_OK | collection=shuttle_run_results | candidate_id=DC2D95CAA5
2026-03-16 18:07:29 | INFO | MONGO_WRITE_OK | collection=shuttle_run_calculation_variables | candidate_id=DC2D95CAA5
2026-03-16 18:07:29 | INFO | MONGO_WRITE_OK | collection=data_storage | candidate_id=DC2D95CAA5
2026-03-16 18:07:29 | INFO | MONGO_SAVE_OK | activity=shuttle_run | candidate_id=DC2D95CAA5 | collections=users,children,shuttle_run_results,shuttle_run_calculation_variables,data_storage
2026-03-16 18:07:29 | INFO | REQUEST_DONE | activity=shuttle_run | candidate_id=DC2D95CAA5 | saved_json=common_backend\results\scores.json
2026-03-16 18:35:07 | INFO | REQUEST_START | activity=shuttle_run | age_group=14-18 | age=14 | name=sd
2026-03-16 18:35:07 | INFO | VIDEO_SAVED | activity=shuttle_run | video_path=common_backend\uploads\14-18\shuttle_run\20260316_130507_sd_61358815.mp4
2026-03-16 18:35:07 | INFO | SCORING_PIPELINE_START | activity=shuttle_run | age_group=14-18 | candidate_id=DC30815433
2026-03-16 18:35:07 | INFO | CONE_DETECTION_STAGE_START | activity=shuttle_run | age_group=14-18 | candidate_id=DC30815433
2026-03-16 18:35:07 | INFO | SHUTTLE_RUN_INPUT_READ_START | candidate_id=DC30815433 | age_group=14-18 | video_path=common_backend\uploads\14-18\shuttle_run\20260316_130507_sd_61358815.mp4
2026-03-16 18:35:07 | INFO | SHUTTLE_RUN_INPUT_READ_DONE | candidate_id=DC30815433 | duration=14.66
2026-03-16 18:35:07 | INFO | SHUTTLE_RUN_CONE_DETECTION_EXECUTE | candidate_id=DC30815433 | age_group=14-18
2026-03-16 18:36:54 | ERROR | SCORING_PIPELINE_FAIL | activity=shuttle_run | age_group=14-18 | candidate_id=DC30815433 | error='<' not supported between instances of 'NoneType' and 'int'
Traceback (most recent call last):
  File "D:\NayanDC\Physical_projects\common_backend\scoring.py", line 166, in score_activity_video
    calculation = calculator(
  File "D:\NayanDC\Physical_projects\shuttle_run\common_calculation.py", line 43, in calculate_shuttle_run
    raw = run_shuttle_run(
  File "D:\NayanDC\Physical_projects\shuttle_run\runtime.py", line 187, in run_shuttle_run
    return run_common(
  File "D:\NayanDC\Physical_projects\shuttle_run\runtime.py", line 167, in run_common
    return run_primary(
  File "D:\NayanDC\Physical_projects\shuttle_run\runtime.py", line 155, in run_primary
    return fn(**kwargs)
  File "D:\NayanDC\Physical_projects\ages_14-18\shuttle_run\shuttle_run.py", line 556, in shuttle_run
    category = predict_category(_score, lap_time_score)
  File "D:\NayanDC\Physical_projects\ages_14-18\shuttle_run\shuttle_run.py", line 268, in predict_category
    if lap_time_score < 0: lap_time_score = 0
TypeError: '<' not supported between instances of 'NoneType' and 'int'
2026-03-16 18:37:00 | INFO | SCORING_FALLBACK_USED | activity=shuttle_run | duration=14.66 | motion_ratio=0.1346 | score=14.49 | category=Above Average
2026-03-16 18:37:00 | INFO | SCORING_DONE | activity=shuttle_run | candidate_id=DC30815433 | score=14.49 | category=Above Average
2026-03-16 18:37:00 | INFO | MONGO_CONNECT_OK | db=FitQuest_Physical_database | activity=shuttle_run | candidate_id=DC30815433
2026-03-16 18:37:00 | INFO | MONGO_WRITE_OK | collection=users | candidate_id=DC30815433
2026-03-16 18:37:00 | INFO | MONGO_WRITE_OK | collection=children | candidate_id=DC30815433
2026-03-16 18:37:00 | INFO | MONGO_WRITE_OK | collection=shuttle_run_results | candidate_id=DC30815433
2026-03-16 18:37:00 | INFO | MONGO_WRITE_OK | collection=shuttle_run_calculation_variables | candidate_id=DC30815433
2026-03-16 18:37:00 | INFO | MONGO_WRITE_OK | collection=data_storage | candidate_id=DC30815433
2026-03-16 18:37:00 | INFO | MONGO_SAVE_OK | activity=shuttle_run | candidate_id=DC30815433 | collections=users,children,shuttle_run_results,shuttle_run_calculation_variables,data_storage
2026-03-16 18:37:00 | INFO | REQUEST_DONE | activity=shuttle_run | candidate_id=DC30815433 | saved_json=common_backend\results\scores.json
2026-03-16 18:39:40 | INFO | REQUEST_START | activity=shuttle_run | age_group=14-18 | age=14 | name=vbnm,.
2026-03-16 18:39:40 | INFO | VIDEO_SAVED | activity=shuttle_run | video_path=common_backend\uploads\14-18\shuttle_run\20260316_130940_vbnm,._a3a964da.mp4
2026-03-16 18:39:40 | INFO | SCORING_PIPELINE_START | activity=shuttle_run | age_group=14-18 | candidate_id=DCD2D7B3D7
2026-03-16 18:39:40 | INFO | CONE_DETECTION_STAGE_START | activity=shuttle_run | age_group=14-18 | candidate_id=DCD2D7B3D7
2026-03-16 18:39:40 | INFO | SHUTTLE_RUN_INPUT_READ_START | candidate_id=DCD2D7B3D7 | age_group=14-18 | video_path=common_backend\uploads\14-18\shuttle_run\20260316_130940_vbnm,._a3a964da.mp4
2026-03-16 18:39:41 | INFO | SHUTTLE_RUN_INPUT_READ_DONE | candidate_id=DCD2D7B3D7 | duration=13.69
2026-03-16 18:39:41 | INFO | SHUTTLE_RUN_CONE_DETECTION_EXECUTE | candidate_id=DCD2D7B3D7 | age_group=14-18
2026-03-16 18:40:15 | ERROR | SCORING_PIPELINE_FAIL | activity=shuttle_run | age_group=14-18 | candidate_id=DCD2D7B3D7 | error='<' not supported between instances of 'NoneType' and 'int'
Traceback (most recent call last):
  File "D:\NayanDC\Physical_projects\common_backend\scoring.py", line 166, in score_activity_video
    calculation = calculator(
  File "D:\NayanDC\Physical_projects\shuttle_run\common_calculation.py", line 43, in calculate_shuttle_run
    raw = run_shuttle_run(
  File "D:\NayanDC\Physical_projects\shuttle_run\runtime.py", line 187, in run_shuttle_run
    return run_common(
  File "D:\NayanDC\Physical_projects\shuttle_run\runtime.py", line 167, in run_common
    return run_primary(
  File "D:\NayanDC\Physical_projects\shuttle_run\runtime.py", line 155, in run_primary
    return fn(**kwargs)
  File "D:\NayanDC\Physical_projects\ages_14-18\shuttle_run\shuttle_run.py", line 556, in shuttle_run
    category = predict_category(_score, lap_time_score)
  File "D:\NayanDC\Physical_projects\ages_14-18\shuttle_run\shuttle_run.py", line 268, in predict_category
    if lap_time_score < 0: lap_time_score = 0
TypeError: '<' not supported between instances of 'NoneType' and 'int'
2026-03-16 18:40:17 | INFO | SCORING_FALLBACK_USED | activity=shuttle_run | duration=13.69 | motion_ratio=0.1698 | score=13.80 | category=Above Average
2026-03-16 18:40:17 | INFO | SCORING_DONE | activity=shuttle_run | candidate_id=DCD2D7B3D7 | score=13.8 | category=Above Average
2026-03-16 18:40:17 | INFO | MONGO_CONNECT_OK | db=FitQuest_Physical_database | activity=shuttle_run | candidate_id=DCD2D7B3D7
2026-03-16 18:40:17 | INFO | MONGO_WRITE_OK | collection=users | candidate_id=DCD2D7B3D7
2026-03-16 18:40:17 | INFO | MONGO_WRITE_OK | collection=children | candidate_id=DCD2D7B3D7
2026-03-16 18:40:17 | INFO | MONGO_WRITE_OK | collection=shuttle_run_results | candidate_id=DCD2D7B3D7
2026-03-16 18:40:17 | INFO | MONGO_WRITE_OK | collection=shuttle_run_calculation_variables | candidate_id=DCD2D7B3D7
2026-03-16 18:40:17 | INFO | MONGO_WRITE_OK | collection=data_storage | candidate_id=DCD2D7B3D7
2026-03-16 18:40:17 | INFO | MONGO_SAVE_OK | activity=shuttle_run | candidate_id=DCD2D7B3D7 | collections=users,children,shuttle_run_results,shuttle_run_calculation_variables,data_storage
2026-03-16 18:40:17 | INFO | REQUEST_DONE | activity=shuttle_run | candidate_id=DCD2D7B3D7 | saved_json=common_backend\results\scores.json
2026-03-17 11:47:16 | INFO | REQUEST_START | activity=high_knee_jump | age_group=6-9 | age=6 | name=SV
2026-03-17 11:47:16 | INFO | VIDEO_SAVED | activity=high_knee_jump | video_path=common_backend\uploads\6-9\high_knee_jump\20260317_061716_SV_628a4d83.mp4
2026-03-17 11:47:18 | INFO | SCORING_PIPELINE_START | activity=high_knee_jump | age_group=6-9 | candidate_id=DC1E50274A
2026-03-17 11:47:55 | INFO | SCORING_PIPELINE_DONE | activity=high_knee_jump | score=1.50 | category=Poor | duration=3.40 | candidate_id=DC1E50274A
2026-03-17 11:47:55 | INFO | SCORING_DONE | activity=high_knee_jump | candidate_id=DC1E50274A | score=1.5 | category=Poor
2026-03-17 11:47:56 | INFO | MONGO_CONNECT_OK | db=FitQuest_Physical_database | activity=high_knee_jump | candidate_id=DC1E50274A
2026-03-17 11:47:56 | INFO | MONGO_WRITE_OK | collection=users | candidate_id=DC1E50274A
2026-03-17 11:47:56 | INFO | MONGO_WRITE_OK | collection=children | candidate_id=DC1E50274A
2026-03-17 11:47:56 | INFO | MONGO_WRITE_OK | collection=high_knee_jump_results | candidate_id=DC1E50274A
2026-03-17 11:47:56 | INFO | MONGO_WRITE_OK | collection=high_knee_jump_calculation_variables | candidate_id=DC1E50274A
2026-03-17 11:47:56 | INFO | MONGO_WRITE_OK | collection=data_storage | candidate_id=DC1E50274A
2026-03-17 11:47:56 | INFO | MONGO_SAVE_OK | activity=high_knee_jump | candidate_id=DC1E50274A | collections=users,children,high_knee_jump_results,high_knee_jump_calculation_variables,data_storage
2026-03-17 11:47:56 | INFO | REQUEST_DONE | activity=high_knee_jump | candidate_id=DC1E50274A | saved_json=common_backend\results\scores.json
2026-03-17 11:49:58 | INFO | REQUEST_START | activity=shuttle_run | age_group=14-18 | age=16 | name=QWEDGM
2026-03-17 11:49:58 | INFO | VIDEO_SAVED | activity=shuttle_run | video_path=common_backend\uploads\14-18\shuttle_run\20260317_061958_QWEDGM_6fb656da.mp4
2026-03-17 11:49:58 | INFO | SCORING_PIPELINE_START | activity=shuttle_run | age_group=14-18 | candidate_id=DCE43D914B
2026-03-17 11:49:58 | INFO | CONE_DETECTION_STAGE_START | activity=shuttle_run | age_group=14-18 | candidate_id=DCE43D914B
2026-03-17 11:49:58 | INFO | SHUTTLE_RUN_INPUT_READ_START | candidate_id=DCE43D914B | age_group=14-18 | video_path=common_backend\uploads\14-18\shuttle_run\20260317_061958_QWEDGM_6fb656da.mp4
2026-03-17 11:49:59 | INFO | SHUTTLE_RUN_INPUT_READ_DONE | candidate_id=DCE43D914B | duration=3.40
2026-03-17 11:49:59 | INFO | SHUTTLE_RUN_CONE_DETECTION_EXECUTE | candidate_id=DCE43D914B | age_group=14-18
2026-03-17 11:51:38 | ERROR | SCORING_PIPELINE_FAIL | activity=shuttle_run | age_group=14-18 | candidate_id=DCE43D914B | error='<' not supported between instances of 'NoneType' and 'int'
Traceback (most recent call last):
  File "D:\NayanDC\Physical_projects\common_backend\scoring.py", line 166, in score_activity_video
    calculation = calculator(
  File "D:\NayanDC\Physical_projects\shuttle_run\common_calculation.py", line 43, in calculate_shuttle_run
    raw = run_shuttle_run(
  File "D:\NayanDC\Physical_projects\shuttle_run\runtime.py", line 187, in run_shuttle_run
    return run_common(
  File "D:\NayanDC\Physical_projects\shuttle_run\runtime.py", line 167, in run_common
    return run_primary(
  File "D:\NayanDC\Physical_projects\shuttle_run\runtime.py", line 155, in run_primary
    return fn(**kwargs)
  File "D:\NayanDC\Physical_projects\ages_14-18\shuttle_run\shuttle_run.py", line 556, in shuttle_run
    category = predict_category(_score, lap_time_score)
  File "D:\NayanDC\Physical_projects\ages_14-18\shuttle_run\shuttle_run.py", line 268, in predict_category
    if lap_time_score < 0: lap_time_score = 0
TypeError: '<' not supported between instances of 'NoneType' and 'int'
2026-03-17 11:51:41 | INFO | SCORING_FALLBACK_USED | activity=shuttle_run | duration=3.40 | motion_ratio=0.3163 | score=5.07 | category=Below Average
2026-03-17 11:51:41 | INFO | SCORING_DONE | activity=shuttle_run | candidate_id=DCE43D914B | score=5.07 | category=Below Average
2026-03-17 11:51:41 | INFO | MONGO_CONNECT_OK | db=FitQuest_Physical_database | activity=shuttle_run | candidate_id=DCE43D914B
2026-03-17 11:51:41 | INFO | MONGO_WRITE_OK | collection=users | candidate_id=DCE43D914B
2026-03-17 11:51:41 | INFO | MONGO_WRITE_OK | collection=children | candidate_id=DCE43D914B
2026-03-17 11:51:41 | INFO | MONGO_WRITE_OK | collection=shuttle_run_results | candidate_id=DCE43D914B
2026-03-17 11:51:41 | INFO | MONGO_WRITE_OK | collection=shuttle_run_calculation_variables | candidate_id=DCE43D914B
2026-03-17 11:51:41 | INFO | MONGO_WRITE_OK | collection=data_storage | candidate_id=DCE43D914B
2026-03-17 11:51:41 | INFO | MONGO_SAVE_OK | activity=shuttle_run | candidate_id=DCE43D914B | collections=users,children,shuttle_run_results,shuttle_run_calculation_variables,data_storage
2026-03-17 11:51:41 | INFO | REQUEST_DONE | activity=shuttle_run | candidate_id=DCE43D914B | saved_json=common_backend\results\scores.json
2026-03-17 12:04:51 | INFO | REQUEST_START | activity=shuttle_run | age_group=6-9 | age=7 | name=ZXCVB
2026-03-17 12:04:51 | INFO | VIDEO_SAVED | activity=shuttle_run | video_path=common_backend\uploads\6-9\shuttle_run\20260317_063451_ZXCVB_fd218066.mp4
2026-03-17 12:04:51 | INFO | SCORING_PIPELINE_START | activity=shuttle_run | age_group=6-9 | candidate_id=DC302A783C
2026-03-17 12:04:51 | INFO | CONE_DETECTION_STAGE_START | activity=shuttle_run | age_group=6-9 | candidate_id=DC302A783C
2026-03-17 12:04:51 | INFO | SHUTTLE_RUN_INPUT_READ_START | candidate_id=DC302A783C | age_group=6-9 | video_path=common_backend\uploads\6-9\shuttle_run\20260317_063451_ZXCVB_fd218066.mp4
2026-03-17 12:04:52 | INFO | SHUTTLE_RUN_INPUT_READ_DONE | candidate_id=DC302A783C | duration=14.66
2026-03-17 12:04:52 | INFO | SHUTTLE_RUN_CONE_DETECTION_EXECUTE | candidate_id=DC302A783C | age_group=6-9
2026-03-17 12:08:52 | INFO | SHUTTLE_RUN_SCORE_COMPUTED | candidate_id=DC302A783C | raw_score=12.00 | adjusted_score=12.00 | category=Average
2026-03-17 12:08:52 | INFO | CONE_DETECTION_STAGE_DONE | activity=shuttle_run | score=12.00 | category=Average | candidate_id=DC302A783C
2026-03-17 12:08:52 | INFO | SCORING_PIPELINE_DONE | activity=shuttle_run | score=12.00 | category=Average | duration=14.66 | candidate_id=DC302A783C
2026-03-17 12:08:52 | INFO | SCORING_DONE | activity=shuttle_run | candidate_id=DC302A783C | score=12.0 | category=Average
2026-03-17 12:08:52 | INFO | MONGO_CONNECT_OK | db=FitQuest_Physical_database | activity=shuttle_run | candidate_id=DC302A783C
2026-03-17 12:08:52 | INFO | MONGO_WRITE_OK | collection=users | candidate_id=DC302A783C
2026-03-17 12:08:52 | INFO | MONGO_WRITE_OK | collection=children | candidate_id=DC302A783C
2026-03-17 12:08:52 | INFO | MONGO_WRITE_OK | collection=shuttle_run_results | candidate_id=DC302A783C
2026-03-17 12:08:52 | INFO | MONGO_WRITE_OK | collection=shuttle_run_calculation_variables | candidate_id=DC302A783C
2026-03-17 12:08:52 | INFO | MONGO_WRITE_OK | collection=data_storage | candidate_id=DC302A783C
2026-03-17 12:08:52 | INFO | MONGO_SAVE_OK | activity=shuttle_run | candidate_id=DC302A783C | collections=users,children,shuttle_run_results,shuttle_run_calculation_variables,data_storage
2026-03-17 12:08:52 | INFO | REQUEST_DONE | activity=shuttle_run | candidate_id=DC302A783C | saved_json=common_backend\results\scores.json
2026-03-23 12:15:07 | INFO | REQUEST_START | activity=shuttle_run | age_group=6-9 | age=7 | name=dfg
2026-03-23 12:15:07 | INFO | VIDEO_SAVED | activity=shuttle_run | video_path=common_backend\uploads\6-9\shuttle_run\20260323_064507_dfg_76fa816c.mp4
2026-03-23 12:15:09 | INFO | SCORING_PIPELINE_START | activity=shuttle_run | age_group=6-9 | candidate_id=DCA450D136
2026-03-23 12:15:09 | INFO | CONE_DETECTION_STAGE_START | activity=shuttle_run | age_group=6-9 | candidate_id=DCA450D136
2026-03-23 12:15:09 | INFO | SHUTTLE_RUN_INPUT_READ_START | candidate_id=DCA450D136 | age_group=6-9 | video_path=common_backend\uploads\6-9\shuttle_run\20260323_064507_dfg_76fa816c.mp4
2026-03-23 12:15:09 | INFO | SHUTTLE_RUN_INPUT_READ_DONE | candidate_id=DCA450D136 | duration=14.66
2026-03-23 12:15:09 | INFO | SHUTTLE_RUN_CONE_DETECTION_EXECUTE | candidate_id=DCA450D136 | age_group=6-9
2026-03-23 12:18:56 | INFO | SHUTTLE_RUN_SCORE_COMPUTED | candidate_id=DCA450D136 | raw_score=12.00 | adjusted_score=12.00 | category=Average
2026-03-23 12:18:56 | INFO | CONE_DETECTION_STAGE_DONE | activity=shuttle_run | score=12.00 | category=Average | candidate_id=DCA450D136
2026-03-23 12:18:56 | INFO | SCORING_PIPELINE_DONE | activity=shuttle_run | score=12.00 | category=Average | duration=14.66 | candidate_id=DCA450D136
2026-03-23 12:18:56 | INFO | SCORING_DONE | activity=shuttle_run | candidate_id=DCA450D136 | score=12.0 | category=Average
2026-03-23 12:18:59 | INFO | MONGO_CONNECT_OK | db=FitQuest_Physical_database | activity=shuttle_run | candidate_id=DCA450D136
2026-03-23 12:18:59 | INFO | MONGO_WRITE_OK | collection=users | candidate_id=DCA450D136
2026-03-23 12:18:59 | INFO | MONGO_WRITE_OK | collection=children | candidate_id=DCA450D136
2026-03-23 12:18:59 | INFO | MONGO_WRITE_OK | collection=shuttle_run_results | candidate_id=DCA450D136
2026-03-23 12:18:59 | INFO | MONGO_WRITE_OK | collection=shuttle_run_calculation_variables | candidate_id=DCA450D136
2026-03-23 12:18:59 | INFO | MONGO_WRITE_OK | collection=data_storage | candidate_id=DCA450D136
2026-03-23 12:18:59 | INFO | MONGO_SAVE_OK | activity=shuttle_run | candidate_id=DCA450D136 | collections=users,children,shuttle_run_results,shuttle_run_calculation_variables,data_storage
2026-03-23 12:18:59 | INFO | REQUEST_DONE | activity=shuttle_run | candidate_id=DCA450D136 | saved_json=common_backend\results\scores.json
2026-03-23 14:31:39 | INFO | REQUEST_START | activity=shuttle_run | age_group=10-13 | age=12 | name=yhbhy
2026-03-23 14:31:39 | INFO | VIDEO_SAVED | activity=shuttle_run | video_path=common_backend\uploads\10-13\shuttle_run\20260323_090139_yhbhy_7054233b.mp4
2026-03-23 14:31:39 | INFO | SCORING_PIPELINE_START | activity=shuttle_run | age_group=10-13 | candidate_id=DC16250448
2026-03-23 14:31:39 | INFO | CONE_DETECTION_STAGE_START | activity=shuttle_run | age_group=10-13 | candidate_id=DC16250448
2026-03-23 14:31:39 | INFO | SHUTTLE_RUN_INPUT_READ_START | candidate_id=DC16250448 | age_group=10-13 | video_path=common_backend\uploads\10-13\shuttle_run\20260323_090139_yhbhy_7054233b.mp4
2026-03-23 14:31:40 | INFO | SHUTTLE_RUN_INPUT_READ_DONE | candidate_id=DC16250448 | duration=14.66
2026-03-23 14:31:40 | INFO | SHUTTLE_RUN_CONE_DETECTION_EXECUTE | candidate_id=DC16250448 | age_group=10-13
2026-03-23 14:35:10 | INFO | SHUTTLE_RUN_SCORE_COMPUTED | candidate_id=DC16250448 | raw_score=12.00 | adjusted_score=12.00 | category=Average
2026-03-23 14:35:11 | INFO | CONE_DETECTION_STAGE_DONE | activity=shuttle_run | score=12.00 | category=Average | candidate_id=DC16250448
2026-03-23 14:35:11 | INFO | SCORING_PIPELINE_DONE | activity=shuttle_run | score=12.00 | category=Average | duration=14.66 | candidate_id=DC16250448
2026-03-23 14:35:11 | INFO | SCORING_DONE | activity=shuttle_run | candidate_id=DC16250448 | score=12.0 | category=Average
2026-03-23 14:35:11 | INFO | MONGO_CONNECT_OK | db=FitQuest_Physical_database | activity=shuttle_run | candidate_id=DC16250448
2026-03-23 14:35:11 | INFO | MONGO_WRITE_OK | collection=users | candidate_id=DC16250448
2026-03-23 14:35:11 | INFO | MONGO_WRITE_OK | collection=children | candidate_id=DC16250448
2026-03-23 14:35:11 | INFO | MONGO_WRITE_OK | collection=shuttle_run_results | candidate_id=DC16250448
2026-03-23 14:35:11 | INFO | MONGO_WRITE_OK | collection=shuttle_run_calculation_variables | candidate_id=DC16250448
2026-03-23 14:35:11 | INFO | MONGO_WRITE_OK | collection=data_storage | candidate_id=DC16250448
2026-03-23 14:35:11 | INFO | MONGO_SAVE_OK | activity=shuttle_run | candidate_id=DC16250448 | collections=users,children,shuttle_run_results,shuttle_run_calculation_variables,data_storage
2026-03-23 14:35:11 | INFO | REQUEST_DONE | activity=shuttle_run | candidate_id=DC16250448 | saved_json=common_backend\results\scores.json
2026-03-24 16:49:18 | INFO | REQUEST_START | activity=shuttle_run | age_group=6-9 | age=6 | name=xcvb
2026-03-24 16:49:18 | INFO | VIDEO_SAVED | activity=shuttle_run | trial=1 | video_path=common_backend\uploads\6-9\shuttle_run\20260324_111918_xcvb_trial1_9dc03705.mp4
2026-03-24 16:49:20 | INFO | VIDEO_SAVED | activity=shuttle_run | trial=2 | video_path=common_backend\uploads\6-9\shuttle_run\20260324_111920_xcvb_trial2_17f5829b.mp4
2026-03-24 16:49:20 | INFO | SCORING_PIPELINE_START | activity=shuttle_run | age_group=6-9 | candidate_id=DCC2C23BB6T1
2026-03-24 16:49:20 | INFO | CONE_DETECTION_STAGE_START | activity=shuttle_run | age_group=6-9 | candidate_id=DCC2C23BB6T1
2026-03-24 16:49:20 | INFO | SHUTTLE_RUN_INPUT_READ_START | candidate_id=DCC2C23BB6T1 | age_group=6-9 | video_path=common_backend\uploads\6-9\shuttle_run\20260324_111918_xcvb_trial1_9dc03705.mp4
2026-03-24 16:49:20 | INFO | SHUTTLE_RUN_INPUT_READ_DONE | candidate_id=DCC2C23BB6T1 | duration=14.66
2026-03-24 16:49:20 | INFO | SHUTTLE_RUN_CONE_DETECTION_EXECUTE | candidate_id=DCC2C23BB6T1 | age_group=6-9
2026-03-24 16:54:12 | INFO | SHUTTLE_RUN_SCORE_COMPUTED | candidate_id=DCC2C23BB6T1 | raw_score=12.00 | adjusted_score=12.00 | category=Average
2026-03-24 16:54:12 | INFO | CONE_DETECTION_STAGE_DONE | activity=shuttle_run | score=12.00 | category=Average | candidate_id=DCC2C23BB6T1
2026-03-24 16:54:12 | INFO | SCORING_PIPELINE_DONE | activity=shuttle_run | score=12.00 | category=Average | duration=14.66 | candidate_id=DCC2C23BB6T1
2026-03-24 16:54:12 | INFO | SCORING_DONE | activity=shuttle_run | candidate_id=DCC2C23BB6T1 | trial=1 | score=12.0 | category=Average
2026-03-24 16:54:12 | INFO | SCORING_PIPELINE_START | activity=shuttle_run | age_group=6-9 | candidate_id=DCC2C23BB6T2
2026-03-24 16:54:12 | INFO | CONE_DETECTION_STAGE_START | activity=shuttle_run | age_group=6-9 | candidate_id=DCC2C23BB6T2
2026-03-24 16:54:12 | INFO | SHUTTLE_RUN_INPUT_READ_START | candidate_id=DCC2C23BB6T2 | age_group=6-9 | video_path=common_backend\uploads\6-9\shuttle_run\20260324_111920_xcvb_trial2_17f5829b.mp4
2026-03-24 16:54:12 | INFO | SHUTTLE_RUN_INPUT_READ_DONE | candidate_id=DCC2C23BB6T2 | duration=14.66
2026-03-24 16:54:12 | INFO | SHUTTLE_RUN_CONE_DETECTION_EXECUTE | candidate_id=DCC2C23BB6T2 | age_group=6-9
2026-03-24 16:58:02 | INFO | SHUTTLE_RUN_SCORE_COMPUTED | candidate_id=DCC2C23BB6T2 | raw_score=12.00 | adjusted_score=12.00 | category=Average
2026-03-24 16:58:02 | INFO | CONE_DETECTION_STAGE_DONE | activity=shuttle_run | score=12.00 | category=Average | candidate_id=DCC2C23BB6T2
2026-03-24 16:58:02 | INFO | SCORING_PIPELINE_DONE | activity=shuttle_run | score=12.00 | category=Average | duration=14.66 | candidate_id=DCC2C23BB6T2
2026-03-24 16:58:02 | INFO | SCORING_DONE | activity=shuttle_run | candidate_id=DCC2C23BB6T2 | trial=2 | score=12.0 | category=Average
2026-03-24 16:58:03 | INFO | MONGO_CONNECT_OK | db=FitQuest_Physical_database | activity=shuttle_run | candidate_id=DCC2C23BB6
2026-03-24 16:58:03 | INFO | MONGO_WRITE_OK | collection=users | candidate_id=DCC2C23BB6
2026-03-24 16:58:03 | INFO | MONGO_WRITE_OK | collection=children | candidate_id=DCC2C23BB6
2026-03-24 16:58:03 | INFO | MONGO_WRITE_OK | collection=shuttle_run_results | candidate_id=DCC2C23BB6
2026-03-24 16:58:03 | INFO | MONGO_WRITE_OK | collection=shuttle_run_calculation_variables | candidate_id=DCC2C23BB6
2026-03-24 16:58:03 | INFO | MONGO_WRITE_OK | collection=data_storage | candidate_id=DCC2C23BB6
2026-03-24 16:58:03 | INFO | MONGO_SAVE_OK | activity=shuttle_run | candidate_id=DCC2C23BB6 | collections=users,children,shuttle_run_results,shuttle_run_calculation_variables,data_storage
2026-03-24 16:58:03 | INFO | REQUEST_DONE | activity=shuttle_run | candidate_id=DCC2C23BB6 | saved_json=common_backend\results\scores.json
2026-03-24 17:07:51 | INFO | REQUEST_START | activity=shuttle_run | age_group=6-9 | age=6 | name=xcvb
2026-03-24 17:07:51 | INFO | VIDEO_SAVED | activity=shuttle_run | trial=1 | video_path=common_backend\uploads\6-9\shuttle_run\20260324_113751_xcvb_trial1_b8d14632.mp4
2026-03-24 17:07:51 | INFO | VIDEO_SAVED | activity=shuttle_run | trial=2 | video_path=common_backend\uploads\6-9\shuttle_run\20260324_113751_xcvb_trial2_bd06cd70.mp4
2026-03-24 17:07:51 | INFO | SCORING_PIPELINE_START | activity=shuttle_run | age_group=6-9 | candidate_id=DC43554A44T1
2026-03-24 17:07:51 | INFO | CONE_DETECTION_STAGE_START | activity=shuttle_run | age_group=6-9 | candidate_id=DC43554A44T1
2026-03-24 17:07:51 | INFO | SHUTTLE_RUN_INPUT_READ_START | candidate_id=DC43554A44T1 | age_group=6-9 | video_path=common_backend\uploads\6-9\shuttle_run\20260324_113751_xcvb_trial1_b8d14632.mp4
2026-03-24 17:07:51 | INFO | SHUTTLE_RUN_INPUT_READ_DONE | candidate_id=DC43554A44T1 | duration=14.66
2026-03-24 17:07:51 | INFO | SHUTTLE_RUN_CONE_DETECTION_EXECUTE | candidate_id=DC43554A44T1 | age_group=6-9
2026-03-24 17:08:43 | INFO | REQUEST_START | activity=shuttle_run | age_group=10-13 | age=10 | name=A
2026-03-24 17:08:43 | INFO | VIDEO_SAVED | activity=shuttle_run | trial=1 | video_path=common_backend\uploads\10-13\shuttle_run\20260324_113843_A_trial1_67baf885.mp4
2026-03-24 17:08:43 | INFO | VIDEO_SAVED | activity=shuttle_run | trial=2 | video_path=common_backend\uploads\10-13\shuttle_run\20260324_113843_A_trial2_e20271f6.mp4
2026-03-24 17:08:43 | INFO | SCORING_PIPELINE_START | activity=shuttle_run | age_group=10-13 | candidate_id=DC881114F4T1
2026-03-24 17:08:43 | INFO | CONE_DETECTION_STAGE_START | activity=shuttle_run | age_group=10-13 | candidate_id=DC881114F4T1
2026-03-24 17:08:43 | INFO | SHUTTLE_RUN_INPUT_READ_START | candidate_id=DC881114F4T1 | age_group=10-13 | video_path=common_backend\uploads\10-13\shuttle_run\20260324_113843_A_trial1_67baf885.mp4
2026-03-24 17:08:43 | INFO | SHUTTLE_RUN_INPUT_READ_DONE | candidate_id=DC881114F4T1 | duration=14.66
2026-03-24 17:08:43 | INFO | SHUTTLE_RUN_CONE_DETECTION_EXECUTE | candidate_id=DC881114F4T1 | age_group=10-13
2026-03-24 17:12:01 | INFO | SHUTTLE_RUN_SCORE_COMPUTED | candidate_id=DC43554A44T1 | raw_score=12.00 | adjusted_score=12.00 | category=Average
2026-03-24 17:12:01 | INFO | CONE_DETECTION_STAGE_DONE | activity=shuttle_run | score=12.00 | category=Average | candidate_id=DC43554A44T1
2026-03-24 17:12:01 | INFO | SCORING_PIPELINE_DONE | activity=shuttle_run | score=12.00 | category=Average | duration=14.66 | candidate_id=DC43554A44T1
2026-03-24 17:12:01 | INFO | SCORING_DONE | activity=shuttle_run | candidate_id=DC43554A44T1 | trial=1 | score=12.0 | category=Average
2026-03-24 17:12:01 | INFO | SCORING_PIPELINE_START | activity=shuttle_run | age_group=6-9 | candidate_id=DC43554A44T2
2026-03-24 17:12:01 | INFO | CONE_DETECTION_STAGE_START | activity=shuttle_run | age_group=6-9 | candidate_id=DC43554A44T2
2026-03-24 17:12:01 | INFO | SHUTTLE_RUN_INPUT_READ_START | candidate_id=DC43554A44T2 | age_group=6-9 | video_path=common_backend\uploads\6-9\shuttle_run\20260324_113751_xcvb_trial2_bd06cd70.mp4
2026-03-24 17:12:01 | INFO | SHUTTLE_RUN_INPUT_READ_DONE | candidate_id=DC43554A44T2 | duration=14.66
2026-03-24 17:12:01 | INFO | SHUTTLE_RUN_CONE_DETECTION_EXECUTE | candidate_id=DC43554A44T2 | age_group=6-9
2026-03-24 17:12:11 | INFO | REQUEST_START | activity=high_knee_jump | age_group=10-13 | age=10 | name=aa
2026-03-24 17:12:12 | INFO | VIDEO_SAVED | activity=high_knee_jump | trial=1 | video_path=common_backend\uploads\10-13\high_knee_jump\20260324_114211_aa_trial1_587d3464.mp4
2026-03-24 17:12:12 | INFO | SCORING_PIPELINE_START | activity=high_knee_jump | age_group=10-13 | candidate_id=DCB01475CCT1
2026-03-24 17:12:34 | INFO | SHUTTLE_RUN_SCORE_COMPUTED | candidate_id=DC881114F4T1 | raw_score=12.00 | adjusted_score=12.00 | category=Average
2026-03-24 17:12:34 | INFO | CONE_DETECTION_STAGE_DONE | activity=shuttle_run | score=12.00 | category=Average | candidate_id=DC881114F4T1
2026-03-24 17:12:34 | INFO | SCORING_PIPELINE_DONE | activity=shuttle_run | score=12.00 | category=Average | duration=14.66 | candidate_id=DC881114F4T1
2026-03-24 17:12:34 | INFO | SCORING_DONE | activity=shuttle_run | candidate_id=DC881114F4T1 | trial=1 | score=12.0 | category=Average
2026-03-24 17:12:34 | INFO | SCORING_PIPELINE_START | activity=shuttle_run | age_group=10-13 | candidate_id=DC881114F4T2
2026-03-24 17:12:34 | INFO | CONE_DETECTION_STAGE_START | activity=shuttle_run | age_group=10-13 | candidate_id=DC881114F4T2
2026-03-24 17:12:34 | INFO | SHUTTLE_RUN_INPUT_READ_START | candidate_id=DC881114F4T2 | age_group=10-13 | video_path=common_backend\uploads\10-13\shuttle_run\20260324_113843_A_trial2_e20271f6.mp4
2026-03-24 17:12:34 | INFO | SHUTTLE_RUN_INPUT_READ_DONE | candidate_id=DC881114F4T2 | duration=14.66
2026-03-24 17:12:34 | INFO | SHUTTLE_RUN_CONE_DETECTION_EXECUTE | candidate_id=DC881114F4T2 | age_group=10-13
2026-03-24 17:12:51 | INFO | REQUEST_START | activity=sprint_run_20m | age_group=10-13 | age=10 | name=asdfg
2026-03-24 17:12:51 | INFO | VIDEO_SAVED | activity=sprint_run_20m | trial=1 | video_path=common_backend\uploads\10-13\sprint_run_20m\20260324_114251_asdfg_trial1_5f2e9784.mp4
2026-03-24 17:12:52 | INFO | VIDEO_SAVED | activity=sprint_run_20m | trial=2 | video_path=common_backend\uploads\10-13\sprint_run_20m\20260324_114252_asdfg_trial2_a37cadf8.mp4
2026-03-24 17:12:52 | INFO | SCORING_PIPELINE_START | activity=sprint_run_20m | age_group=10-13 | candidate_id=DCCE10AD58T1
2026-03-24 17:13:45 | INFO | REQUEST_START | activity=long_jump | age_group=10-13 | age=10 | name=asdf
2026-03-24 17:13:45 | INFO | VIDEO_SAVED | activity=long_jump | trial=1 | video_path=common_backend\uploads\10-13\long_jump\20260324_114345_asdf_trial1_7a8ca4aa.mp4
2026-03-24 17:13:45 | INFO | VIDEO_SAVED | activity=long_jump | trial=2 | video_path=common_backend\uploads\10-13\long_jump\20260324_114345_asdf_trial2_fd20179f.mp4
2026-03-24 17:13:45 | INFO | SCORING_PIPELINE_START | activity=long_jump | age_group=10-13 | candidate_id=DC54B7EF56T1
2026-03-24 17:14:05 | INFO | SCORING_PIPELINE_DONE | activity=long_jump | score=6.72 | category=Poor | duration=2.80 | candidate_id=DC54B7EF56T1
2026-03-24 17:14:05 | INFO | SCORING_DONE | activity=long_jump | candidate_id=DC54B7EF56T1 | trial=1 | score=6.72 | category=Poor
2026-03-24 17:14:05 | INFO | SCORING_PIPELINE_START | activity=long_jump | age_group=10-13 | candidate_id=DC54B7EF56T2
2026-03-24 17:14:29 | INFO | SCORING_PIPELINE_DONE | activity=sprint_run_20m | score=7.57 | category=Below Average | duration=4.10 | candidate_id=DCCE10AD58T1
2026-03-24 17:14:29 | INFO | SCORING_DONE | activity=sprint_run_20m | candidate_id=DCCE10AD58T1 | trial=1 | score=7.57 | category=Below Average
2026-03-24 17:14:29 | INFO | SCORING_PIPELINE_START | activity=sprint_run_20m | age_group=10-13 | candidate_id=DCCE10AD58T2
2026-03-24 17:14:41 | INFO | REQUEST_START | activity=long_jump | age_group=10-13 | age=10 | name=asdf
2026-03-24 17:14:41 | INFO | VIDEO_SAVED | activity=long_jump | trial=1 | video_path=common_backend\uploads\10-13\long_jump\20260324_114441_asdf_trial1_38d536a7.mp4
2026-03-24 17:14:42 | INFO | VIDEO_SAVED | activity=long_jump | trial=2 | video_path=common_backend\uploads\10-13\long_jump\20260324_114441_asdf_trial2_3dad3e8e.mp4
2026-03-24 17:14:42 | INFO | SCORING_PIPELINE_START | activity=long_jump | age_group=10-13 | candidate_id=DCC0D446B0T1
2026-03-24 17:15:18 | INFO | SCORING_PIPELINE_DONE | activity=long_jump | score=6.79 | category=Poor | duration=2.80 | candidate_id=DCC0D446B0T1
2026-03-24 17:15:18 | INFO | SCORING_DONE | activity=long_jump | candidate_id=DCC0D446B0T1 | trial=1 | score=6.79 | category=Poor
2026-03-24 17:15:18 | INFO | SCORING_PIPELINE_START | activity=long_jump | age_group=10-13 | candidate_id=DCC0D446B0T2
2026-03-24 17:15:56 | INFO | SCORING_PIPELINE_DONE | activity=long_jump | score=7.03 | category=Poor | duration=2.80 | candidate_id=DCC0D446B0T2
2026-03-24 17:15:56 | INFO | SCORING_DONE | activity=long_jump | candidate_id=DCC0D446B0T2 | trial=2 | score=7.03 | category=Poor
2026-03-24 17:15:57 | INFO | MONGO_CONNECT_OK | db=FitQuest_Physical_database | activity=long_jump | candidate_id=DCC0D446B0
2026-03-24 17:15:57 | INFO | MONGO_WRITE_OK | collection=users | candidate_id=DCC0D446B0
2026-03-24 17:15:57 | INFO | MONGO_WRITE_OK | collection=children | candidate_id=DCC0D446B0
2026-03-24 17:15:57 | INFO | MONGO_WRITE_OK | collection=long_jump_results | candidate_id=DCC0D446B0
2026-03-24 17:15:57 | INFO | MONGO_WRITE_OK | collection=long_jump_calculation_variables | candidate_id=DCC0D446B0
2026-03-24 17:15:57 | INFO | MONGO_WRITE_OK | collection=data_storage | candidate_id=DCC0D446B0
2026-03-24 17:15:57 | INFO | MONGO_SAVE_OK | activity=long_jump | candidate_id=DCC0D446B0 | collections=users,children,long_jump_results,long_jump_calculation_variables,data_storage
2026-03-24 17:15:57 | INFO | REQUEST_DONE | activity=long_jump | candidate_id=DCC0D446B0 | saved_json=common_backend\results\scores.json
2026-03-24 17:17:07 | INFO | SCORING_PIPELINE_DONE | activity=sprint_run_20m | score=8.20 | category=Below Average | duration=6.20 | candidate_id=DCCE10AD58T2
2026-03-24 17:17:07 | INFO | SCORING_DONE | activity=sprint_run_20m | candidate_id=DCCE10AD58T2 | trial=2 | score=8.2 | category=Below Average
2026-03-24 17:17:07 | INFO | MONGO_CONNECT_OK | db=FitQuest_Physical_database | activity=sprint_run_20m | candidate_id=DCCE10AD58
2026-03-24 17:17:07 | INFO | MONGO_WRITE_OK | collection=users | candidate_id=DCCE10AD58
2026-03-24 17:17:07 | INFO | MONGO_WRITE_OK | collection=children | candidate_id=DCCE10AD58
2026-03-24 17:17:07 | INFO | MONGO_WRITE_OK | collection=sprint_run_20m_results | candidate_id=DCCE10AD58
2026-03-24 17:17:07 | INFO | MONGO_WRITE_OK | collection=sprint_run_20m_calculation_variables | candidate_id=DCCE10AD58
2026-03-24 17:17:07 | INFO | MONGO_WRITE_OK | collection=data_storage | candidate_id=DCCE10AD58
2026-03-24 17:17:07 | INFO | MONGO_SAVE_OK | activity=sprint_run_20m | candidate_id=DCCE10AD58 | collections=users,children,sprint_run_20m_results,sprint_run_20m_calculation_variables,data_storage
2026-03-24 17:17:07 | INFO | REQUEST_DONE | activity=sprint_run_20m | candidate_id=DCCE10AD58 | saved_json=common_backend\results\scores.json
2026-03-24 17:17:14 | INFO | SHUTTLE_RUN_SCORE_COMPUTED | candidate_id=DC43554A44T2 | raw_score=12.00 | adjusted_score=12.00 | category=Average
2026-03-24 17:17:14 | INFO | CONE_DETECTION_STAGE_DONE | activity=shuttle_run | score=12.00 | category=Average | candidate_id=DC43554A44T2
2026-03-24 17:17:14 | INFO | SCORING_PIPELINE_DONE | activity=shuttle_run | score=12.00 | category=Average | duration=14.66 | candidate_id=DC43554A44T2
2026-03-24 17:17:14 | INFO | SCORING_DONE | activity=shuttle_run | candidate_id=DC43554A44T2 | trial=2 | score=12.0 | category=Average
2026-03-24 17:17:14 | INFO | MONGO_CONNECT_OK | db=FitQuest_Physical_database | activity=shuttle_run | candidate_id=DC43554A44
2026-03-24 17:17:14 | INFO | MONGO_WRITE_OK | collection=users | candidate_id=DC43554A44
2026-03-24 17:17:14 | INFO | MONGO_WRITE_OK | collection=children | candidate_id=DC43554A44
2026-03-24 17:17:14 | INFO | MONGO_WRITE_OK | collection=shuttle_run_results | candidate_id=DC43554A44
2026-03-24 17:17:14 | INFO | MONGO_WRITE_OK | collection=shuttle_run_calculation_variables | candidate_id=DC43554A44
2026-03-24 17:17:14 | INFO | MONGO_WRITE_OK | collection=data_storage | candidate_id=DC43554A44
2026-03-24 17:17:14 | INFO | MONGO_SAVE_OK | activity=shuttle_run | candidate_id=DC43554A44 | collections=users,children,shuttle_run_results,shuttle_run_calculation_variables,data_storage
2026-03-24 17:17:14 | INFO | REQUEST_DONE | activity=shuttle_run | candidate_id=DC43554A44 | saved_json=common_backend\results\scores.json
2026-03-24 17:17:58 | INFO | SHUTTLE_RUN_SCORE_COMPUTED | candidate_id=DC881114F4T2 | raw_score=12.00 | adjusted_score=12.00 | category=Average
2026-03-24 17:17:59 | INFO | CONE_DETECTION_STAGE_DONE | activity=shuttle_run | score=12.00 | category=Average | candidate_id=DC881114F4T2
2026-03-24 17:17:59 | INFO | SCORING_PIPELINE_DONE | activity=shuttle_run | score=12.00 | category=Average | duration=14.66 | candidate_id=DC881114F4T2
2026-03-24 17:17:59 | INFO | SCORING_DONE | activity=shuttle_run | candidate_id=DC881114F4T2 | trial=2 | score=12.0 | category=Average
2026-03-24 17:17:59 | INFO | MONGO_CONNECT_OK | db=FitQuest_Physical_database | activity=shuttle_run | candidate_id=DC881114F4
2026-03-24 17:17:59 | INFO | MONGO_WRITE_OK | collection=users | candidate_id=DC881114F4
2026-03-24 17:17:59 | INFO | MONGO_WRITE_OK | collection=children | candidate_id=DC881114F4
2026-03-24 17:17:59 | INFO | MONGO_WRITE_OK | collection=shuttle_run_results | candidate_id=DC881114F4
2026-03-24 17:17:59 | INFO | MONGO_WRITE_OK | collection=shuttle_run_calculation_variables | candidate_id=DC881114F4
2026-03-24 17:17:59 | INFO | MONGO_WRITE_OK | collection=data_storage | candidate_id=DC881114F4
2026-03-24 17:17:59 | INFO | MONGO_SAVE_OK | activity=shuttle_run | candidate_id=DC881114F4 | collections=users,children,shuttle_run_results,shuttle_run_calculation_variables,data_storage
2026-03-24 17:17:59 | INFO | REQUEST_DONE | activity=shuttle_run | candidate_id=DC881114F4 | saved_json=common_backend\results\scores.json
2026-03-24 17:19:31 | INFO | SCORING_PIPELINE_DONE | activity=long_jump | score=6.48 | category=Poor | duration=69.86 | candidate_id=DC54B7EF56T2
2026-03-24 17:19:31 | INFO | SCORING_DONE | activity=long_jump | candidate_id=DC54B7EF56T2 | trial=2 | score=6.48 | category=Poor
2026-03-24 17:19:31 | INFO | MONGO_CONNECT_OK | db=FitQuest_Physical_database | activity=long_jump | candidate_id=DC54B7EF56
2026-03-24 17:19:31 | INFO | MONGO_WRITE_OK | collection=users | candidate_id=DC54B7EF56
2026-03-24 17:19:31 | INFO | MONGO_WRITE_OK | collection=children | candidate_id=DC54B7EF56
2026-03-24 17:19:31 | INFO | MONGO_WRITE_OK | collection=long_jump_results | candidate_id=DC54B7EF56
2026-03-24 17:19:31 | INFO | MONGO_WRITE_OK | collection=long_jump_calculation_variables | candidate_id=DC54B7EF56
2026-03-24 17:19:31 | INFO | MONGO_WRITE_OK | collection=data_storage | candidate_id=DC54B7EF56
2026-03-24 17:19:31 | INFO | MONGO_SAVE_OK | activity=long_jump | candidate_id=DC54B7EF56 | collections=users,children,long_jump_results,long_jump_calculation_variables,data_storage
2026-03-24 17:19:31 | INFO | REQUEST_DONE | activity=long_jump | candidate_id=DC54B7EF56 | saved_json=common_backend\results\scores.json
2026-03-24 17:19:45 | INFO | SCORING_PIPELINE_DONE | activity=high_knee_jump | score=2.00 | category=Poor | duration=86.33 | candidate_id=DCB01475CCT1
2026-03-24 17:19:45 | INFO | SCORING_DONE | activity=high_knee_jump | candidate_id=DCB01475CCT1 | trial=1 | score=2.0 | category=Poor
2026-03-24 17:19:45 | INFO | MONGO_CONNECT_OK | db=FitQuest_Physical_database | activity=high_knee_jump | candidate_id=DCB01475CC
2026-03-24 17:19:45 | INFO | MONGO_WRITE_OK | collection=users | candidate_id=DCB01475CC
2026-03-24 17:19:45 | INFO | MONGO_WRITE_OK | collection=children | candidate_id=DCB01475CC
2026-03-24 17:19:45 | INFO | MONGO_WRITE_OK | collection=high_knee_jump_results | candidate_id=DCB01475CC
2026-03-24 17:19:45 | INFO | MONGO_WRITE_OK | collection=high_knee_jump_calculation_variables | candidate_id=DCB01475CC
2026-03-24 17:19:45 | INFO | MONGO_WRITE_OK | collection=data_storage | candidate_id=DCB01475CC
2026-03-24 17:19:45 | INFO | MONGO_SAVE_OK | activity=high_knee_jump | candidate_id=DCB01475CC | collections=users,children,high_knee_jump_results,high_knee_jump_calculation_variables,data_storage
2026-03-24 17:19:45 | INFO | REQUEST_DONE | activity=high_knee_jump | candidate_id=DCB01475CC | saved_json=common_backend\results\scores.json
2026-03-24 17:20:46 | INFO | REQUEST_START | activity=shuttle_run | age_group=10-13 | age=10 | name=A
2026-03-24 17:20:46 | INFO | VIDEO_SAVED | activity=shuttle_run | trial=1 | video_path=common_backend\uploads\10-13\shuttle_run\20260324_115046_A_trial1_dff039b2.mp4
2026-03-24 17:20:47 | INFO | VIDEO_SAVED | activity=shuttle_run | trial=2 | video_path=common_backend\uploads\10-13\shuttle_run\20260324_115047_A_trial2_e24537ad.mp4
2026-03-24 17:20:47 | INFO | SCORING_PIPELINE_START | activity=shuttle_run | age_group=10-13 | candidate_id=DCE3DED808T1
2026-03-24 17:20:47 | INFO | CONE_DETECTION_STAGE_START | activity=shuttle_run | age_group=10-13 | candidate_id=DCE3DED808T1
2026-03-24 17:20:47 | INFO | SHUTTLE_RUN_INPUT_READ_START | candidate_id=DCE3DED808T1 | age_group=10-13 | video_path=common_backend\uploads\10-13\shuttle_run\20260324_115046_A_trial1_dff039b2.mp4
2026-03-24 17:20:47 | INFO | SHUTTLE_RUN_INPUT_READ_DONE | candidate_id=DCE3DED808T1 | duration=14.66
2026-03-24 17:20:47 | INFO | SHUTTLE_RUN_CONE_DETECTION_EXECUTE | candidate_id=DCE3DED808T1 | age_group=10-13
2026-03-24 17:21:14 | INFO | REQUEST_START | activity=high_knee_jump | age_group=10-13 | age=10 | name=aa
2026-03-24 17:21:14 | INFO | VIDEO_SAVED | activity=high_knee_jump | trial=1 | video_path=common_backend\uploads\10-13\high_knee_jump\20260324_115114_aa_trial1_8ee4aaba.mp4
2026-03-24 17:21:14 | INFO | SCORING_PIPELINE_START | activity=high_knee_jump | age_group=10-13 | candidate_id=DCEFBEDB92T1
2026-03-24 17:21:17 | INFO | REQUEST_START | activity=sprint_run_20m | age_group=10-13 | age=10 | name=asdfg
2026-03-24 17:21:17 | INFO | VIDEO_SAVED | activity=sprint_run_20m | trial=1 | video_path=common_backend\uploads\10-13\sprint_run_20m\20260324_115117_asdfg_trial1_1e094fc6.mp4
2026-03-24 17:21:17 | INFO | VIDEO_SAVED | activity=sprint_run_20m | trial=2 | video_path=common_backend\uploads\10-13\sprint_run_20m\20260324_115117_asdfg_trial2_3d6fe6d5.mp4
2026-03-24 17:21:17 | INFO | SCORING_PIPELINE_START | activity=sprint_run_20m | age_group=10-13 | candidate_id=DC5DF99029T1
2026-03-24 17:21:45 | INFO | REQUEST_START | activity=long_jump | age_group=10-13 | age=10 | name=asdf
2026-03-24 17:21:45 | INFO | VIDEO_SAVED | activity=long_jump | trial=1 | video_path=common_backend\uploads\10-13\long_jump\20260324_115145_asdf_trial1_3fb3f6f6.mp4
2026-03-24 17:21:45 | INFO | VIDEO_SAVED | activity=long_jump | trial=2 | video_path=common_backend\uploads\10-13\long_jump\20260324_115145_asdf_trial2_29b38488.mp4
2026-03-24 17:21:45 | INFO | SCORING_PIPELINE_START | activity=long_jump | age_group=10-13 | candidate_id=DC66BEFB72T1
2026-03-24 17:22:02 | INFO | SCORING_PIPELINE_DONE | activity=long_jump | score=6.72 | category=Poor | duration=2.80 | candidate_id=DC66BEFB72T1
2026-03-24 17:22:02 | INFO | SCORING_DONE | activity=long_jump | candidate_id=DC66BEFB72T1 | trial=1 | score=6.72 | category=Poor
2026-03-24 17:22:02 | INFO | SCORING_PIPELINE_START | activity=long_jump | age_group=10-13 | candidate_id=DC66BEFB72T2
2026-03-24 17:22:19 | INFO | SCORING_PIPELINE_DONE | activity=long_jump | score=6.72 | category=Poor | duration=2.80 | candidate_id=DC66BEFB72T2
2026-03-24 17:22:19 | INFO | SCORING_DONE | activity=long_jump | candidate_id=DC66BEFB72T2 | trial=2 | score=6.72 | category=Poor
2026-03-24 17:22:19 | INFO | MONGO_CONNECT_OK | db=FitQuest_Physical_database | activity=long_jump | candidate_id=DC66BEFB72
2026-03-24 17:22:20 | INFO | MONGO_WRITE_OK | collection=users | candidate_id=DC66BEFB72
2026-03-24 17:22:20 | INFO | MONGO_WRITE_OK | collection=children | candidate_id=DC66BEFB72
2026-03-24 17:22:20 | INFO | MONGO_WRITE_OK | collection=long_jump_results | candidate_id=DC66BEFB72
2026-03-24 17:22:20 | INFO | MONGO_WRITE_OK | collection=long_jump_calculation_variables | candidate_id=DC66BEFB72
2026-03-24 17:22:20 | INFO | MONGO_WRITE_OK | collection=data_storage | candidate_id=DC66BEFB72
2026-03-24 17:22:20 | INFO | MONGO_SAVE_OK | activity=long_jump | candidate_id=DC66BEFB72 | collections=users,children,long_jump_results,long_jump_calculation_variables,data_storage
2026-03-24 17:22:20 | INFO | REQUEST_DONE | activity=long_jump | candidate_id=DC66BEFB72 | saved_json=common_backend\results\scores.json
2026-03-24 17:22:33 | INFO | SCORING_PIPELINE_DONE | activity=sprint_run_20m | score=7.57 | category=Below Average | duration=4.10 | candidate_id=DC5DF99029T1
2026-03-24 17:22:33 | INFO | SCORING_DONE | activity=sprint_run_20m | candidate_id=DC5DF99029T1 | trial=1 | score=7.57 | category=Below Average
2026-03-24 17:22:33 | INFO | SCORING_PIPELINE_START | activity=sprint_run_20m | age_group=10-13 | candidate_id=DC5DF99029T2
2026-03-24 17:24:25 | INFO | SCORING_PIPELINE_DONE | activity=sprint_run_20m | score=8.20 | category=Below Average | duration=6.20 | candidate_id=DC5DF99029T2
2026-03-24 17:24:25 | INFO | SCORING_DONE | activity=sprint_run_20m | candidate_id=DC5DF99029T2 | trial=2 | score=8.2 | category=Below Average
2026-03-24 17:24:25 | INFO | MONGO_CONNECT_OK | db=FitQuest_Physical_database | activity=sprint_run_20m | candidate_id=DC5DF99029
2026-03-24 17:24:25 | INFO | MONGO_WRITE_OK | collection=users | candidate_id=DC5DF99029
2026-03-24 17:24:25 | INFO | MONGO_WRITE_OK | collection=children | candidate_id=DC5DF99029
2026-03-24 17:24:25 | INFO | MONGO_WRITE_OK | collection=sprint_run_20m_results | candidate_id=DC5DF99029
2026-03-24 17:24:25 | INFO | MONGO_WRITE_OK | collection=sprint_run_20m_calculation_variables | candidate_id=DC5DF99029
2026-03-24 17:24:25 | INFO | MONGO_WRITE_OK | collection=data_storage | candidate_id=DC5DF99029
2026-03-24 17:24:25 | INFO | MONGO_SAVE_OK | activity=sprint_run_20m | candidate_id=DC5DF99029 | collections=users,children,sprint_run_20m_results,sprint_run_20m_calculation_variables,data_storage
2026-03-24 17:24:25 | INFO | REQUEST_DONE | activity=sprint_run_20m | candidate_id=DC5DF99029 | saved_json=common_backend\results\scores.json
2026-03-24 17:25:22 | INFO | SHUTTLE_RUN_SCORE_COMPUTED | candidate_id=DCE3DED808T1 | raw_score=12.00 | adjusted_score=12.00 | category=Average
2026-03-24 17:25:22 | INFO | CONE_DETECTION_STAGE_DONE | activity=shuttle_run | score=12.00 | category=Average | candidate_id=DCE3DED808T1
2026-03-24 17:25:22 | INFO | SCORING_PIPELINE_DONE | activity=shuttle_run | score=12.00 | category=Average | duration=14.66 | candidate_id=DCE3DED808T1
2026-03-24 17:25:22 | INFO | SCORING_DONE | activity=shuttle_run | candidate_id=DCE3DED808T1 | trial=1 | score=12.0 | category=Average
2026-03-24 17:25:22 | INFO | SCORING_PIPELINE_START | activity=shuttle_run | age_group=10-13 | candidate_id=DCE3DED808T2
2026-03-24 17:25:22 | INFO | CONE_DETECTION_STAGE_START | activity=shuttle_run | age_group=10-13 | candidate_id=DCE3DED808T2
2026-03-24 17:25:22 | INFO | SHUTTLE_RUN_INPUT_READ_START | candidate_id=DCE3DED808T2 | age_group=10-13 | video_path=common_backend\uploads\10-13\shuttle_run\20260324_115047_A_trial2_e24537ad.mp4
2026-03-24 17:25:22 | INFO | SHUTTLE_RUN_INPUT_READ_DONE | candidate_id=DCE3DED808T2 | duration=14.66
2026-03-24 17:25:22 | INFO | SHUTTLE_RUN_CONE_DETECTION_EXECUTE | candidate_id=DCE3DED808T2 | age_group=10-13
2026-03-24 17:25:39 | INFO | SCORING_PIPELINE_DONE | activity=high_knee_jump | score=1.00 | category=Poor | duration=47.83 | candidate_id=DCEFBEDB92T1
2026-03-24 17:25:39 | INFO | SCORING_DONE | activity=high_knee_jump | candidate_id=DCEFBEDB92T1 | trial=1 | score=1.0 | category=Poor
2026-03-24 17:25:39 | INFO | MONGO_CONNECT_OK | db=FitQuest_Physical_database | activity=high_knee_jump | candidate_id=DCEFBEDB92
2026-03-24 17:25:39 | INFO | MONGO_WRITE_OK | collection=users | candidate_id=DCEFBEDB92
2026-03-24 17:25:39 | INFO | MONGO_WRITE_OK | collection=children | candidate_id=DCEFBEDB92
2026-03-24 17:25:39 | INFO | MONGO_WRITE_OK | collection=high_knee_jump_results | candidate_id=DCEFBEDB92
2026-03-24 17:25:39 | INFO | MONGO_WRITE_OK | collection=high_knee_jump_calculation_variables | candidate_id=DCEFBEDB92
2026-03-24 17:25:39 | INFO | MONGO_WRITE_OK | collection=data_storage | candidate_id=DCEFBEDB92
2026-03-24 17:25:39 | INFO | MONGO_SAVE_OK | activity=high_knee_jump | candidate_id=DCEFBEDB92 | collections=users,children,high_knee_jump_results,high_knee_jump_calculation_variables,data_storage
2026-03-24 17:25:39 | INFO | REQUEST_DONE | activity=high_knee_jump | candidate_id=DCEFBEDB92 | saved_json=common_backend\results\scores.json
2026-03-24 17:28:47 | INFO | SHUTTLE_RUN_SCORE_COMPUTED | candidate_id=DCE3DED808T2 | raw_score=12.00 | adjusted_score=12.00 | category=Average
2026-03-24 17:28:47 | INFO | CONE_DETECTION_STAGE_DONE | activity=shuttle_run | score=12.00 | category=Average | candidate_id=DCE3DED808T2
2026-03-24 17:28:47 | INFO | SCORING_PIPELINE_DONE | activity=shuttle_run | score=12.00 | category=Average | duration=14.66 | candidate_id=DCE3DED808T2
2026-03-24 17:28:47 | INFO | SCORING_DONE | activity=shuttle_run | candidate_id=DCE3DED808T2 | trial=2 | score=12.0 | category=Average
2026-03-24 17:28:47 | INFO | MONGO_CONNECT_OK | db=FitQuest_Physical_database | activity=shuttle_run | candidate_id=DCE3DED808
2026-03-24 17:28:47 | INFO | MONGO_WRITE_OK | collection=users | candidate_id=DCE3DED808
2026-03-24 17:28:47 | INFO | MONGO_WRITE_OK | collection=children | candidate_id=DCE3DED808
2026-03-24 17:28:47 | INFO | MONGO_WRITE_OK | collection=shuttle_run_results | candidate_id=DCE3DED808
2026-03-24 17:28:47 | INFO | MONGO_WRITE_OK | collection=shuttle_run_calculation_variables | candidate_id=DCE3DED808
2026-03-24 17:28:47 | INFO | MONGO_WRITE_OK | collection=data_storage | candidate_id=DCE3DED808
2026-03-24 17:28:47 | INFO | MONGO_SAVE_OK | activity=shuttle_run | candidate_id=DCE3DED808 | collections=users,children,shuttle_run_results,shuttle_run_calculation_variables,data_storage
2026-03-24 17:28:47 | INFO | REQUEST_DONE | activity=shuttle_run | candidate_id=DCE3DED808 | saved_json=common_backend\results\scores.json
2026-03-24 18:57:49 | INFO | REQUEST_START | activity=long_jump | age_group=10-13 | age=10 | name=asdf
2026-03-24 18:57:49 | INFO | VIDEO_SAVED | activity=long_jump | trial=1 | video_path=common_backend\uploads\10-13\long_jump\20260324_132749_asdf_trial1_50ac2ddc.mp4
2026-03-24 18:57:50 | INFO | VIDEO_SAVED | activity=long_jump | trial=2 | video_path=common_backend\uploads\10-13\long_jump\20260324_132750_asdf_trial2_19156188.mp4
2026-03-24 18:57:50 | INFO | SCORING_PIPELINE_START | activity=long_jump | age_group=10-13 | candidate_id=DC92DADAB9T1
2026-03-24 18:58:00 | INFO | SCORING_PIPELINE_DONE | activity=long_jump | score=6.72 | category=Poor | duration=2.80 | candidate_id=DC92DADAB9T1
2026-03-24 18:58:00 | INFO | SCORING_DONE | activity=long_jump | candidate_id=DC92DADAB9T1 | trial=1 | score=6.72 | category=Poor
2026-03-24 18:58:00 | INFO | SCORING_PIPELINE_START | activity=long_jump | age_group=10-13 | candidate_id=DC92DADAB9T2
2026-03-24 18:58:02 | INFO | SCORING_PIPELINE_DONE | activity=long_jump | score=6.72 | category=Poor | duration=2.80 | candidate_id=DC92DADAB9T2
2026-03-24 18:58:02 | INFO | SCORING_DONE | activity=long_jump | candidate_id=DC92DADAB9T2 | trial=2 | score=6.72 | category=Poor
2026-03-24 18:58:02 | INFO | MONGO_CONNECT_OK | db=FitQuest_Physical_database | activity=long_jump | candidate_id=DC92DADAB9
2026-03-24 18:58:02 | INFO | MONGO_WRITE_OK | collection=users | candidate_id=DC92DADAB9
2026-03-24 18:58:02 | INFO | MONGO_WRITE_OK | collection=children | candidate_id=DC92DADAB9
2026-03-24 18:58:02 | INFO | MONGO_WRITE_OK | collection=long_jump_results | candidate_id=DC92DADAB9
2026-03-24 18:58:02 | INFO | MONGO_WRITE_OK | collection=long_jump_calculation_variables | candidate_id=DC92DADAB9
2026-03-24 18:58:02 | INFO | MONGO_WRITE_OK | collection=data_storage | candidate_id=DC92DADAB9
2026-03-24 18:58:02 | INFO | MONGO_VIDEO_SAVE_OK | activity=long_jump | candidate_id=DC92DADAB9 | count=2
2026-03-24 18:58:02 | INFO | MONGO_SAVE_OK | activity=long_jump | candidate_id=DC92DADAB9 | collections=users,children,long_jump_results,long_jump_calculation_variables,data_storage,video_files,long_jump_video_metadata
2026-03-24 18:58:02 | INFO | REQUEST_DONE | activity=long_jump | candidate_id=DC92DADAB9 | saved_json=common_backend\results\scores.json
2026-03-24 19:23:54 | WARNING | MONGO_SCHEMA_INIT_SKIPPED | db=FitQuest_Physical_database | error=MONGO_URI is not configured.
2026-03-24 19:24:18 | INFO | REQUEST_START | activity=long_jump | age_group=10-13 | age=10 | name=asdf
2026-03-24 19:24:18 | INFO | VIDEO_SAVED | activity=long_jump | trial=1 | video_path=common_backend\uploads\10-13\long_jump\20260324_135418_asdf_trial1_8529cfb5.mp4
2026-03-24 19:24:19 | INFO | VIDEO_SAVED | activity=long_jump | trial=2 | video_path=common_backend\uploads\10-13\long_jump\20260324_135419_asdf_trial2_a9a5f613.mp4
2026-03-24 19:24:19 | INFO | SCORING_PIPELINE_START | activity=long_jump | age_group=10-13 | candidate_id=DC12963962T1
2026-03-24 19:24:32 | INFO | SCORING_PIPELINE_DONE | activity=long_jump | score=6.72 | category=Poor | duration=2.80 | candidate_id=DC12963962T1
2026-03-24 19:24:32 | INFO | SCORING_DONE | activity=long_jump | candidate_id=DC12963962T1 | trial=1 | score=6.72 | category=Poor
2026-03-24 19:24:32 | INFO | SCORING_PIPELINE_START | activity=long_jump | age_group=10-13 | candidate_id=DC12963962T2
2026-03-24 19:24:40 | INFO | SCORING_PIPELINE_DONE | activity=long_jump | score=6.72 | category=Poor | duration=2.80 | candidate_id=DC12963962T2
2026-03-24 19:24:40 | INFO | SCORING_DONE | activity=long_jump | candidate_id=DC12963962T2 | trial=2 | score=6.72 | category=Poor
2026-03-24 19:24:40 | WARNING | MONGO_WRITE_SKIPPED | activity=long_jump | candidate_id=DC12963962 | reason=MONGO_URI is not configured.
2026-03-24 19:24:40 | WARNING | MONGO_SAVE_FAILED | activity=long_jump | candidate_id=DC12963962 | error=MONGO_URI is not configured.
2026-03-24 19:24:40 | INFO | REQUEST_DONE | activity=long_jump | candidate_id=DC12963962 | saved_json=common_backend\results\scores.json
2026-03-24 19:25:16 | INFO | REQUEST_START | activity=sprint_run_20m | age_group=10-13 | age=10 | name=asdfg
2026-03-24 19:25:16 | INFO | VIDEO_SAVED | activity=sprint_run_20m | trial=1 | video_path=common_backend\uploads\10-13\sprint_run_20m\20260324_135516_asdfg_trial1_731b4262.mp4
2026-03-24 19:25:16 | INFO | VIDEO_SAVED | activity=sprint_run_20m | trial=2 | video_path=common_backend\uploads\10-13\sprint_run_20m\20260324_135516_asdfg_trial2_153c73e3.mp4
2026-03-24 19:25:16 | INFO | SCORING_PIPELINE_START | activity=sprint_run_20m | age_group=10-13 | candidate_id=DC5B62AA4DT1
2026-03-24 19:25:22 | INFO | REQUEST_START | activity=high_knee_jump | age_group=10-13 | age=10 | name=aa
2026-03-24 19:25:22 | INFO | VIDEO_SAVED | activity=high_knee_jump | trial=1 | video_path=common_backend\uploads\10-13\high_knee_jump\20260324_135522_aa_trial1_e2c9a799.mp4
2026-03-24 19:25:22 | INFO | SCORING_PIPELINE_START | activity=high_knee_jump | age_group=10-13 | candidate_id=DC8CC1E7E0T1
2026-03-24 19:25:27 | INFO | REQUEST_START | activity=shuttle_run | age_group=10-13 | age=10 | name=A
2026-03-24 19:25:27 | INFO | VIDEO_SAVED | activity=shuttle_run | trial=1 | video_path=common_backend\uploads\10-13\shuttle_run\20260324_135527_A_trial1_4183309b.mp4
2026-03-24 19:25:27 | INFO | VIDEO_SAVED | activity=shuttle_run | trial=2 | video_path=common_backend\uploads\10-13\shuttle_run\20260324_135527_A_trial2_25766d58.mp4
2026-03-24 19:25:27 | INFO | SCORING_PIPELINE_START | activity=shuttle_run | age_group=10-13 | candidate_id=DCA2641A90T1
2026-03-24 19:25:27 | INFO | CONE_DETECTION_STAGE_START | activity=shuttle_run | age_group=10-13 | candidate_id=DCA2641A90T1
2026-03-24 19:25:27 | INFO | SHUTTLE_RUN_INPUT_READ_START | candidate_id=DCA2641A90T1 | age_group=10-13 | video_path=common_backend\uploads\10-13\shuttle_run\20260324_135527_A_trial1_4183309b.mp4
2026-03-24 19:25:27 | INFO | SHUTTLE_RUN_INPUT_READ_DONE | candidate_id=DCA2641A90T1 | duration=14.66
2026-03-24 19:25:27 | INFO | SHUTTLE_RUN_CONE_DETECTION_EXECUTE | candidate_id=DCA2641A90T1 | age_group=10-13
2026-03-24 19:26:02 | INFO | SCORING_PIPELINE_DONE | activity=sprint_run_20m | score=7.57 | category=Below Average | duration=4.10 | candidate_id=DC5B62AA4DT1
2026-03-24 19:26:02 | INFO | SCORING_DONE | activity=sprint_run_20m | candidate_id=DC5B62AA4DT1 | trial=1 | score=7.57 | category=Below Average
2026-03-24 19:26:02 | INFO | SCORING_PIPELINE_START | activity=sprint_run_20m | age_group=10-13 | candidate_id=DC5B62AA4DT2
2026-03-24 19:26:56 | INFO | SCORING_PIPELINE_DONE | activity=sprint_run_20m | score=8.20 | category=Below Average | duration=6.20 | candidate_id=DC5B62AA4DT2
2026-03-24 19:26:56 | INFO | SCORING_DONE | activity=sprint_run_20m | candidate_id=DC5B62AA4DT2 | trial=2 | score=8.2 | category=Below Average
2026-03-24 19:26:56 | WARNING | MONGO_WRITE_SKIPPED | activity=sprint_run_20m | candidate_id=DC5B62AA4D | reason=MONGO_URI is not configured.
2026-03-24 19:26:56 | WARNING | MONGO_SAVE_FAILED | activity=sprint_run_20m | candidate_id=DC5B62AA4D | error=MONGO_URI is not configured.
2026-03-24 19:26:56 | INFO | REQUEST_DONE | activity=sprint_run_20m | candidate_id=DC5B62AA4D | saved_json=common_backend\results\scores.json
2026-03-24 19:27:27 | INFO | SHUTTLE_RUN_SCORE_COMPUTED | candidate_id=DCA2641A90T1 | raw_score=12.00 | adjusted_score=12.00 | category=Average
2026-03-24 19:27:27 | INFO | CONE_DETECTION_STAGE_DONE | activity=shuttle_run | score=12.00 | category=Average | candidate_id=DCA2641A90T1
2026-03-24 19:27:27 | INFO | SCORING_PIPELINE_DONE | activity=shuttle_run | score=12.00 | category=Average | duration=14.66 | candidate_id=DCA2641A90T1
2026-03-24 19:27:27 | INFO | SCORING_DONE | activity=shuttle_run | candidate_id=DCA2641A90T1 | trial=1 | score=12.0 | category=Average
2026-03-24 19:27:27 | INFO | SCORING_PIPELINE_START | activity=shuttle_run | age_group=10-13 | candidate_id=DCA2641A90T2
2026-03-24 19:27:27 | INFO | CONE_DETECTION_STAGE_START | activity=shuttle_run | age_group=10-13 | candidate_id=DCA2641A90T2
2026-03-24 19:27:27 | INFO | SHUTTLE_RUN_INPUT_READ_START | candidate_id=DCA2641A90T2 | age_group=10-13 | video_path=common_backend\uploads\10-13\shuttle_run\20260324_135527_A_trial2_25766d58.mp4
2026-03-24 19:27:27 | INFO | SHUTTLE_RUN_INPUT_READ_DONE | candidate_id=DCA2641A90T2 | duration=14.66
2026-03-24 19:27:27 | INFO | SHUTTLE_RUN_CONE_DETECTION_EXECUTE | candidate_id=DCA2641A90T2 | age_group=10-13
2026-03-24 19:27:30 | INFO | SCORING_PIPELINE_DONE | activity=high_knee_jump | score=1.00 | category=Poor | duration=47.83 | candidate_id=DC8CC1E7E0T1
2026-03-24 19:27:30 | INFO | SCORING_DONE | activity=high_knee_jump | candidate_id=DC8CC1E7E0T1 | trial=1 | score=1.0 | category=Poor
2026-03-24 19:27:30 | WARNING | MONGO_WRITE_SKIPPED | activity=high_knee_jump | candidate_id=DC8CC1E7E0 | reason=MONGO_URI is not configured.
2026-03-24 19:27:30 | WARNING | MONGO_SAVE_FAILED | activity=high_knee_jump | candidate_id=DC8CC1E7E0 | error=MONGO_URI is not configured.
2026-03-24 19:27:30 | INFO | REQUEST_DONE | activity=high_knee_jump | candidate_id=DC8CC1E7E0 | saved_json=common_backend\results\scores.json
2026-03-24 19:28:02 | INFO | SHUTTLE_RUN_SCORE_COMPUTED | candidate_id=DCA2641A90T2 | raw_score=12.00 | adjusted_score=12.00 | category=Average
2026-03-24 19:28:02 | INFO | CONE_DETECTION_STAGE_DONE | activity=shuttle_run | score=12.00 | category=Average | candidate_id=DCA2641A90T2
2026-03-24 19:28:02 | INFO | SCORING_PIPELINE_DONE | activity=shuttle_run | score=12.00 | category=Average | duration=14.66 | candidate_id=DCA2641A90T2
2026-03-24 19:28:02 | INFO | SCORING_DONE | activity=shuttle_run | candidate_id=DCA2641A90T2 | trial=2 | score=12.0 | category=Average
2026-03-24 19:28:02 | WARNING | MONGO_WRITE_SKIPPED | activity=shuttle_run | candidate_id=DCA2641A90 | reason=MONGO_URI is not configured.
2026-03-24 19:28:02 | WARNING | MONGO_SAVE_FAILED | activity=shuttle_run | candidate_id=DCA2641A90 | error=MONGO_URI is not configured.
2026-03-24 19:28:02 | INFO | REQUEST_DONE | activity=shuttle_run | candidate_id=DCA2641A90 | saved_json=common_backend\results\scores.json
2026-03-24 19:34:11 | INFO | REQUEST_START | activity=long_jump | age_group=10-13 | age=10 | name=cv
2026-03-24 19:34:11 | INFO | VIDEO_SAVED | activity=long_jump | trial=1 | video_path=common_backend\uploads\10-13\long_jump\20260324_140411_cv_trial1_d92c4995.mp4
2026-03-24 19:34:11 | INFO | VIDEO_SAVED | activity=long_jump | trial=2 | video_path=common_backend\uploads\10-13\long_jump\20260324_140411_cv_trial2_33492ed1.mp4
2026-03-24 19:34:11 | INFO | SCORING_PIPELINE_START | activity=long_jump | age_group=10-13 | candidate_id=DC5CE29992T1
2026-03-24 19:34:20 | INFO | SCORING_PIPELINE_DONE | activity=long_jump | score=6.72 | category=Poor | duration=2.80 | candidate_id=DC5CE29992T1
2026-03-24 19:34:20 | INFO | SCORING_DONE | activity=long_jump | candidate_id=DC5CE29992T1 | trial=1 | score=6.72 | category=Poor
2026-03-24 19:34:20 | INFO | SCORING_PIPELINE_START | activity=long_jump | age_group=10-13 | candidate_id=DC5CE29992T2
2026-03-24 19:34:28 | INFO | SCORING_PIPELINE_DONE | activity=long_jump | score=6.72 | category=Poor | duration=2.80 | candidate_id=DC5CE29992T2
2026-03-24 19:34:28 | INFO | SCORING_DONE | activity=long_jump | candidate_id=DC5CE29992T2 | trial=2 | score=6.72 | category=Poor
2026-03-24 19:34:28 | WARNING | MONGO_WRITE_SKIPPED | activity=long_jump | candidate_id=DC5CE29992 | reason=MONGO_URI is not configured.
2026-03-24 19:34:28 | WARNING | MONGO_SAVE_FAILED | activity=long_jump | candidate_id=DC5CE29992 | error=MONGO_URI is not configured.
2026-03-24 19:34:28 | INFO | REQUEST_DONE | activity=long_jump | candidate_id=DC5CE29992 | saved_json=common_backend\results\scores.json
2026-03-24 19:36:33 | INFO | MONGO_SCHEMA_INIT_OK | db=FitQuest_Physical_database | created=children,data_storage,high_knee_jump_calculation_variables,high_knee_jump_results,high_knee_jump_video_metadata,long_jump_calculation_variables,long_jump_results,long_jump_video_metadata,shuttle_run_calculation_variables,shuttle_run_results,shuttle_run_video_metadata,sprint_run_20m_calculation_variables,sprint_run_20m_results,sprint_run_20m_video_metadata,users,video_files.chunks,video_files.files
2026-03-24 19:37:24 | INFO | REQUEST_START | activity=long_jump | age_group=10-13 | age=10 | name=sdfg
2026-03-24 19:37:24 | INFO | VIDEO_SAVED | activity=long_jump | trial=1 | video_path=common_backend\uploads\10-13\long_jump\20260324_140724_sdfg_trial1_d7296b13.mp4
2026-03-24 19:37:24 | INFO | VIDEO_SAVED | activity=long_jump | trial=2 | video_path=common_backend\uploads\10-13\long_jump\20260324_140724_sdfg_trial2_3ef85711.mp4
2026-03-24 19:37:24 | INFO | SCORING_PIPELINE_START | activity=long_jump | age_group=10-13 | candidate_id=DC72B6C5CET1
2026-03-24 19:37:37 | INFO | SCORING_PIPELINE_DONE | activity=long_jump | score=6.72 | category=Poor | duration=2.80 | candidate_id=DC72B6C5CET1
2026-03-24 19:37:37 | INFO | SCORING_DONE | activity=long_jump | candidate_id=DC72B6C5CET1 | trial=1 | score=6.72 | category=Poor
2026-03-24 19:37:37 | INFO | SCORING_PIPELINE_START | activity=long_jump | age_group=10-13 | candidate_id=DC72B6C5CET2
2026-03-24 19:37:46 | INFO | SCORING_PIPELINE_DONE | activity=long_jump | score=6.72 | category=Poor | duration=2.80 | candidate_id=DC72B6C5CET2
2026-03-24 19:37:46 | INFO | SCORING_DONE | activity=long_jump | candidate_id=DC72B6C5CET2 | trial=2 | score=6.72 | category=Poor
2026-03-24 19:37:47 | INFO | MONGO_CONNECT_OK | db=FitQuest_Physical_database | activity=long_jump | candidate_id=DC72B6C5CE
2026-03-24 19:37:47 | INFO | MONGO_WRITE_OK | collection=users | candidate_id=DC72B6C5CE
2026-03-24 19:37:47 | INFO | MONGO_WRITE_OK | collection=children | candidate_id=DC72B6C5CE
2026-03-24 19:37:47 | INFO | MONGO_WRITE_OK | collection=long_jump_results | candidate_id=DC72B6C5CE
2026-03-24 19:37:47 | INFO | MONGO_WRITE_OK | collection=long_jump_calculation_variables | candidate_id=DC72B6C5CE
2026-03-24 19:37:47 | INFO | MONGO_WRITE_OK | collection=data_storage | candidate_id=DC72B6C5CE
2026-03-24 19:37:48 | INFO | MONGO_VIDEO_SAVE_OK | activity=long_jump | candidate_id=DC72B6C5CE | count=2
2026-03-24 19:37:48 | INFO | MONGO_SAVE_OK | activity=long_jump | candidate_id=DC72B6C5CE | collections=users,children,long_jump_results,long_jump_calculation_variables,data_storage,video_files,long_jump_video_metadata
2026-03-24 19:37:48 | INFO | REQUEST_DONE | activity=long_jump | candidate_id=DC72B6C5CE | saved_json=common_backend\results\scores.json
2026-03-24 19:42:18 | INFO | MONGO_SCHEMA_INIT_OK | db=FitQuest_Physical_database | created=none
2026-03-24 19:43:10 | INFO | REQUEST_START | activity=long_jump | age_group=10-13 | age=10 | name=kkkkkkkkkkk
2026-03-24 19:43:10 | INFO | VIDEO_SAVED | activity=long_jump | trial=1 | video_path=common_backend\uploads\10-13\long_jump\20260324_141310_kkkkkkkkkkk_trial1_66156e3b.mp4
2026-03-24 19:43:10 | INFO | VIDEO_SAVED | activity=long_jump | trial=2 | video_path=common_backend\uploads\10-13\long_jump\20260324_141310_kkkkkkkkkkk_trial2_d640114c.mp4
2026-03-24 19:43:10 | INFO | SCORING_PIPELINE_START | activity=long_jump | age_group=10-13 | candidate_id=DCF961713AT1
2026-03-24 19:43:24 | INFO | SCORING_PIPELINE_DONE | activity=long_jump | score=6.72 | category=Poor | duration=2.80 | candidate_id=DCF961713AT1
2026-03-24 19:43:24 | INFO | SCORING_DONE | activity=long_jump | candidate_id=DCF961713AT1 | trial=1 | score=6.72 | category=Poor
2026-03-24 19:43:24 | INFO | SCORING_PIPELINE_START | activity=long_jump | age_group=10-13 | candidate_id=DCF961713AT2
2026-03-24 19:43:33 | INFO | SCORING_PIPELINE_DONE | activity=long_jump | score=6.72 | category=Poor | duration=2.80 | candidate_id=DCF961713AT2
2026-03-24 19:43:33 | INFO | SCORING_DONE | activity=long_jump | candidate_id=DCF961713AT2 | trial=2 | score=6.72 | category=Poor
2026-03-24 19:43:34 | INFO | MONGO_CONNECT_OK | db=FitQuest_Physical_database | activity=long_jump | candidate_id=DCF961713A
2026-03-24 19:43:34 | INFO | MONGO_WRITE_OK | collection=users | candidate_id=DCF961713A
2026-03-24 19:43:34 | INFO | MONGO_WRITE_OK | collection=children | candidate_id=DCF961713A
2026-03-24 19:43:34 | INFO | MONGO_WRITE_OK | collection=long_jump_results | candidate_id=DCF961713A
2026-03-24 19:43:34 | INFO | MONGO_WRITE_OK | collection=long_jump_calculation_variables | candidate_id=DCF961713A
2026-03-24 19:43:34 | INFO | MONGO_WRITE_OK | collection=data_storage | candidate_id=DCF961713A
2026-03-24 19:43:35 | INFO | MONGO_VIDEO_SAVE_OK | activity=long_jump | candidate_id=DCF961713A | count=2
2026-03-24 19:43:35 | INFO | MONGO_SAVE_OK | activity=long_jump | candidate_id=DCF961713A | collections=users,children,long_jump_results,long_jump_calculation_variables,data_storage,video_files,long_jump_video_metadata
2026-03-24 19:43:35 | INFO | REQUEST_DONE | activity=long_jump | candidate_id=DCF961713A | saved_json=common_backend\results\scores.json
2026-03-24 19:45:39 | INFO | REQUEST_START | activity=sprint_run_20m | age_group=10-13 | age=10 | name=kkkkkkkkkkk
2026-03-24 19:45:39 | INFO | VIDEO_SAVED | activity=sprint_run_20m | trial=1 | video_path=common_backend\uploads\10-13\sprint_run_20m\20260324_141539_kkkkkkkkkkk_trial1_1775fea9.mp4
2026-03-24 19:45:39 | INFO | VIDEO_SAVED | activity=sprint_run_20m | trial=2 | video_path=common_backend\uploads\10-13\sprint_run_20m\20260324_141539_kkkkkkkkkkk_trial2_2aa87e65.mp4
2026-03-24 19:45:39 | INFO | SCORING_PIPELINE_START | activity=sprint_run_20m | age_group=10-13 | candidate_id=DC92CD8E9FT1
2026-03-24 19:46:16 | INFO | SCORING_PIPELINE_DONE | activity=sprint_run_20m | score=7.57 | category=Below Average | duration=4.10 | candidate_id=DC92CD8E9FT1
2026-03-24 19:46:16 | INFO | SCORING_DONE | activity=sprint_run_20m | candidate_id=DC92CD8E9FT1 | trial=1 | score=7.57 | category=Below Average
2026-03-24 19:46:16 | INFO | SCORING_PIPELINE_START | activity=sprint_run_20m | age_group=10-13 | candidate_id=DC92CD8E9FT2
2026-03-24 19:47:01 | INFO | SCORING_PIPELINE_DONE | activity=sprint_run_20m | score=8.20 | category=Below Average | duration=6.20 | candidate_id=DC92CD8E9FT2
2026-03-24 19:47:01 | INFO | SCORING_DONE | activity=sprint_run_20m | candidate_id=DC92CD8E9FT2 | trial=2 | score=8.2 | category=Below Average
2026-03-24 19:47:01 | INFO | MONGO_CONNECT_OK | db=FitQuest_Physical_database | activity=sprint_run_20m | candidate_id=DC92CD8E9F
2026-03-24 19:47:01 | INFO | MONGO_WRITE_OK | collection=users | candidate_id=DC92CD8E9F
2026-03-24 19:47:02 | INFO | MONGO_WRITE_OK | collection=children | candidate_id=DC92CD8E9F
2026-03-24 19:47:02 | INFO | MONGO_WRITE_OK | collection=sprint_run_20m_results | candidate_id=DC92CD8E9F
2026-03-24 19:47:02 | INFO | MONGO_WRITE_OK | collection=sprint_run_20m_calculation_variables | candidate_id=DC92CD8E9F
2026-03-24 19:47:02 | INFO | MONGO_WRITE_OK | collection=data_storage | candidate_id=DC92CD8E9F
2026-03-24 19:47:03 | INFO | MONGO_VIDEO_SAVE_OK | activity=sprint_run_20m | candidate_id=DC92CD8E9F | count=2
2026-03-24 19:47:03 | INFO | MONGO_SAVE_OK | activity=sprint_run_20m | candidate_id=DC92CD8E9F | collections=users,children,sprint_run_20m_results,sprint_run_20m_calculation_variables,data_storage,video_files,sprint_run_20m_video_metadata
2026-03-24 19:47:03 | INFO | REQUEST_DONE | activity=sprint_run_20m | candidate_id=DC92CD8E9F | saved_json=common_backend\results\scores.json
